sku;product-id;product-id-type;price;quantity;state;update-delete;canon;tipo-iva
10.21.0501;8433281004283;EAN;7,75;13;11;update;0.00;21.00
A138-0296;8436574702958;EAN;8,32;13;11;update;0.00;21.00
A139-0297;8436574702965;EAN;7,70;9;11;update;0.00;21.00
TQE-2510B;8433281000094;EAN;12,48;3;11;update;0.00;21.00
51992;6940533540700;EAN;60,36;35;11;update;0.00;21.00
51912;6940533540571;EAN;135,75;0;11;update;0.00;21.00
52061;6940533541462;EAN;61,17;1;11;update;0.00;21.00
TQE-2522B;8433281007024;EAN;14,09;2;11;update;0.00;21.00
TQE-2527B;8433281006850;EAN;13,28;2;11;update;0.00;21.00
TQE-2530B;8433281006768;EAN;14,09;5;11;update;0.00;21.00
TQE-3527B;8433281006867;EAN;22,50;4;11;update;0.00;21.00
TQE-2524B;8433281007208;EAN;13,76;3;11;update;0.00;21.00
TQE-3520B;8433281006577;EAN;25,77;4;11;update;0.00;21.00
TQC-3005U3;8433281007338;EAN;62,35;3;11;update;0.00;21.00
52082;6940533542193;EAN;61,04;3;11;update;0.00;21.00
TQC-3006DU3C;8433281007871;EAN;65,96;1;11;update;0.00;21.00
CAJCOOT450S-BZ;8436556145124;EAN;84,13;2;11;update;0.00;21.00
COO-PCF800U3-1;8436556142710;EAN;68,83;0;11;update;0.00;21.00
COO-PCF800U3-0;8436556142253;EAN;51,72;1;11;update;0.00;21.00
COO-SCA2523C-B;8436556145391;EAN;20,54;0;11;update;0.00;21.00
52084;6940533542421;EAN;61,49;29;11;update;0.00;21.00
TQE-2528B;8433281008304;EAN;16,35;3;11;update;0.00;21.00
TQE-2528R;8433281008328;EAN;13,82;2;11;update;0.00;21.00
52095;6940533542551;EAN;125,36;58;11;update;0.00;21.00
RACK-406N-USB3;8433281009431;EAN;151,43;0;11;update;0.00;21.00
COO-PCF750-0;8436556148378;EAN;40,17;39;11;update;0.00;21.00
COO-SCT-2533;8436556148361;EAN;14,46;10;11;update;0.00;21.00
TQE-2527BL;8433281009639;EAN;13,13;5;11;update;0.00;21.00
TQE-2527R;8433281009653;EAN;14,09;0;11;update;0.00;21.00
TQE-3531B;8433281009691;EAN;25,49;0;11;update;0.00;21.00
TQE-2550BL;8433281009677;EAN;16,12;7;11;update;0.00;21.00
TQE-2527G;8433281009646;EAN;14,09;5;11;update;0.00;21.00
ASE-2530B;8436574704051;EAN;13,28;3;11;update;0.00;21.00
ASE-3530B;8436574704068;EAN;24,35;5;11;update;0.00;21.00
52088;6940533543411;EAN;53,87;0;11;update;0.00;21.00
TQE-2280B;8433281009912;EAN;23,23;1;11;update;0.00;21.00
TQE-2281G;8433281009929;EAN;18,77;6;11;update;0.00;21.00
ASM2-001B;8436574704433;EAN;26,38;1;11;update;0.00;21.00
ASM2-002G;8436574704440;EAN;27,44;18;11;update;0.00;21.00
ASE-2525B;8436574704457;EAN;13,18;3;11;update;0.00;21.00
ASE-2525BLU;8436574704488;EAN;14,60;11;11;update;0.00;21.00
ASE-2525RED;8436574704495;EAN;14,60;6;11;update;0.00;21.00
CC-9011219-WW;0840006636441;EAN;353,41;0;11;update;0.00;21.00
CC-9011218-WW;0840006636427;EAN;353,41;0;11;update;0.00;21.00
CC-9011227-WW;0840006639459;EAN;386,80;0;11;update;0.00;21.00
CC-9011226-WW;0840006639435;EAN;426,83;0;11;update;0.00;21.00
ASM2-007GRY;8436574704518;EAN;15,46;2;11;update;0.00;21.00
ASM2-008B;8436574704525;EAN;17,30;4;11;update;0.00;21.00
ASE-2532B;8436574704464;EAN;16,54;0;11;update;0.00;21.00
COO-PCT360-2;8436556143748;EAN;71,97;3;11;update;0.00;21.00
52103;6940533544333;EAN;60,73;0;11;update;0.00;21.00
TQE-2527PB;8433281010222;EAN;13,28;8;11;update;0.00;21.00
COO-DGC-A200-0;8436556146930;EAN;87,01;0;11;update;0.00;21.00
ASE-2525GR;8436574705959;EAN;13,43;3;11;update;0.00;21.00
TQE-2221G;8433281011366;EAN;28,10;0;11;update;0.00;21.00
TQE-2222B;8433281011373;EAN;29,41;4;11;update;0.00;21.00
ASM2-RGB013B;8436574706116;EAN;20,75;5;11;update;0.00;21.00
PCA-MPC28-1;8436556140181;EAN;47,72;28;11;update;0.00;21.00
ASM2-014B;8436574706277;EAN;21,19;4;11;update;0.00;21.00
ASM2-015GR;8436574706284;EAN;21,19;10;11;update;0.00;21.00
ASM2-RGB011GR;8436574706369;EAN;22,51;0;11;update;0.00;21.00
ASM2-RGB012B;8436574706376;EAN;22,22;4;11;update;0.00;21.00
ASE-2525BWN;8436574706338;EAN;12,77;8;11;update;0.00;21.00
ASE-2525PB;8436574706345;EAN;13,04;90;11;update;0.00;21.00
ASE-2525SGN;8436574706352;EAN;13,90;0;11;update;0.00;21.00
TQE-2223B;8433281011427;EAN;30,91;0;11;update;0.00;21.00
TQE-2223G;8433281011434;EAN;26,73;2;11;update;0.00;21.00
UK51917;6974560220526;EAN;136,06;98;11;update;0.00;21.00
51915;6940533544647;EAN;175,40;12;11;update;0.00;21.00
UK52106;6974560220519;EAN;46,27;0;11;update;0.00;21.00
52102;6940533543473;EAN;51,94;0;11;update;0.00;21.00
AB812109;6940533545255;EAN;55,61;0;11;update;0.00;21.00
AB812110;6940533545262;EAN;62,40;0;11;update;0.00;21.00
ASM2-019BLU;8436574707540;EAN;25,36;0;11;update;0.00;21.00
TQE-2599RGB;8433281012370;EAN;16,71;7;11;update;0.00;21.00
ASM2-020B;8436574707564;EAN;17,61;0;11;update;0.00;21.00
ASM2-021GR;8436574707571;EAN;18,29;1;11;update;0.00;21.00
ASE-2523B;8436574707618;EAN;12,90;5;11;update;0.00;21.00
COO-PCT310-1;8436556141720;EAN;65,01;21;11;update;0.00;21.00
CM-H71EW-02;5056547203522;EAN;171,04;0;11;update;0.00;21.00
DP-MATX-MATREXX30-SI;6933412714125;EAN;30,71;17;11;update;0.00;21.00
ASM2-022B;8436574707847;EAN;18,06;21;11;update;0.00;21.00
ASM2-023GR;8436574707854;EAN;17,59;5;11;update;0.00;21.00
R-CC360-WHAPM3-G-1;6933412774945;EAN;60,30;36;11;update;0.00;21.00
R-CC360-BKAPM3-G-1;6933412774976;EAN;58,44;0;11;update;0.00;21.00
UK52107;6974560220670;EAN;55,66;0;11;update;0.00;21.00
52090;6940533542285;EAN;60,12;0;11;update;0.00;21.00
DP-MATX-MATREXX30 SI;56902;EAN;35,40;0;11;update;0.00;21.00
DG-CHA-A230-0;8436556142185;EAN;46,10;0;11;update;0.00;21.00
TQE-2200;8433281013209;EAN;26,52;3;11;update;0.00;21.00
R-CH560-WHAPE4-G-1;6933412774907;EAN;101,13;7;11;update;0.00;21.00
R-CH560-WHAPE4D-G-1;6933412774877;EAN;99,46;54;11;update;0.00;21.00
UK52112;6974560220977;EAN;60,45;1;11;update;0.00;21.00
UK52115;6974560220984;EAN;61,56;0;11;update;0.00;21.00
UK511208;6974560220861;EAN;61,08;0;11;update;0.00;21.00
ASE-2524B;8436574707908;EAN;12,91;0;11;update;0.00;21.00
AB812113;6974560222551;EAN;71,08;0;11;update;0.00;21.00
AB812111B;6974560222575;EAN;101,20;5;11;update;0.00;21.00
AB812111W;6974560222674;EAN;102,23;0;11;update;0.00;21.00
TQE-2500B;8433281013544;EAN;11,75;8;11;update;0.00;21.00
TQE-2503G;8433281013551;EAN;13,99;1;11;update;0.00;21.00
CC-9011251-WW;0840006610427;EAN;93,93;0;11;update;0.00;21.00
CC-9011252-WW;0840006610632;EAN;92,78;0;11;update;0.00;21.00
CC-9011255-WW;0840006610854;EAN;118,43;4;11;update;0.00;21.00
CC-9011256-WW;0840006610861;EAN;118,43;0;11;update;0.00;21.00
TQE-2201B;8433281013926;EAN;23,30;1;11;update;0.00;21.00
TQE-2201BL;8433281013933;EAN;23,30;2;11;update;0.00;21.00
TQE-2201R;8433281013940;EAN;23,30;2;11;update;0.00;21.00
TQE-2202BR;8433281013957;EAN;17,30;4;11;update;0.00;21.00
TQE-2202S;8433281013964;EAN;17,30;2;11;update;0.00;21.00
TQC-4701U3C-B;8433281013629;EAN;40,31;11;11;update;0.00;21.00
TQC-4702U3C-B;8433281013636;EAN;32,99;3;11;update;0.00;21.00
TQGCC102-B;8433281013605;EAN;57,90;2;11;update;0.00;21.00
TQGCC103-B;8433281013643;EAN;76,73;2;11;update;0.00;21.00
TQGCC901-B;8433281013612;EAN;71,34;4;11;update;0.00;21.00
COO-PCM580-1;8436556141621;EAN;69,83;0;11;update;0.00;21.00
TQGCC101-B;8433281013568;EAN;59,72;1;11;update;0.00;21.00
TQC-5701U3C-B;8433281013575;EAN;40,65;3;11;update;0.00;21.00
TQC-3007U3C;8433281013582;EAN;61,01;1;11;update;0.00;21.00
TQC-3008U3C;8433281013599;EAN;61,55;0;11;update;0.00;21.00
ASE-2521B;8436574709155;EAN;12,06;0;11;update;0.00;21.00
ASE-2520B;8436574709278;EAN;11,62;8;11;update;0.00;21.00
ASE-2526GR;8436574709391;EAN;12,90;20;11;update;0.00;21.00
52085;6940533542438;EAN;73,14;0;11;update;0.00;21.00
R-MORPHEUS-WHAPA1-G;6933412774754;EAN;148,02;7;11;update;0.00;21.00
UK511303;6974560221158;EAN;53,83;8;11;update;0.00;21.00
R-CH360-WHAPE3-G-1;6933412774709;EAN;59,30;95;11;update;0.00;21.00
CC-9011266-WW;0840006674979;EAN;177,35;0;11;update;0.00;21.00
CC-9011260-WW;0840006664727;EAN;288,51;0;11;update;0.00;21.00
R-CH160-WHNGI0-G-1;6933412774440;EAN;67,66;0;11;update;0.00;21.00
R-PIXEL-YE100-G-1;6933412796732;EAN;9,27;0;11;update;0.00;21.00
R-PIXEL-BU100-G-1;6933412796749;EAN;9,27;0;11;update;0.00;21.00
R-PIXEL-PK100-G-1;6933412796756;EAN;9,27;0;11;update;0.00;21.00
R-PIXEL-TV100-G-1;6933412796763;EAN;9,27;0;11;update;0.00;21.00
R-PIXEL-GY100-G-1;6933412796770;EAN;9,27;0;11;update;0.00;21.00
NXINFTYZETA;8436587974212;EAN;43,36;98;11;update;0.00;21.00
NXINFTYOMEGA;8436532169519;EAN;61,70;0;11;update;0.00;21.00
NXINFTYEPSILON;8436587974205;EAN;49,33;0;11;update;0.00;21.00
NXINFTYGAMMA;8436587974021;EAN;69,12;0;11;update;0.00;21.00
NXHUMMERVSNBK;8436587974625;EAN;47,97;2;11;update;0.00;21.00
NXHUMMERVSNWH;8436587974632;EAN;45,94;0;11;update;0.00;21.00
NXHUMMERTGM;8436532169502;EAN;82,29;0;11;update;0.00;21.00
NXHUMMERBLASTER;8436587971327;EAN;82,96;0;11;update;0.00;21.00
NXHUMMERASTRAWH;8436587973963;EAN;104,65;0;11;update;0.00;21.00
NXHUMMERASTRABK;8436587973956;EAN;160,10;0;11;update;0.00;21.00
CS-HYTE-Y40-WW;1220000350502;EAN;109,80;3;11;update;0.00;21.00
ASM2-006GRY;8436574709674;EAN;14,25;0;11;update;0.00;21.00
ASM2-024B;8436574709681;EAN;18,06;77;11;update;0.00;21.00
ASM2-025SL;8436574709698;EAN;18,06;7;11;update;0.00;21.00
ASM2-026BLU;8436574709704;EAN;18,06;13;11;update;0.00;21.00
ASM2-027RED;8436574709711;EAN;18,06;21;11;update;0.00;21.00
AB123011;6974560222995;EAN;69,65;0;11;update;0.00;21.00
AB123012;6974560223343;EAN;103,48;0;11;update;0.00;21.00
AB123013;6974560223626;EAN;111,23;0;11;update;0.00;21.00
AB123014;6974560225798;EAN;91,57;2;11;update;0.00;21.00
AB123015;6974560225866;EAN;86,09;0;11;update;0.00;21.00
AB123511;6974560223206;EAN;143,17;0;11;update;0.00;21.00
AB123512;6974560223275;EAN;143,17;0;11;update;0.00;21.00
AB128512;6974560225514;EAN;102,48;6;11;update;0.00;21.00
ASE-2522B;8436574709162;EAN;12,49;0;11;update;0.00;21.00
ASM2-028B;8436574709896;EAN;18,06;0;11;update;0.00;21.00
ASM2-029GR;8436574709902;EAN;18,06;10;11;update;0.00;21.00
PCC-MPC45-1;8437012429550;EAN;38,35;50;11;update;0.00;21.00
NXHUMMERVAULT;8436587971778;EAN;88,19;0;11;update;0.00;21.00
ASE-2541B;8435739901182;EAN;13,03;27;11;update;0.00;21.00
ASE-2542B;8435739901199;EAN;12,76;3;11;update;0.00;21.00
NXHUMMERHORUS;8436587972706;EAN;83,90;0;11;update;0.00;21.00
UK511210;8436617920332;EAN;55,55;0;11;update;0.00;21.00
UK113021;8436617920264;EAN;49,22;0;11;update;0.00;21.00
COO-MCM-M2F;8437012429277;EAN;29,34;3;11;update;0.00;21.00
NXHUMMERPLASMA;8436587974885;EAN;80,41;0;11;update;0.00;21.00
COO-PCM440-0C;8436556141430;EAN;39,45;0;11;update;0.00;21.00
COO-PCM440-1;8436556144127;EAN;49,85;5;11;update;0.00;21.00
VK-CASE02LITE;5298003820991;EAN;135,91;0;11;update;0.00;21.00
VK-CASE02LITEW;5298003821011;EAN;135,91;2;11;update;0.00;21.00
CC-9011298-WW;0840440487739;EAN;381,82;1;11;update;0.00;21.00
CC-9011299-WW;0840440487746;EAN;363,55;0;11;update;0.00;21.00
CC-9011300-WW;0840440487753;EAN;245,44;0;11;update;0.00;21.00
CC-9011301-WW;0840440487760;EAN;245,29;0;11;update;0.00;21.00
CC-9011273-WW;0840006682172;EAN;624,70;3;11;update;0.00;21.00
CC-9011274-WW;0840006682189;EAN;702,15;0;11;update;0.00;21.00
CC-9011291-WW;0840440485568;EAN;113,38;39;11;update;0.00;21.00
CC-9011296-WW;0840440487715;EAN;137,75;0;11;update;0.00;21.00
CC-9011297-WW;0840440487722;EAN;146,50;0;11;update;0.00;21.00
R-CG530-BKADA4-G-1;6933412765158;EAN;78,50;283;11;update;0.00;21.00
R-CG530-WHADA4-G-1;6933412765165;EAN;82,07;77;11;update;0.00;21.00
51916;6940533542803;EAN;82,43;0;11;update;0.00;21.00
UK80.40.630;6974560221233;EAN;499,25;3;11;update;0.00;21.00
UK51918;6974560221219;EAN;260,04;0;11;update;0.00;21.00
80.10.04;6940533543428;EAN;184,86;0;11;update;0.00;21.00
80.20.12;6940533545057;EAN;278,96;0;11;update;0.00;21.00
UK80.20.08G3;6974560221011;EAN;336,60;0;11;update;0.00;21.00
80.30.16;6940533544241;EAN;415,17;0;11;update;0.00;21.00
80.40.24;6940533545064;EAN;496,14;0;11;update;0.00;21.00
80.40.20;6940533544258;EAN;529,72;0;11;update;0.00;21.00
52092;6940533542537;EAN;37,18;3;11;update;0.00;21.00
52117;6940533545040;EAN;82,04;0;11;update;0.00;21.00
52101;6940533543466;EAN;53,62;0;11;update;0.00;21.00
UK113011;8436617920257;EAN;55,48;8;11;update;0.00;21.00
UK121801;8436617920615;EAN;62,98;0;11;update;0.00;21.00
UK121802;8436617920622;EAN;63,85;0;11;update;0.00;21.00
AB123018;8436617920400;EAN;101,20;0;11;update;0.00;21.00
AB130211;8436617920233;EAN;286,99;0;11;update;0.00;21.00
AB130212;8436617920240;EAN;266,28;0;11;update;0.00;21.00
COO-CHA-MP1-0;8436556143083;EAN;76,09;0;11;update;0.00;21.00
ASE-2519B;8435739902134;EAN;12,29;39;11;update;0.00;21.00
ASE-2527B;8435739902141;EAN;12,72;0;11;update;0.00;21.00
ASE-2528B;8435739902158;EAN;12,99;22;11;update;0.00;21.00
ASE-2529B;8435739902165;EAN;13,10;34;11;update;0.00;21.00
COO-CHA-GA250-0;8436556143113;EAN;77,41;1;11;update;0.00;21.00
COO-CHA-GM100-0;8436556143106;EAN;67,24;1;11;update;0.00;21.00
ASE-3529B;8435739902417;EAN;23,20;0;11;update;0.00;21.00
EXCS-PL-100C-B;6977277360080;EAN;41,67;0;11;update;0.00;21.00
EXCS-PL-100C-W;6977277360097;EAN;41,67;5;11;update;0.00;21.00
EXCS-PL-100R-B;6977277364477;EAN;53,96;20;11;update;0.00;21.00
EXCS-PL-100R-W;6977277360004;EAN;53,96;7;11;update;0.00;21.00
EXCS-PL-600C-B;6977277360103;EAN;50,66;0;11;update;0.00;21.00
EXCS-PL-600C-W;6977277360110;EAN;50,66;0;11;update;0.00;21.00
EXCS-PL-600R-B;6977277360141;EAN;61,51;0;11;update;0.00;21.00
EXCS-PL-600R-W;6977277360165;EAN;61,71;0;11;update;0.00;21.00
EXCS-PL-800C-B;6977277360134;EAN;82,91;0;11;update;0.00;21.00
EXCS-PL-800C-W;6977277360042;EAN;82,91;0;11;update;0.00;21.00
EXCS-PL-800R-B;6977277360059;EAN;111,86;32;11;update;0.00;21.00
EXCS-PL-800R-W;6977277360226;EAN;110,75;3;11;update;0.00;21.00
EXCS-PM-400C-B;6977277363685;EAN;64,71;0;11;update;0.00;21.00
EXCS-PM-400C-W;6977277368932;EAN;64,71;0;11;update;0.00;21.00
EXCS-PM-400R-W;6977277361254;EAN;73,23;123;11;update;0.00;21.00
EXCS-PM-400R-B;6977277363654;EAN;73,22;127;11;update;0.00;21.00
EXCS-PR-500R-B;6977277367256;EAN;70,96;0;11;update;0.00;21.00
EXCS-PR-500R-W;6977277369151;EAN;70,96;39;11;update;0.00;21.00
EXCS-PR-700R-B;6977277369816;EAN;81,23;20;11;update;0.00;21.00
EXCS-PR-700R-W;6977277361568;EAN;81,22;46;11;update;0.00;21.00
EXCS-PR-800R-B;6977277361148;EAN;112,22;3;11;update;0.00;21.00
EXCS-PR-800R-W;6977277365900;EAN;112,22;0;11;update;0.00;21.00
EXCS-PR-800C-B;6977277366693;EAN;82,99;0;11;update;0.00;21.00
EXCS-PR-800C-W;6977277362213;EAN;82,99;0;11;update;0.00;21.00
EXCS-ZM-800R-W;6977277364712;EAN;114,12;0;11;update;0.00;21.00
EXCS-ZM-800R-B;6977277368963;EAN;113,33;1;11;update;0.00;21.00
28300-C500B-1CKR;4719331555023;EAN;110,45;0;11;update;0.00;21.00
28300-C500W-1CKR;4719331555030;EAN;136,64;1;11;update;0.00;21.00
EXAC-PL-6050-B;6977277360172;EAN;19,38;6;11;update;0.00;21.00
EXAC-PL-6050-W;6977277360189;EAN;19,38;5;11;update;0.00;21.00
R-CH260-BKNGM0-G-1;6933412765233;EAN;68,40;17;11;update;0.00;21.00
R-CH260-WHNGM0-G-1;6933412765240;EAN;73,02;8;11;update;0.00;21.00
R-CH690-BKNNA0D-G-1;6933412774037;EAN;105,30;0;11;update;0.00;21.00
R-CH690-WHNNA0D-G-1;6933412774020;EAN;115,99;19;11;update;0.00;21.00
CC-9011307-WW;0840440491279;EAN;167,90;0;11;update;0.00;21.00
CC-9011308-WW;0840440491286;EAN;179,96;3;11;update;0.00;21.00
CC-9011309-WW;0840440491293;EAN;199,70;0;11;update;0.00;21.00
CC-9011310-WW;0840440491309;EAN;214,14;2;11;update;0.00;21.00
AB125801;8436617920639;EAN;146,19;0;11;update;0.00;21.00
UK52118;8436617920059;EAN;79,97;0;11;update;0.00;21.00
UK52110V2;8436617921018;EAN;36,93;7;11;update;0.00;21.00
COO-CHA-GE2000-0;8436624420955;EAN;104,25;2;11;update;0.00;21.00
COO-SCA2550-UA;8436624420351;EAN;13,57;0;11;update;0.00;21.00
COO-PCT313-1;8436624420627;EAN;56,17;0;11;update;0.00;21.00
COO-PCT313-BZ;8436624420634;EAN;71,44;0;11;update;0.00;21.00
COO-SCA2540-UA;8436624420221;EAN;13,12;19;11;update;0.00;21.00
COO-CHA-GA450B-0;8436624420672;EAN;59,44;7;11;update;0.00;21.00
COO-CHA-GA450W-0;8436624420696;EAN;57,03;23;11;update;0.00;21.00
COO-CHA-GA300B-0;8436624420665;EAN;75,07;0;11;update;0.00;21.00
COO-CHA-GA300W-0;8436624420689;EAN;70,40;4;11;update;0.00;21.00
28300-C201W-1CKR;4719331555849;EAN;86,34;18;11;update;0.00;21.00
28300-C201B-1CKR;4719331555832;EAN;79,44;6;11;update;0.00;21.00
EXCS-PM-150R-B;6977277360400;EAN;53,96;11;11;update;0.00;21.00
EXCS-PM-150R-W;6977277360417;EAN;53,96;10;11;update;0.00;21.00
ASE-3535B;8435739903087;EAN;24,06;3;11;update;0.00;21.00
UK80.15.42;8436617921162;EAN;465,20;0;11;update;0.00;21.00
R-ECASEFREE-BKNNM0-G;6933412796930;EAN;30,35;12;11;update;0.00;21.00
UK121803;8436617921124;EAN;76,09;0;11;update;0.00;21.00
UK121804;8436617921100;EAN;67,28;7;11;update;0.00;21.00
UK121805;8436617921308;EAN;61,07;6;11;update;0.00;21.00
R-CG580-BKADA4-G-2;6933412765394;EAN;107,03;37;11;update;0.00;21.00
R-CG580-WHADA4-G-2;6933412765400;EAN;109,98;16;11;update;0.00;21.00
R-MATREXX55-BCAGA4;6933412774334;EAN;87,90;119;11;update;0.00;21.00
UK52125;8436617921360;EAN;46,82;0;11;update;0.00;21.00
UK180260;8436617921384;EAN;36,30;0;11;update;0.00;21.00
AB123533;8436617921506;EAN;85,13;5;11;update;0.00;21.00
COO-PCM640C-0;8436624422270;EAN;33,04;3;11;update;0.00;21.00
COO-PCM640C-1;8436624422287;EAN;49,39;2;11;update;0.00;21.00
COO-PCF750-1;8436556148545;EAN;65,91;9;11;update;0.00;21.00
COO-CHA-MP1B-0;8436624420214;EAN;75,81;5;11;update;0.00;21.00
COO-CHA-GM220B-0;8436624420733;EAN;49,62;0;11;update;0.00;21.00
COO-CHA-GM200B-0;8436624420702;EAN;41,13;3;11;update;0.00;21.00
COO-CHA-GM200W-0;8436624420719;EAN;39,14;1;11;update;0.00;21.00
COO-PCM500-0;8436556145421;EAN;6,72;0;11;update;0.00;21.00
COO-PCM550C-1;8437012429703;EAN;53,41;2;11;update;0.00;21.00
COO-PCA850-0;8436624420191;EAN;60,78;0;11;update;0.00;21.00
COO-PCT310-BZ;8436556148019;EAN;85,13;2;11;update;0.00;21.00
COO-PCT370-1;8436624420641;EAN;66,56;5;11;update;0.00;21.00
COO-PCT370-BZ;8436624420658;EAN;72,78;0;11;update;0.00;21.00
COO-SCG2543-8;8436556140556;EAN;17,17;3;11;update;0.00;21.00
COO-MCM-NVSA;8436624421013;EAN;21,12;1;11;update;0.00;21.00
CC-9011312-WW;0840440496571;EAN;124,80;13;11;update;0.00;21.00
CC-9011313-WW;0840440496588;EAN;124,80;0;11;update;0.00;21.00
CC-9011314-WW;0840440402770;EAN;211,81;9;11;update;0.00;21.00
CC-9011315-WW;0840440402787;EAN;211,81;0;11;update;0.00;21.00
CC-9011316-WW;0840440402794;EAN;265,71;11;11;update;0.00;21.00
CC-9011317-WW;0840440402800;EAN;265,71;0;11;update;0.00;21.00
CC-9011318-WW;0840440406556;EAN;295,66;0;11;update;0.00;21.00
CC-9011319-WW;0840440406563;EAN;295,66;0;11;update;0.00;21.00
CC-9011320-WW;0840440406570;EAN;406,19;19;11;update;0.00;21.00
CC-9011321-WW;0840440406587;EAN;349,57;0;11;update;0.00;21.00
CC-9011322-WW;0840440407096;EAN;151,90;6;11;update;0.00;21.00
CC-9011323-WW;0840440407102;EAN;151,90;0;11;update;0.00;21.00
CC-9011324-WW;0840440407119;EAN;211,81;16;11;update;0.00;21.00
CC-9011325-WW;0840440407126;EAN;211,81;1;11;update;0.00;21.00
EXCS-PR-51DR-B;6977277360066;EAN;71,91;34;11;update;0.00;21.00
EXCS-PR-51DR-W;6977277360028;EAN;71,91;25;11;update;0.00;21.00
EXCS-SM-51DR-B;6977277360011;EAN;67,18;14;11;update;0.00;21.00
EXCS-SM-51DR-W;6977277360073;EAN;67,18;0;11;update;0.00;21.00
AB123533W;8436617921513;EAN;89,54;4;11;update;0.00;21.00
COO-PCM680-1;8436624423246;EAN;50,19;5;11;update;0.00;21.00
COO-PCA780-1;8436624423888;EAN;55,65;6;11;update;0.00;21.00
R-CG530U-BKAGA4-G;6933412765592;EAN;98,06;46;11;update;0.00;21.00
R-CG530U-WHAGA4-G;6933412765608;EAN;99,92;13;11;update;0.00;21.00
R-CG330-WHNGM3-G;6933412765509;EAN;69,48;8;11;update;0.00;21.00
R-CG330-BKNGM3-G;6933412765493;EAN;70,98;38;11;update;0.00;21.00
R-CG380-WHAGM3-G;6933412765462;EAN;65,07;8;11;update;0.00;21.00
R-CG380-BKAGM3-G;6933412765455;EAN;65,07;38;11;update;0.00;21.00
COO-PCT100-0;8436624423222;EAN;33,38;6;11;update;0.00;21.00
COO-PCM460-0;8436624423307;EAN;35,62;3;11;update;0.00;21.00
COO-PCM460-1;8436624423314;EAN;52,45;0;11;update;0.00;21.00
COO-PCA780-2;8436624423895;EAN;79,85;0;11;update;0.00;21.00
COO-PCA780-3;8436624423901;EAN;73,66;0;11;update;0.00;21.00
COO-FA500B-BKB;8436556148330;EAN;22,98;38;11;update;0.00;21.00
COO-FA500E85;8437013799713;EAN;48,30;0;11;update;0.00;21.00
51991;6940533540595;EAN;35,33;0;11;update;0.00;21.00
52014;6940533541271;EAN;31,71;0;11;update;0.00;21.00
52011;6940533541240;EAN;39,17;18;11;update;0.00;21.00
COO-FA300SBZ;8436556140624;EAN;39,55;0;11;update;0.00;21.00
COO-FA500SGR;8436556140617;EAN;30,62;0;11;update;0.00;21.00
TQEP-500SSE;8433281007109;EAN;29,54;6;11;update;0.00;21.00
TQEP-500SSE-O;8433281007192;EAN;27,17;3;11;update;0.00;21.00
COO-FA300TBZ;8436556140648;EAN;40,34;8;11;update;0.00;21.00
COO-FA500TGR;8436556140631;EAN;30,93;2;11;update;0.00;21.00
52038;6940533541929;EAN;45,38;0;11;update;0.00;21.00
TQXGEII-800SAP;8433281007604;EAN;85,69;6;11;update;0.00;21.00
52002;6940533541646;EAN;40,29;0;11;update;0.00;21.00
COO-PWEP500-85S;8436556145322;EAN;43,54;27;11;update;0.00;21.00
DG-PWS650-85B;8436556145339;EAN;58,64;11;11;update;0.00;21.00
DG-PWS800-85B;8436556145346;EAN;61,99;0;11;update;0.00;21.00
TQEP-500S-SFX;8433281007376;EAN;28,61;0;11;update;0.00;21.00
52099;6940533542759;EAN;24,14;51;11;update;0.00;21.00
52017;6940533542773;EAN;26,14;0;11;update;0.00;21.00
TQEP-500S-INT;8433281007277;EAN;28,75;1;11;update;0.00;21.00
TQEP-TFX500S-O;8433281007321;EAN;32,77;6;11;update;0.00;21.00
52500;6940533544357;EAN;53,76;0;11;update;0.00;21.00
TQAPOLO-600SP;8433281010284;EAN;47,22;0;11;update;0.00;21.00
TQAPOLO-750SP;8433281010314;EAN;57,09;0;11;update;0.00;21.00
COO-FA500-AGLD;8436556143724;EAN;78,12;0;11;update;0.00;21.00
TQAPOLO-500SP;8433281010260;EAN;36,45;0;11;update;0.00;21.00
TQAPOLO-700SP;8433281010307;EAN;51,37;1;11;update;0.00;21.00
TQAPOLO-650SP;8433281010291;EAN;51,14;1;11;update;0.00;21.00
AB53004;6940533545170;EAN;206,59;0;11;update;0.00;21.00
CP-9020259-EU;0840006697305;EAN;290,49;0;11;update;0.00;21.00
UK212501;6974560220830;EAN;50,66;0;11;update;0.00;21.00
UK212601;6974560220847;EAN;51,61;0;11;update;0.00;21.00
UK212701;6974560220854;EAN;59,57;67;11;update;0.00;21.00
UKPSU1U40003;6940533543152;EAN;65,66;0;11;update;0.00;21.00
CP-9020277-EU;0840006670773;EAN;79,74;0;11;update;0.00;21.00
CP-9020278-EU;0840006670896;EAN;78,86;12;11;update;0.00;21.00
CP-9020279-EU;0840006671015;EAN;85,90;33;11;update;0.00;21.00
DG-PWS850-MGL5;8436556142970;EAN;117,88;3;11;update;0.00;21.00
CP-9020273-EU;0840006668015;EAN;172,14;0;11;update;0.00;21.00
CP-9020276-EU;0840006668688;EAN;267,40;0;11;update;0.00;21.00
NXURVX650BZ;8436532166952;EAN;73,84;0;11;update;0.00;21.00
NXURVX750BZ;8436532166969;EAN;86,04;0;11;update;0.00;21.00
NXHM650BZ;8436532162206;EAN;81,82;0;11;update;0.00;21.00
AB211001;8436617920134;EAN;154,01;5;11;update;0.00;21.00
AB218501;8436617920110;EAN;121,05;15;11;update;0.00;21.00
GP-P650G;4719331553753;EAN;67,34;0;11;update;0.00;21.00
CP-9020285-EU;0840006676850;EAN;167,79;2;11;update;0.00;21.00
CP-9020270-EU;0840006667445;EAN;187,13;5;11;update;0.00;21.00
CP-9020271-EU;0840006667636;EAN;228,40;0;11;update;0.00;21.00
CP-9020284-EU;0840006676300;EAN;191,55;2;11;update;0.00;21.00
CP-9020256-EU;0840006663287;EAN;216,38;10;11;update;0.00;21.00
CP-9020257-EU;0840006663379;EAN;245,63;4;11;update;0.00;21.00
R-PL750D-FC0B-EU-V2;6933412721338;EAN;82,25;24;11;update;0.00;21.00
UK210551;8436617920325;EAN;39,59;0;11;update;0.00;21.00
NXHUMMER750XGD;8436587975097;EAN;119,51;1;11;update;0.00;21.00
NXHUMMER850XGD;8436587975103;EAN;147,57;0;11;update;0.00;21.00
CP-9020295-EU;0840006691082;EAN;150,62;0;11;update;0.00;21.00
CP-9020296-EU;0840006691204;EAN;163,71;0;11;update;0.00;21.00
CP-9020297-EU;0840006691327;EAN;205,59;12;11;update;0.00;21.00
UKPSU1U40004;6940533544630;EAN;61,73;0;11;update;0.00;21.00
UKPSU2U600W;6940533543152;EAN;76,36;0;11;update;0.00;21.00
PSUCRPS1200WR;6974560220748;EAN;708,76;0;11;update;0.00;21.00
PSUCRPS2000WR;8436617920486;EAN;1031,57;0;11;update;0.00;21.00
52004V2;6974560221684;EAN;43,47;0;11;update;0.00;21.00
UK212702;6974560220823;EAN;58,29;0;11;update;0.00;21.00
UK521203;6974560220250;EAN;80,32;0;11;update;0.00;21.00
UK521204;6974560220038;EAN;84,95;0;11;update;0.00;21.00
UK521205;6974560220274;EAN;115,34;0;11;update;0.00;21.00
90-UXS100-GFEABA;4710483949180;EAN;162,87;0;11;update;0.00;21.00
COO-FACPO-750;8436556143052;EAN;60,31;9;11;update;0.00;21.00
COO-FACPO-650;8436556143045;EAN;55,42;7;11;update;0.00;21.00
COO-FAPW3-650;8436556143014;EAN;48,13;2;11;update;0.00;21.00
COO-FAPW3-750;8436556143021;EAN;53,46;3;11;update;0.00;21.00
COO-FAPW3-850;8436556143038;EAN;55,42;4;11;update;0.00;21.00
CP-9020302-EU;0840440485735;EAN;96,71;1;11;update;0.00;21.00
CP-9020258-EU;0840006696261;EAN;251,21;3;11;update;0.00;21.00
CP-9020292-EU;0840006686873;EAN;151,55;0;11;update;0.00;21.00
CP-9020293-EU;0840006687078;EAN;165,60;34;11;update;0.00;21.00
CP-9020294-EU;0840006687276;EAN;198,19;4;11;update;0.00;21.00
CP-9020307-EU;0840440495161;EAN;334,77;0;11;update;0.00;21.00
CP-9020309-EU;0840440495901;EAN;382,70;1;11;update;0.00;21.00
EXPS-XL1-550-BK;6977277369311;EAN;56,40;38;11;update;0.00;21.00
EXPS-XL1-650-BK;6977277361230;EAN;58,26;0;11;update;0.00;21.00
EXPS-XL1-750-BK;6977277363678;EAN;63,36;0;11;update;0.00;21.00
EXPS-NL1-100-BK;6977277368321;EAN;141,66;7;11;update;0.00;21.00
EXPS-NL1-750-BK;6977277366716;EAN;122,23;0;11;update;0.00;21.00
EXPS-NL1-850-BK;6977277368741;EAN;120,10;0;11;update;0.00;21.00
AB226501;8436617920561;EAN;67,05;2;11;update;0.00;21.00
TQAPOLO-550SP;8433281010277;EAN;39,50;4;11;update;0.00;21.00
GP-P650SS/PSU;4719331554095;EAN;60,04;13;11;update;0.00;21.00
EXPS-XL5-750-BK;6977277367744;EAN;78,02;0;11;update;0.00;21.00
EXPS-XL5-850-BK;6977277362657;EAN;88,27;0;11;update;0.00;21.00
CP-9020298-EU;0840006677697;EAN;167,74;0;11;update;0.00;21.00
CP-9020299-EU;0840006677284;EAN;185,35;2;11;update;0.00;21.00
CP-9020300-EU;0840440485056;EAN;217,10;2;11;update;0.00;21.00
CP-9020265-EU;0840006602392;EAN;286,79;1;11;update;0.00;21.00
CP-9020267-EU;0840006602538;EAN;354,88;5;11;update;0.00;21.00
CP-9020269-EU;0840006602675;EAN;364,49;0;11;update;0.00;21.00
GP-UD750GM PG5 V2;4719331555870;EAN;103,07;23;11;update;0.00;21.00
GP-P650G PG5;4719331556785;EAN;64,97;0;11;update;0.00;21.00
GP-UD1000GMPG5V2;4719331556112;EAN;130,26;23;11;update;0.00;21.00
TQHELIOS-650SP;8433281016323;EAN;52,13;0;11;update;0.00;21.00
TQHELIOS-750SP;8433281016330;EAN;51,95;0;11;update;0.00;21.00
TQHELIOS-850SP;8433281016347;EAN;58,51;3;11;update;0.00;21.00
COO-FAPW2-750;8437012429307;EAN;61,26;0;11;update;0.00;21.00
GP-UD750GMPG5;4719331556310;EAN;116,05;11;11;update;0.00;21.00
ASPC-500ATX-SEO;8435739904053;EAN;24,86;0;11;update;0.00;21.00
ASPC-500SFX-SEO;8435739904060;EAN;25,07;2;11;update;0.00;21.00
ASPC-500TFX-SEO;8435739904077;EAN;28,21;0;11;update;0.00;21.00
GP-P750BS/PSU;4719331555238;EAN;66,84;37;11;update;0.00;21.00
28200-U85GB-1CEUR;4719331555993;EAN;117,05;35;11;update;0.00;21.00
UK213850;8436617921407;EAN;87,93;3;11;update;0.00;21.00
CP-9020312-EU;0840440497424;EAN;608,77;0;11;update;0.00;21.00
COO-FAPW3-550;8436624423239;EAN;39,22;8;11;update;0.00;21.00
GP-P550SS;4719331554187;EAN;50,81;12;11;update;0.00;21.00
NXURPRO550BZ;8436587975561;EAN;54,33;6;11;update;0.00;21.00
NXURPRO550BZWH;8436587976056;EAN;50,18;0;11;update;0.00;21.00
NXURPRO650BZ;8436587975554;EAN;57,77;0;11;update;0.00;21.00
NXURPRO650BZWH;8436587976049;EAN;58,37;7;11;update;0.00;21.00
COO-FA550SGR;8436624423482;EAN;7,26;0;11;update;0.00;21.00
COO-FA550TGR;8436624423499;EAN;7,26;0;11;update;0.00;21.00
KVR16LS11/4;0740617219784;EAN;46,45;1;11;update;0.00;21.00
KVR16LS11/8;0740617219791;EAN;75,06;55;11;update;0.00;21.00
CMK16GX4M2B3200C16;0843591070454;EAN;168,32;0;11;update;0.00;21.00
CMSO8GX4M1A2133C15;0843591067379;EAN;33,84;0;11;update;0.00;21.00
CT8G4SFS824A;0649528776334;EAN;26,94;0;11;update;0.00;21.00
CMK8GX4M1D3000C16;0843591077927;EAN;28,17;0;11;update;0.00;21.00
CMK8GX4M1E3200C16;0840006608622;EAN;27,12;0;11;update;0.00;21.00
CMK32GX4M2D3000C16;0843591077569;EAN;246,50;0;11;update;0.00;21.00
CT8G4DFRA32A;0649528903549;EAN;90,99;4;11;update;0.00;21.00
CT16G4DFRA32A;0649528903624;EAN;172,48;5;11;update;0.00;21.00
CMH16GX4M2E3200C16;0840006632009;EAN;190,34;7;11;update;0.00;21.00
CMH32GX4M2E3200C16;0840006632092;EAN;335,26;0;11;update;0.00;21.00
CT8G4SFRA32A;0649528903525;EAN;87,46;0;11;update;0.00;21.00
CT16G4SFRA32A;0649528903600;EAN;163,25;45;11;update;0.00;21.00
CT8G48C40U5;0649528905611;EAN;112,82;0;11;update;0.00;21.00
CT16G48C40U5;0649528905628;EAN;280,74;27;11;update;0.00;21.00
CT32G48C40U5;0649528905635;EAN;315,59;0;11;update;0.00;21.00
KF432C16BB/8;0740617319910;EAN;103,11;3;11;update;0.00;21.00
KF432C16BB/16;0740617319859;EAN;182,04;8;11;update;0.00;21.00
CMK16GX5M1B5200C40;0840006663164;EAN;83,95;0;11;update;0.00;21.00
KF552C40BB-16;0740617324372;EAN;271,51;20;11;update;0.00;21.00
KF552C40BBK2-32;0740617324358;EAN;515,09;19;11;update;0.00;21.00
KVR26N19D8/16;0740617270891;EAN;111,11;0;11;update;0.00;21.00
CT32G4SFD832A;0649528822499;EAN;271,58;0;11;update;0.00;21.00
CMSX8GX4M1A2400C16;0843591067362;EAN;43,97;0;11;update;0.00;21.00
KVR32N22D8/32;0740617305975;EAN;351,03;0;11;update;0.00;21.00
KF432C16BB/32;0740617319828;EAN;321,23;0;11;update;0.00;21.00
CT32G4DFD832A;0649528822475;EAN;302,97;29;11;update;0.00;21.00
V7106004GBS-SR;5050914992286;EAN;20,08;0;11;update;0.00;21.00
CT16G48C40S5;0649528906526;EAN;254,72;0;11;update;0.00;21.00
CMK16GX5M2B5200C40;0840006666745;EAN;314,55;4;11;update;0.00;21.00
KVR32S22S8/8;0740617296099;EAN;86,12;3;11;update;0.00;21.00
TF4D416G3600HC18JDC;0765441651760;EAN;59,98;0;11;update;0.00;21.00
CMK32GX5M2E6000Z36;0840006679707;EAN;521,86;0;11;update;0.00;21.00
CMH32GX5M2E6000Z36;0840006679653;EAN;508,98;0;11;update;0.00;21.00
CMK64GX5M2B5600C40;0840006661306;EAN;890,21;0;11;update;0.00;21.00
CMH32GX5M2B6000Z30K;0840006600107;EAN;192,62;0;11;update;0.00;21.00
CMK64GX5M2B6400C32;0840006661788;EAN;307,95;0;11;update;0.00;21.00
CMK32GX5M1B5200C40;0840006693628;EAN;101,97;0;11;update;0.00;21.00
KVR32N22S8/8;0740617296068;EAN;95,89;6;11;update;0.00;21.00
KVR32N22D8/16;0740617296051;EAN;187,45;6;11;update;0.00;21.00
KF436C18BBK2/64;0740617319729;EAN;326,68;0;11;update;0.00;21.00
CT16G56C46U5;0649528929730;EAN;267,66;0;11;update;0.00;21.00
SP008GBLFU320X02;4713436144090;EAN;94,55;0;11;update;0.00;21.00
KCP432NS8/16;0740617311488;EAN;198,38;0;11;update;0.00;21.00
KF556C40BB-16;0740617325713;EAN;286,04;2;11;update;0.00;21.00
KCP556SS8-16;0740617335002;EAN;187,68;0;11;update;0.00;21.00
KCP556US8-16;0740617334357;EAN;104,61;0;11;update;0.00;21.00
KF552C40BB-32;0740617326543;EAN;324,92;0;11;update;0.00;21.00
BL.9BWWR.374;6955914619746;EAN;547,86;0;11;update;0.00;21.00
BL.9BWWR.432;6955914621176;EAN;480,96;51;11;update;0.00;21.00
BL.9BWWR.652;6955914638990;EAN;494,54;25;11;update;0.00;21.00
BL.9BWWR.327;6955914618220;EAN;415,90;0;11;update;0.00;21.00
BL.9BWWR.378;6955914619784;EAN;520,25;38;11;update;0.00;21.00
BL.9BWWR.379;6955914619791;EAN;564,37;2;11;update;0.00;21.00
KF556C40BB-32;0740617326567;EAN;565,22;21;11;update;0.00;21.00
KF556S40IB-32;0740617331653;EAN;576,24;6;11;update;0.00;21.00
KVR56U46BS8-16;0740617332827;EAN;65,94;0;11;update;0.00;21.00
KVR56S46BS6-8;0740617334074;EAN;168,21;286;11;update;0.00;21.00
CT16G56C46S5;0649528929938;EAN;273,77;2;11;update;0.00;21.00
CT32G56C46S5;0649528929952;EAN;478,94;0;11;update;0.00;21.00
CT32G56C46U5;0649528929754;EAN;488,50;7;11;update;0.00;21.00
BL.9BWWA.420;6955914620704;EAN;6,41;0;11;update;0.00;21.00
BL.9BWWA.425;6955914620759;EAN;6,41;0;11;update;0.00;21.00
BL.9BWWA.422;6955914620728;EAN;6,41;0;11;update;0.00;21.00
BL.9BWWA.427;6955914620773;EAN;6,41;0;11;update;0.00;21.00
AD4S266616G19-SGN;4711085931467;EAN;149,84;0;11;update;0.00;21.00
CMH64GX5M2D6000Z40;0840440417026;EAN;1109,12;43;11;update;0.00;21.00
CMK64GX5M2D6000Z40;0840440417040;EAN;1144,86;39;11;update;0.00;21.00
AD4U26668G19-SGN;4711085931382;EAN;100,70;16;11;update;0.00;21.00
AD4U320016G22-SGN;4711085931443;EAN;183,15;65;11;update;0.00;21.00
CMH32GX5M2B6000C38;0840006680628;EAN;534,63;3;11;update;0.00;21.00
CMK32GX5M2B6000C38;0840006684442;EAN;525,14;1;11;update;0.00;21.00
KF556C40BBA-16;0740617328585;EAN;213,82;0;11;update;0.00;21.00
CMH32GX5M2B6000Z38;0840440422181;EAN;519,54;13;11;update;0.00;21.00
CMK32GX5M2B6000Z38;0840440422198;EAN;528,25;13;11;update;0.00;21.00
A4S16G32CLYBDAA-1;4712389904768;EAN;143,69;2;11;update;0.00;21.00
KVR32N22S6/8;0740617310870;EAN;102,46;9;11;update;0.00;21.00
KF432C16BB2A/16;0740617337518;EAN;191,78;12;11;update;0.00;21.00
APA-8GBES08G21GSH;4712389906670;EAN;87,21;82;11;update;0.00;21.00
EL.08G21.GSH;4712389906687;EAN;101,11;12;11;update;0.00;21.00
DL.08G2K.KAM;0807486496903;EAN;56,84;9;11;update;0.00;21.00
CMK32GX5M2E6000Z36W;0840440496106;EAN;512,82;23;11;update;0.00;21.00
KF560C36BBEAK2-64;0740617331882;EAN;1160,22;0;11;update;0.00;21.00
100-100000059WOF;0730143312745;EAN;446,81;0;11;update;0.00;21.00
100-100000061WOF;0730143312738;EAN;325,11;0;11;update;0.00;21.00
100-100000063WOF;0730143312714;EAN;242,44;8;11;update;0.00;21.00
100-100000065BOX;0730143312042;EAN;186,35;0;11;update;0.00;21.00
100-100000263BOX;0730143313377;EAN;213,94;5;11;update;0.00;21.00
100-100000252BOX;0730143313414;EAN;214,87;0;11;update;0.00;21.00
BX8071512600K;5032037234108;EAN;271,58;7;11;update;0.00;21.00
BX8071512600KF;5032037234115;EAN;206,72;3;11;update;0.00;21.00
BX8071512700K;5032037233989;EAN;389,37;0;11;update;0.00;21.00
BX8071512700KF;5032037234047;EAN;363,52;45;11;update;0.00;21.00
BX8071512900K;5032037234641;EAN;402,97;0;11;update;0.00;21.00
BX8071512900KF;5032037234221;EAN;355,35;1;11;update;0.00;21.00
BX8071512400;5032037237741;EAN;250,03;9;11;update;0.00;21.00
BX8071512400F;5032037237758;EAN;172,75;1;11;update;0.00;21.00
BX8071512500;5032037238564;EAN;260,96;0;11;update;0.00;21.00
BX8071512600;5032037238540;EAN;314,49;125;11;update;0.00;21.00
BX8071512700;5032037237840;EAN;407,13;4;11;update;0.00;21.00
BX8071512900;5032037237925;EAN;561,91;0;11;update;0.00;21.00
BX8071512900F;5032037237901;EAN;452,90;0;11;update;0.00;21.00
BX8071512700F;5032037237826;EAN;312,56;43;11;update;0.00;21.00
100-100000926WOF;0730143314275;EAN;238,27;1;11;update;0.00;21.00
100-100000510BOX;0730143314060;EAN;68,64;0;11;update;0.00;21.00
100-100000644BOX;0730143314114;EAN;93,44;32;11;update;0.00;21.00
100-100000457BOX;0730143314121;EAN;101,18;1;11;update;0.00;21.00
100-100000927BOX;0730143314190;EAN;169,27;8;11;update;0.00;21.00
BX8071512100F;5032037238731;EAN;107,26;15;11;update;0.00;21.00
BX8071512100;5032037238458;EAN;189,60;8;11;update;0.00;21.00
100-100000514WOF;0730143314534;EAN;623,76;0;11;update;0.00;21.00
100-100000589WOF;0730143314558;EAN;358,57;1;11;update;0.00;21.00
100-100000591WOF;0730143314428;EAN;268,59;0;11;update;0.00;21.00
100-100000593WOF;0730143314442;EAN;191,43;2;11;update;0.00;21.00
BX80715G7400;5032037238410;EAN;124,27;0;11;update;0.00;21.00
BX8071513900K;5032037258647;EAN;662,47;0;11;update;0.00;21.00
BX8071513900KF;5032037258623;EAN;665,76;0;11;update;0.00;21.00
BX8071513600KF;5032037258760;EAN;253,47;0;11;update;0.00;21.00
BX8071513700;5032037260213;EAN;414,53;0;11;update;0.00;21.00
100-100000910WOF;0730143314930;EAN;417,06;1;11;update;0.00;21.00
BX8071513700F;5032037260237;EAN;369,30;0;11;update;0.00;21.00
BX8071513400;5032037260275;EAN;270,49;0;11;update;0.00;21.00
BX8071513400F;5032037260299;EAN;235,73;0;11;update;0.00;21.00
BX8071513900F;5032037260183;EAN;613,73;0;11;update;0.00;21.00
BX8071513100F;5032037260336;EAN;128,82;0;11;update;0.00;21.00
BX8071514600KF;5032037278461;EAN;328,18;3;11;update;0.00;21.00
BX8071514700KF;5032037278508;EAN;401,25;0;11;update;0.00;21.00
BX8071514600K;5032037278447;EAN;405,22;0;11;update;0.00;21.00
BX8071514700K;5032037278485;EAN;512,24;46;11;update;0.00;21.00
BX8071514900KF;5032037278546;EAN;553,79;3;11;update;0.00;21.00
BX8071514900K;5032037278522;EAN;563,39;0;11;update;0.00;21.00
100-100001015BOX;0730143314572;EAN;196,99;0;11;update;0.00;21.00
BX8071514100F;5032037279093;EAN;117,06;18;11;update;0.00;21.00
BX8071514100;5032037279079;EAN;203,68;9;11;update;0.00;21.00
BX8071514400F;5032037279147;EAN;210,56;2;11;update;0.00;21.00
BX8071514400;5032037279130;EAN;283,21;11;11;update;0.00;21.00
BX8071514700F;5032037279246;EAN;347,12;0;11;update;0.00;21.00
BX8071514700;5032037279239;EAN;499,99;6;11;update;0.00;21.00
BX8071514900F;5032037279208;EAN;645,05;0;11;update;0.00;21.00
BX8071514900;5032037279192;EAN;674,36;17;11;update;0.00;21.00
100-100001591BOX;0730143316736;EAN;166,65;0;11;update;0.00;21.00
100-100001590BOX;0730143316699;EAN;256,60;0;11;update;0.00;21.00
100-100001236BOX;0730143316125;EAN;359,33;0;11;update;0.00;21.00
100-100000590BOX;0730143314466;EAN;356,72;1;11;update;0.00;21.00
100-100001405WOF;0730143315609;EAN;222,44;3;11;update;0.00;21.00
100-100001404WOF;0730143315593;EAN;342,83;0;11;update;0.00;21.00
100-100000662WOF;0730143315296;EAN;460,36;27;11;update;0.00;21.00
100-100001277WOF;0730143315272;EAN;652,64;2;11;update;0.00;21.00
100-100001237BOX;0730143316163;EAN;197,90;0;11;update;0.00;21.00
100-100001585BOX;0730143316613;EAN;165,82;7;11;update;0.00;21.00
100-100001584BOX;0730143316651;EAN;160,98;0;11;update;0.00;21.00
BX80768285K;5032037281928;EAN;721,94;160;11;update;0.00;21.00
BX80768265K;5032037282062;EAN;366,13;0;11;update;0.00;21.00
BX80768265KF;5032037281980;EAN;316,94;0;11;update;0.00;21.00
BX80768245K;5032037282086;EAN;239,91;1;11;update;0.00;21.00
BX80768245KF;5032037282109;EAN;205,05;2;11;update;0.00;21.00
100-100000931BOX;0730143316439;EAN;167,93;0;11;update;0.00;21.00
BX80715G6900;5032037238755;EAN;82,13;0;11;update;0.00;21.00
100-100001084WOF;0730143315289;EAN;505,56;0;11;update;0.00;21.00
100-100001351WOF;0730143315760;EAN;3275,04;0;11;update;0.00;21.00
100-100001352WOF;0730143315777;EAN;1831,97;17;11;update;0.00;21.00
100-100000592BOX;0730143314497;EAN;314,53;1;11;update;0.00;21.00
100-100001488BOX;0730143316002;EAN;185,19;0;11;update;0.00;21.00
100-100001489BOX;0730143316040;EAN;174,28;0;11;update;0.00;21.00
BX80768225;5032037282352;EAN;200,42;0;11;update;0.00;21.00
BX80768225F;5032037282376;EAN;171,09;3;11;update;0.00;21.00
BX80768235;5032037282925;EAN;296,94;0;11;update;0.00;21.00
BX8071514500;5032037279178;EAN;379,93;0;11;update;0.00;21.00
100-100000718BOX;0730143316934;EAN;241,84;0;11;update;0.00;21.00
100-100000719WOF;0730143315555;EAN;829,67;0;11;update;0.00;21.00
100-100001368WOF;0730143315579;EAN;690,71;0;11;update;0.00;21.00
BX80768265;5032037282512;EAN;478,49;0;11;update;0.00;21.00
BX80768265F;5032037282734;EAN;412,68;0;11;update;0.00;21.00
BX80768285;5032037282390;EAN;768,10;1;11;update;0.00;21.00
BX80768270K;5032037284837;EAN;402,44;3;11;update;0.00;21.00
100-100001513MPK;0730143317191;EAN;145,02;58;11;update;0.00;21.00
BE24EQK;4718017562768;EAN;203,52;1;11;update;0.00;21.00
PA278QV;4718017603614;EAN;280,40;13;11;update;0.00;21.00
VT229H;4718017058964;EAN;288,92;63;11;update;0.00;21.00
MB166C;4711081273981;EAN;146,19;29;11;update;0.00;21.00
PA248QV;4718017603393;EAN;240,91;47;11;update;0.00;21.00
VA24EQSB-W;4711081867449;EAN;160,21;16;11;update;0.00;21.00
24E3QAF;4038986141253;EAN;122,79;1;11;update;0.00;21.00
27E3QAF;4038986181235;EAN;147,02;0;11;update;0.00;21.00
24B3HA2;4038986151481;EAN;101,72;10;11;update;0.00;21.00
27B3HA2;4038986181532;EAN;119,85;6;11;update;0.00;21.00
9S6-3BA9CH-044;4711377087971;EAN;102,17;0;11;update;0.00;21.00
1.0.99.12.10182-9036;6923172599018;EAN;108,49;0;11;update;0.00;21.00
1.0.99.12.10206-9005;6923172593238;EAN;183,80;0;11;update;0.00;21.00
27G4XE;4038986182034;EAN;153,19;2;11;update;0.00;21.00
32MR50C-B;8806084707628;EAN;177,66;0;11;update;0.00;21.00
VY229HF;4711387497098;EAN;97,64;135;11;update;0.00;21.00
27BA560-B;0195174080672;EAN;166,14;98;11;update;0.00;21.00
BE24ECSBT;4711081905448;EAN;384,49;21;11;update;0.00;21.00
VA27AQSB;4718017802352;EAN;212,52;0;11;update;0.00;21.00
BE279QFK;4711387699010;EAN;310,11;7;11;update;0.00;21.00
25MS550-B;8806096228166;EAN;118,79;84;11;update;0.00;21.00
UM.QB7EE.601;4711474215512;EAN;179,34;4;11;update;0.00;21.00
LS24D300GAUXEN;8806095802978;EAN;107,45;2;11;update;0.00;21.00
27B35HM;4038986182218;EAN;116,60;0;11;update;0.00;21.00
C32G2ZE;4038986117395;EAN;216,57;0;11;update;0.00;21.00
CU34V5C/BK;4038986110198;EAN;310,63;6;11;update;0.00;21.00
VA249QG;4711387795033;EAN;117,58;7;11;update;0.00;21.00
VA259HGA;4711387740170;EAN;118,09;63;11;update;0.00;21.00
VA279QG;4711387795118;EAN;128,64;0;11;update;0.00;21.00
VA279HG;4711387813270;EAN;119,31;0;11;update;0.00;21.00
UM.HV7EE.G01;4711474177063;EAN;115,40;55;11;update;0.00;21.00
UM.QV7EE.G01;4711474177056;EAN;92,28;53;11;update;0.00;21.00
UM.WV7EE.024;4711474082008;EAN;84,66;2;11;update;0.00;21.00
DELL-SE2425HM;5397184962541;EAN;91,55;0;11;update;0.00;21.00
VG249QE5A;4711387871454;EAN;124,74;1;11;update;0.00;21.00
VG279QE5A;4711387871508;EAN;144,43;1;11;update;0.00;21.00
24E2N1110/00;8721038000399;EAN;97,04;9;11;update;0.00;21.00
VA249HG;4711387795163;EAN;102,63;18;11;update;0.00;21.00
UM.QB2EE.G01;4711474157072;EAN;118,20;3;11;update;0.00;21.00
32U631A-B;8806096358603;EAN;238,22;64;11;update;0.00;21.00
9S6-3PC39M-072;4711377231916;EAN;207,51;0;11;update;0.00;21.00
VP229HF;4711387717424;EAN;98,81;8;11;update;0.00;21.00
VA229QSB;4718017838658;EAN;134,28;0;11;update;0.00;21.00
VT169HE;4711387406090;EAN;221,40;1;11;update;0.00;21.00
27E2N1110/00;8721038000412;EAN;119,37;11;11;update;0.00;21.00
E2225HM;5397184962404;EAN;109,99;98;11;update;0.00;21.00
9S6-3PD4CM-018;4711377248167;EAN;123,13;0;11;update;0.00;21.00
24E1N1200A;8721038000436;EAN;110,14;8;11;update;0.00;21.00
27E1N1200A;8721038000337;EAN;129,39;9;11;update;0.00;21.00
XGM27PRO5;8435099533290;EAN;136,81;98;11;update;0.00;21.00
UM.QB7EE.304;4711121413490;EAN;158,03;38;11;update;0.00;21.00
UM.QB7EE.G06;4711474183958;EAN;138,44;13;11;update;0.00;21.00
27U631A-B;8806096358559;EAN;169,84;17;11;update;0.00;21.00
SE2225HM;5397184962534;EAN;101,72;6;11;update;0.00;21.00
BE24QFK;4711387698990;EAN;223,60;5;11;update;0.00;21.00
VG27VQ3B;4711387529997;EAN;191,13;1;11;update;0.00;21.00
272S1AE;8712581767273;EAN;161,14;13;11;update;0.00;21.00
27E2N1500/00;8721038005455;EAN;147,07;0;11;update;0.00;21.00
24B31H;4038986142199;EAN;94,15;12;11;update;0.00;21.00
27B31H;4038986182225;EAN;114,04;18;11;update;0.00;21.00
Q27B35E;4038986183062;EAN;140,96;0;11;update;0.00;21.00
U27B3A;4038986181495;EAN;219,52;0;11;update;0.00;21.00
24G42E;4038986642583;EAN;116,05;0;11;update;0.00;21.00
CU34V5CW/BK;4038986110273;EAN;410,93;2;11;update;0.00;21.00
MP273U;4711377192279;EAN;220,72;45;11;update;0.00;21.00
UM.HB7EE.G02;4711474183972;EAN;156,69;0;11;update;0.00;21.00
24U411A-B;8806096543757;EAN;102,16;0;11;update;0.00;21.00
221V8;8712581760175;EAN;99,64;13;11;update;0.00;21.00
VA24DQFS;4711387754122;EAN;145,90;0;11;update;0.00;21.00
32UR550K-B;8806096228159;EAN;298,93;0;11;update;0.00;21.00
27US550-W;8806096253700;EAN;261,97;41;11;update;0.00;21.00
VG279Q5R;4711387959220;EAN;184,78;95;11;update;0.00;21.00
VZ249HG;4711636043304;EAN;102,57;16;11;update;0.00;21.00
VZ249HG-W;4711636157773;EAN;113,52;0;11;update;0.00;21.00
VZ279HG;4711636043380;EAN;117,54;0;11;update;0.00;21.00
VZ279HG-W;4711636157780;EAN;131,56;5;11;update;0.00;21.00
24B36X;4038986143073;EAN;96,58;11;11;update;0.00;21.00
27B36X;4038986183086;EAN;119,46;1;11;update;0.00;21.00
Q27B35S3;4038986182768;EAN;163,63;0;11;update;0.00;21.00
U27B3AF;4038986181501;EAN;231,61;0;11;update;0.00;21.00
24E4U;4038986142779;EAN;149,50;0;11;update;0.00;21.00
24P3QW;4038986140775;EAN;194,64;4;11;update;0.00;21.00
Q32E4U;4038986112956;EAN;263,15;0;11;update;0.00;21.00
9S6-3PD3CM-027;4711377238311;EAN;134,95;0;11;update;0.00;21.00
242S1AE/00;8712581764296;EAN;130,73;2;11;update;0.00;21.00
MB169CK;4711387767535;EAN;135,58;4;11;update;0.00;21.00
MB16AHV;4711387206492;EAN;181,60;0;11;update;0.00;21.00
PA278CGV;4711387012376;EAN;439,13;3;11;update;0.00;21.00
PA278CV;4718017910040;EAN;384,49;3;11;update;0.00;21.00
PA279CV;4718017853200;EAN;557,69;7;11;update;0.00;21.00
PA328QV;4711081524847;EAN;549,69;21;11;update;0.00;21.00
PA329CRV;4711387005811;EAN;818,58;1;11;update;0.00;21.00
PA329CV;4711081009726;EAN;763,93;0;11;update;0.00;21.00
PA34VCNV;4711387206393;EAN;601,54;5;11;update;0.00;21.00
VA249QGS;4711387794920;EAN;169,66;23;11;update;0.00;21.00
VA279QGS;4711387794937;EAN;211,46;10;11;update;0.00;21.00
VA27UCPS;4711387620694;EAN;319,22;4;11;update;0.00;21.00
VA27DQFS;4711387564820;EAN;172,33;5;11;update;0.00;21.00
LS27D300GAUXEN;8806095803029;EAN;125,08;2;11;update;0.00;21.00
SB150;8436001290034;EAN;17,88;10;11;update;0.00;21.00
70PD00000063;5390660128141;EAN;11,61;0;11;update;0.00;21.00
PJ1010TN-S;8433281001848;EAN;30,40;0;11;update;0.00;21.00
PJ1010TN-B;8433281001831;EAN;28,14;5;11;update;0.00;21.00
980-000413;5099206022898;EAN;60,95;0;11;update;0.00;21.00
980-000403;5099206024823;EAN;195,28;1;11;update;0.00;21.00
PJ2012T-S;8433281003194;EAN;22,71;2;11;update;0.00;21.00
PJ3030TN-B;8433281005686;EAN;26,58;1;11;update;0.00;21.00
PJ2012T-B;8433281003187;EAN;23,02;1;11;update;0.00;21.00
981-000100;5099206008441;EAN;28,76;0;11;update;0.00;21.00
981-000475;5099206038844;EAN;33,92;3;11;update;0.00;21.00
981-000406;5099206030015;EAN;35,08;0;11;update;0.00;21.00
980-000029;5099206004023;EAN;28,77;1;11;update;0.00;21.00
980-000814;5099206048782;EAN;39,27;0;11;update;0.00;21.00
980-000815;5099206048799;EAN;35,57;0;11;update;0.00;21.00
981-000480;5099206038868;EAN;47,18;0;11;update;0.00;21.00
980-000468;5099206023536;EAN;442,38;0;11;update;0.00;21.00
PJ2012T-W;8433281006690;EAN;23,02;2;11;update;0.00;21.00
70GH032000000;37639;EAN;32,10;0;11;update;0.00;21.00
960-000867;5099206038776;EAN;222,39;0;11;update;0.00;21.00
960-001055;5099206061309;EAN;87,45;0;11;update;0.00;21.00
960-001063;5099206064201;EAN;30,57;1;11;update;0.00;21.00
980-000912;5099206051805;EAN;50,62;0;11;update;0.00;21.00
GSX-200;8435430609035;EAN;36,38;3;11;update;0.00;21.00
CA-9011167-EU;0843591028950;EAN;96,01;0;11;update;0.00;21.00
MDREX15APB.CE7;4905524931235;EAN;16,51;12;11;update;0.00;21.00
960-001088;5099206066977;EAN;140,55;0;11;update;0.00;21.00
51MF1680AA000;5390660192029;EAN;37,90;126;11;update;0.00;21.00
51MF1680AA001;5390660192135;EAN;37,60;177;11;update;0.00;21.00
16697;8713439166972;EAN;24,72;0;11;update;0.00;21.00
960-001106;5099206068100;EAN;227,71;13;11;update;0.00;21.00
10.35.0003;8433281008175;EAN;31,69;0;11;update;0.00;21.00
981-000271;5099206022423;EAN;19,29;98;11;update;0.00;21.00
960-000972;5099206045200;EAN;168,35;0;11;update;0.00;21.00
51MF0480AA000;5390660192456;EAN;66,01;27;11;update;0.00;21.00
COO-AUB-04DD;8436556148316;EAN;21,95;0;11;update;0.00;21.00
CWP01TSE-047;8436574703467;EAN;21,25;0;11;update;0.00;21.00
CWP01TSE-049;8436574703474;EAN;21,29;1;11;update;0.00;21.00
CP02TSRE-051;8436574703481;EAN;37,32;0;11;update;0.00;21.00
ZBW4355TY;6970244522191;EAN;14,46;198;11;update;0.00;21.00
ZBW4354TY;6970244522184;EAN;16,53;0;11;update;0.00;21.00
DG-AUR-02PRO;8436556148729;EAN;32,43;7;11;update;0.00;21.00
51MF1690AA000;5390660192487;EAN;141,03;0;11;update;0.00;21.00
SINGERFIRE;8435430611038;EAN;14,51;0;11;update;0.00;21.00
TQOWS-01W;8433281009547;EAN;107,84;5;11;update;0.00;21.00
51MF0485AA001;5390660194320;EAN;63,97;36;11;update;0.00;21.00
51MF0490AA001;5390660194337;EAN;105,25;0;11;update;0.00;21.00
E9PD7DQ01EZ1;5055387664975;EAN;669,92;2;11;update;0.00;21.00
51EF0960AA000;5390660194634;EAN;42,12;0;11;update;0.00;21.00
51EF0950AA000;5390660194412;EAN;52,71;0;11;update;0.00;21.00
VOX505USB;8435430618006;EAN;23,51;11;11;update;0.00;21.00
TQMM-213;8433281009981;EAN;13,69;0;11;update;0.00;21.00
51MF1695AA000;5390660192937;EAN;39,76;0;11;update;0.00;21.00
E9PX7D701EZ3;5055387664814;EAN;502,98;8;11;update;0.00;21.00
MS115;8435430618129;EAN;14,25;8;11;update;0.00;21.00
COO-BTA-P05BK;8436556143571;EAN;19,60;0;11;update;0.00;21.00
COO-AUM-01U;8436556143502;EAN;19,47;0;11;update;0.00;21.00
COO-MIC-CPD03;8436556143793;EAN;50,80;0;11;update;0.00;21.00
E9PD7DR01EZ1;5055387664982;EAN;849,34;0;11;update;0.00;21.00
E9PX7D701EZ1;5055387664791;EAN;657,60;0;11;update;0.00;21.00
960-001065;5099206064225;EAN;36,10;5;11;update;0.00;21.00
E9PD7D101EZ2;5055387664937;EAN;440,13;2;11;update;0.00;21.00
GSX-150;8435430619287;EAN;26,17;0;11;update;0.00;21.00
DS-9084PMG+;5060059043828;EAN;281,13;0;11;update;0.00;21.00
73VF088000000;5390660194696;EAN;39,17;19;11;update;0.00;21.00
960-001102;5099206072060;EAN;589,14;6;11;update;0.00;21.00
960-001372;0097855163806;EAN;61,14;0;11;update;0.00;21.00
MR.JTV11.001;4710886243281;EAN;469,58;13;11;update;0.00;21.00
DG-ALB-R200B;8436556144615;EAN;34,23;0;11;update;0.00;21.00
DG-ALB-R205;8436556144639;EAN;38,18;0;11;update;0.00;21.00
960-001252;5099206082199;EAN;90,86;0;11;update;0.00;21.00
PHEARPODS;8436043205348;EAN;34,39;0;11;update;0.00;21.00
001.021.0000036;6927433602998;EAN;733,94;0;11;update;0.00;21.00
CA-9011270-EU;0840006643784;EAN;124,01;1;11;update;0.00;21.00
CA-9011271-EU;0840006643821;EAN;124,01;3;11;update;0.00;21.00
CA-9011237-EU;0840006644484;EAN;146,61;0;11;update;0.00;21.00
981-000571;5099206053298;EAN;65,39;7;11;update;0.00;21.00
981-000575;5099206053304;EAN;72,65;0;11;update;0.00;21.00
MSX 10 PRO;8435430620931;EAN;18,64;3;11;update;0.00;21.00
MSX11PRO;8435430620955;EAN;21,43;7;11;update;0.00;21.00
51MF8395AA000;5390660195051;EAN;63,25;50;11;update;0.00;21.00
73VF090000000;5390660195365;EAN;65,29;5;11;update;0.00;21.00
CP03TSR-127;8436574707434;EAN;16,61;0;11;update;0.00;21.00
CP03TSR-129;8436574707441;EAN;16,61;1;11;update;0.00;21.00
CP04TSRE-131;8436574707458;EAN;21,35;0;11;update;0.00;21.00
CP04TSRE-133;8436574707465;EAN;22,76;2;11;update;0.00;21.00
ALTA-VOZ-30;8422521004756;EAN;65,18;0;11;update;0.00;21.00
ALTA-VOZ-W30;8422521004763;EAN;96,18;9;11;update;0.00;21.00
AMPLY-T;8422521092807;EAN;193,87;0;11;update;0.00;21.00
BOX35-LED;8422521092395;EAN;68,27;8;11;update;0.00;21.00
PPEL-16106-FA;8422521004879;EAN;326,47;0;11;update;0.00;21.00
PPEL-16135-FA;8422521390835;EAN;493,84;0;11;update;0.00;21.00
PPEL-16180-FA;8422521002462;EAN;1021,73;0;11;update;0.00;21.00
PPEL-43100-FA;8422521008105;EAN;318,66;0;11;update;0.00;21.00
PPEL-43120-FA;8422521004886;EAN;343,06;0;11;update;0.00;21.00
PPEL-43150-FA;8422521390828;EAN;519,06;0;11;update;0.00;21.00
PPEL-43200-FA;8422521390798;EAN;1091,83;0;11;update;0.00;21.00
PPMA-16100-FA;8422521004893;EAN;144,40;0;11;update;0.00;21.00
PPMA-43084-BA;8422521390705;EAN;171,21;0;11;update;0.00;21.00
PPMA-43100-FA;8422521006415;EAN;134,75;0;11;update;0.00;21.00
PPTR-43100-FA;8422521004909;EAN;213,69;0;11;update;0.00;21.00
AS-3030;8422521002226;EAN;149,54;6;11;update;0.00;21.00
AS-6060;8422521002233;EAN;185,20;1;11;update;0.00;21.00
TWINS-2B;8422521000994;EAN;24,53;0;11;update;0.00;21.00
TWINS-2N;8422521000987;EAN;27,27;0;11;update;0.00;21.00
AB854001;6940533545361;EAN;50,45;3;11;update;0.00;21.00
AB854002;6940533545378;EAN;50,50;0;11;update;0.00;21.00
TQSBM-01;8433281012363;EAN;29,98;0;11;update;0.00;21.00
WP-54I;8422521250818;EAN;20,39;0;11;update;0.00;21.00
SUBWAY;8435430620849;EAN;50,03;1;11;update;0.00;21.00
WI-MIC;8422521008594;EAN;99,65;0;11;update;0.00;21.00
CA-9011280-EU;0840006657866;EAN;162,84;1;11;update;0.00;21.00
CA-9011281-EU;0840006657903;EAN;162,84;0;11;update;0.00;21.00
PX1-PRO;6942147486085;EAN;2287,54;3;11;update;0.00;21.00
AX5100G;6942147484906;EAN;329,91;0;11;update;0.00;21.00
E9PD7L321EZ1;5055387666825;EAN;2033,92;0;11;update;0.00;21.00
960-001076;5099206064027;EAN;75,42;0;11;update;0.00;21.00
E9PD7KK51EZ1;5055387666771;EAN;993,08;0;11;update;0.00;21.00
E9PD7KK41EZ1;5055387666788;EAN;1201,23;0;11;update;0.00;21.00
E9PD7KK31EZ3;5055387666795;EAN;2339,58;0;11;update;0.00;21.00
960-001186;5099206070455;EAN;519,57;0;11;update;0.00;21.00
960-001194;5099206075078;EAN;281,03;0;11;update;0.00;21.00
ARTICAWRATHBLACK;8435430621532;EAN;26,32;4;11;update;0.00;21.00
ARTICAWRATHWHITE;8435430621556;EAN;26,29;1;11;update;0.00;21.00
ARTICAGREEDPINK;8435430621518;EAN;30,40;26;11;update;0.00;21.00
ARTICAGREEDBLUE;8435430621471;EAN;30,51;3;11;update;0.00;21.00
ARTICAGREEDWHITE;8435430621495;EAN;30,38;12;11;update;0.00;21.00
V6530;6927433604084;EAN;3943,72;0;11;update;0.00;21.00
E9PD7KK01EZ1;5055387666399;EAN;1180,27;2;11;update;0.00;21.00
E9PD7L301EZ1;5055387666801;EAN;1497,36;6;11;update;0.00;21.00
E9PD7L311EZ3;5055387666818;EAN;2854,32;0;11;update;0.00;21.00
960-001281;5099206087187;EAN;135,14;0;11;update;0.00;21.00
E9PD7KK11EZ2;5055387667426;EAN;1087,16;0;11;update;0.00;21.00
MR.JTG11.001;4710886147879;EAN;416,46;3;11;update;0.00;21.00
UK554002;6974560220090;EAN;19,55;0;11;update;0.00;21.00
24482;8713439244823;EAN;33,68;3;11;update;0.00;21.00
61BO317000AP;4710710680039;EAN;79,27;0;11;update;0.00;21.00
61AS311000AB;4710710674083;EAN;178,57;0;11;update;0.00;21.00
COMET2.1;8435430620801;EAN;28,87;1;11;update;0.00;21.00
981-000978;5099206094789;EAN;63,66;0;11;update;0.00;21.00
SB350;8435430619263;EAN;24,34;4;11;update;0.00;21.00
51MF8410AA000;5390660195556;EAN;104,95;0;11;update;0.00;21.00
73VF092000000;5390660195570;EAN;93,65;0;11;update;0.00;21.00
COO-BTA-G232;8436556140792;EAN;26,54;1;11;update;0.00;21.00
COO-BTA-G231;8436556140105;EAN;20,34;1;11;update;0.00;21.00
COO-BTA-BS23;8436556140020;EAN;27,64;10;11;update;0.00;21.00
MR.JQF11.001;4713883594066;EAN;595,72;1;11;update;0.00;21.00
MR.JQU11.001;4713883722711;EAN;670,39;3;11;update;0.00;21.00
MR.JQH11.001;4713883595780;EAN;716,66;1;11;update;0.00;21.00
CA-9011285-EU2;0840006676485;EAN;182,27;4;11;update;0.00;21.00
CA-9011286-EU2;0840006676522;EAN;182,27;0;11;update;0.00;21.00
C6530;6927433604053;EAN;3281,83;0;11;update;0.00;21.00
981-000770;5099206082410;EAN;66,16;0;11;update;0.00;21.00
MR.JTU11.001;4710886243274;EAN;416,46;98;11;update;0.00;21.00
90LJ00I5-B01070;4711081970712;EAN;1013,20;0;11;update;0.00;21.00
CA-9011377-EU;0840006674573;EAN;59,24;4;11;update;0.00;21.00
TQBWH-0031W;8433281014282;EAN;21,73;0;11;update;0.00;21.00
TQBWH-0054B;8433281014299;EAN;20,82;0;11;update;0.00;21.00
TQBWH-0060G;8433281014305;EAN;26,65;0;11;update;0.00;21.00
ARTICAMOVERAIN;8435430623529;EAN;27,98;9;11;update;0.00;21.00
ROLLERFURIA2BLACK;8435430623789;EAN;53,27;2;11;update;0.00;21.00
MS103MAX;8435430623901;EAN;12,95;6;11;update;0.00;21.00
960-001218;5099206079519;EAN;2470,18;0;11;update;0.00;21.00
NXKROMKAPPA;8436587970672;EAN;25,29;0;11;update;0.00;21.00
NXKROMKAZE;8436587974540;EAN;56,98;0;11;update;0.00;21.00
NXKROMKAM;8436587971174;EAN;35,57;0;11;update;0.00;21.00
51MF8465AA000;5390660196140;EAN;71,76;2;11;update;0.00;21.00
51EF1040AA001;5390660195723;EAN;158,21;0;11;update;0.00;21.00
51EF1080AA001;5390660195778;EAN;114,14;0;11;update;0.00;21.00
51EF1080AA002;5390660195785;EAN;123,40;0;11;update;0.00;21.00
51EF1081AA001;5390660195792;EAN;158,21;0;11;update;0.00;21.00
E9PD7M601EZ1;5055387668072;EAN;7,46;0;11;update;0.00;21.00
COO-AUB-40WH;8437012429543;EAN;23,42;8;11;update;0.00;21.00
HS2100;6942147497937;EAN;196,40;6;11;update;0.00;21.00
C1;6942147495124;EAN;1800,97;0;11;update;0.00;21.00
E9PX7D601EZ1;5055387664852;EAN;474,97;1;11;update;0.00;21.00
H1F0C0NBW101;5055387667877;EAN;2449,02;0;11;update;0.00;21.00
H1F0C0OBW101;5055387667884;EAN;2489,88;0;11;update;0.00;21.00
H1F0C0PBW101;5055387667891;EAN;3525,51;0;11;update;0.00;21.00
981-000593;5099206057340;EAN;19,60;1;11;update;0.00;21.00
E9PD7LD01EZ2;5055387667716;EAN;2551,16;0;11;update;0.00;21.00
980-001295;5099206075023;EAN;74,25;0;11;update;0.00;21.00
980-001054;5099206058675;EAN;142,50;3;11;update;0.00;21.00
BHR8776GL;6941812791240;EAN;20,72;12;11;update;0.00;21.00
BHR8773GL;6941812791271;EAN;20,17;5;11;update;0.00;21.00
BHR8396GL;6941812777572;EAN;27,46;8;11;update;0.00;21.00
BHR8391GL;6941812777527;EAN;27,72;0;11;update;0.00;21.00
PARTY-DUO;8422521010542;EAN;117,77;0;11;update;0.00;21.00
MALIBU-308;8422521023559;EAN;130,02;6;11;update;0.00;21.00
MALIBU-312;8422521023597;EAN;246,72;1;11;update;0.00;21.00
MALIBU-315;8422521023610;EAN;272,12;2;11;update;0.00;21.00
CLASS-220N;8422521235150;EAN;120,64;0;11;update;0.00;21.00
CLASS-220B;8422521235167;EAN;96,09;0;11;update;0.00;21.00
SONAIR-1M;8422521022873;EAN;118,83;0;11;update;0.00;21.00
SONAIR-1P;8422521022897;EAN;111,09;0;11;update;0.00;21.00
960-001227;5099206079533;EAN;1736,60;0;11;update;0.00;21.00
ARTICAJOGGER;8435430625073;EAN;42,03;12;11;update;0.00;21.00
ARTICAHUSH;8435430625097;EAN;58,79;0;11;update;0.00;21.00
WILDSPACE3;8435430625530;EAN;401,77;0;11;update;0.00;21.00
WILDSPACE2;8435430625523;EAN;320,35;0;11;update;0.00;21.00
WILDSPACE1;8435430625516;EAN;234,06;0;11;update;0.00;21.00
WILDCLUB;8435430625813;EAN;143,87;0;11;update;0.00;21.00
WILDTEMPER;8435430625837;EAN;136,54;7;11;update;0.00;21.00
XPRESSCAM1080FHD;8435430625899;EAN;30,21;9;11;update;0.00;21.00
51MF1710AA001;5390660195440;EAN;67,91;0;11;update;0.00;21.00
MXP63ZM/A;0195949688591;EAN;194,87;18;11;update;0.00;21.00
51EF1200AA000;5390660196249;EAN;108,57;0;11;update;0.00;21.00
51EF1180AA000;5390660196232;EAN;102,34;0;11;update;0.00;21.00
51EF1210AA001;5390660196270;EAN;77,02;0;11;update;0.00;21.00
51MF1700AA002;5390660194757;EAN;51,91;0;11;update;0.00;21.00
51MF1700AA000;5390660193965;EAN;51,91;3;11;update;0.00;21.00
51MF8470AA000;5390660196362;EAN;82,86;0;11;update;0.00;21.00
51MF8460AA000;5390660195853;EAN;55,66;0;11;update;0.00;21.00
QBH4274GL;6941948703384;EAN;48,58;2;11;update;0.00;21.00
QBH4276GL;6941812793008;EAN;65,58;0;11;update;0.00;21.00
QBH4263GL;6941948702035;EAN;57,17;15;11;update;0.00;21.00
BHR8775GL;6941812791295;EAN;22,28;5;11;update;0.00;21.00
BHR9283GL;6941812737071;EAN;20,73;0;11;update;0.00;21.00
BHR8394GL;6941812777558;EAN;27,45;8;11;update;0.00;21.00
BHR8395GL;6941812777565;EAN;26,38;5;11;update;0.00;21.00
MR.JX711.001;4711474000446;EAN;476,31;16;11;update;0.00;21.00
WILDSWAGGO;8435430625974;EAN;114,12;0;11;update;0.00;21.00
ROLLERFURIA2TINYBLA;8435430625936;EAN;45,83;0;11;update;0.00;21.00
ROLLERFURIA2TINYBLU;8435430625912;EAN;45,27;5;11;update;0.00;21.00
ARTICASHAKE;8435430622096;EAN;60,45;2;11;update;0.00;21.00
CA-9011379-WW;0840440484196;EAN;164,27;0;11;update;0.00;21.00
23696;8713439236965;EAN;96,80;6;11;update;0.00;21.00
COO-AUM-WB01-B;8436624420108;EAN;41,16;2;11;update;0.00;21.00
COO-AUM-WB01-W;8436624420115;EAN;36,61;3;11;update;0.00;21.00
UK554001;6974560220083;EAN;16,27;0;11;update;0.00;21.00
AVP-COMM-X25;0619091266662;EAN;71,34;0;11;update;0.00;21.00
AVP-COMM-HS;0619091266679;EAN;18,58;8;11;update;0.00;21.00
MWW53ZMA;0195949544163;EAN;785,77;0;11;update;0.00;21.00
960-001034;5099206059030;EAN;542,71;0;11;update;0.00;21.00
MR.JTG11.00P;4711121790263;EAN;385,32;0;11;update;0.00;21.00
MWTY3ZMA;0195949506123;EAN;39,18;8;11;update;0.00;21.00
VOX805USBCBLACK;8435430626681;EAN;31,64;2;11;update;0.00;21.00
VOX805USBCWHITE;8435430626704;EAN;31,64;2;11;update;0.00;21.00
SINGERSTAR;8435430626629;EAN;41,61;7;11;update;0.00;21.00
SINGERSTARDUO;8435430626643;EAN;65,47;2;11;update;0.00;21.00
MXP93ZM/A;0195949689673;EAN;260,75;13;11;update;0.00;21.00
SKYCHARMPROWHITE;8435430626094;EAN;63,49;0;11;update;0.00;21.00
MR.JXE11.001;4711474096838;EAN;419,72;8;11;update;0.00;21.00
MR.JXF11.001;4711474104526;EAN;421,12;22;11;update;0.00;21.00
BHR4245GL;6934177720222;EAN;29,90;5;11;update;0.00;21.00
AURIS-BT;8422521022361;EAN;25,38;77;11;update;0.00;21.00
HSM001-397;8435739903667;EAN;11,90;0;11;update;0.00;21.00
WHCH720NB.CE7;4548736142428;EAN;104,91;2;11;update;0.00;21.00
960-001559;5099206109315;EAN;312,54;168;11;update;0.00;21.00
BHR7278GL;6941812726792;EAN;35,08;1;11;update;0.00;21.00
BHR9251GL;6941812704660;EAN;60,09;13;11;update;0.00;21.00
BHR9245GL;6941812799734;EAN;53,08;0;11;update;0.00;21.00
BHR9310GL;6941812743577;EAN;95,34;0;11;update;0.00;21.00
BHR9417EU;6941812706282;EAN;257,14;1;11;update;0.00;21.00
MFHP4ZM/A;0195950543742;EAN;327,60;15;11;update;0.00;21.00
SM-R420NZAAEUB;8806097621256;EAN;128,45;0;11;update;0.00;21.00
SM-R420NZKAEUB;8806097621041;EAN;128,53;0;11;update;0.00;21.00
SM-R630NZWAPHE;8806095661384;EAN;182,91;0;11;update;0.00;21.00
SM-R530NZWAPHE;8806095655635;EAN;144,02;0;11;update;0.00;21.00
HW-B400F/ZF;8806097057413;EAN;118,82;0;11;update;0.00;21.00
HW-B650F/ZF;8806097069225;EAN;244,66;1;11;update;0.00;21.00
HW-C400/ZF;8806094881578;EAN;177,23;65;11;update;0.00;21.00
HW-Q930F/ZF;8806097108931;EAN;819,51;0;11;update;0.00;21.00
HW-Q990F/ZF;8806097108085;EAN;1132,32;0;11;update;0.00;21.00
HW-QS700F/ZF;8806097107804;EAN;444,16;0;11;update;0.00;21.00
CROSSDRIFTBLACK;8435430627190;EAN;11,98;18;11;update;0.00;21.00
CROSSDRIFTWHITE;8435430627213;EAN;11,31;11;11;update;0.00;21.00
CROSSDRIFTMINT;8435430627237;EAN;11,98;12;11;update;0.00;21.00
CROSSFLIPBLACK;8435430627077;EAN;11,97;28;11;update;0.00;21.00
CROSSFLIPWHITE;8435430627091;EAN;11,31;17;11;update;0.00;21.00
CROSSFLIPPINK;8435430627138;EAN;11,98;15;11;update;0.00;21.00
CROSSGLIDEBLACK;8435430627152;EAN;13,29;18;11;update;0.00;21.00
CROSSGLIDEWHITE;8435430627176;EAN;13,29;9;11;update;0.00;21.00
CROSSSTEPBLACK;8435430627275;EAN;13,29;10;11;update;0.00;21.00
CROSSSTEPWHITE;8435430627299;EAN;12,42;4;11;update;0.00;21.00
WILDBASH;8435430627060;EAN;155,51;0;11;update;0.00;21.00
SKYCHARMPRO;8435430626070;EAN;73,36;2;11;update;0.00;21.00
SB210;8435430626926;EAN;19,51;4;11;update;0.00;21.00
SB500-BT;8435430626902;EAN;44,95;3;11;update;0.00;21.00
MS120USB;8435430626988;EAN;26,21;5;11;update;0.00;21.00
VOX605USBC;8435430626667;EAN;27,03;8;11;update;0.00;21.00
XPRESSCAM2000;8435430626728;EAN;40,83;9;11;update;0.00;21.00
981-000589;5099206057333;EAN;27,35;0;11;update;0.00;21.00
981-000818;5099206085718;EAN;110,25;1;11;update;0.00;21.00
981-000943;5099206091788;EAN;152,31;8;11;update;0.00;21.00
981-000854;5099206088580;EAN;267,75;0;11;update;0.00;21.00
960-001592;5099206112520;EAN;38,10;96;11;update;0.00;21.00
960-001360;0097855162045;EAN;99,02;21;11;update;0.00;21.00
QBH4265GL;6941948702042;EAN;58,36;40;11;update;0.00;21.00
QBH4370GL;6941948709164;EAN;57,72;26;11;update;0.00;21.00
QBH4372GL;6941948709171;EAN;57,72;29;11;update;0.00;21.00
QBH4344EU;6941948707375;EAN;131,16;7;11;update;0.00;21.00
BHR080FGL;6932554436902;EAN;175,40;3;11;update;0.00;21.00
BHR08OLGL;6932554471880;EAN;31,13;0;11;update;0.00;21.00
BHR08OMGL;6932554471897;EAN;31,69;3;11;update;0.00;21.00
MWW53ZM/A;0195949544163;EAN;755,61;0;11;update;0.00;21.00
MWW63ZM/A;0195949544309;EAN;755,61;0;11;update;0.00;21.00
MWW73ZM/A;0195949544446;EAN;755,61;0;11;update;0.00;21.00
MWW83ZM/A;0195949544583;EAN;755,61;0;11;update;0.00;21.00
BHR08JTGL;6932554464233;EAN;28,49;4;11;update;0.00;21.00
BHR08JUGL;6932554464240;EAN;28,49;3;11;update;0.00;21.00
H1F0H06BW101;5055387668737;EAN;1575,72;19;11;update;0.00;21.00
10.35.0004;8433281017252;EAN;34,40;17;11;update;0.00;21.00
GAB55AEL2-00-G;4719331809898;EAN;159,21;0;11;update;0.00;21.00
GAB55GMX2-00-G11;4719331810702;EAN;125,42;0;11;update;0.00;21.00
911-7C95-017;4719072758417;EAN;112,38;16;11;update;0.00;21.00
9MB55MAEL-00-13;4719331809546;EAN;110,85;107;11;update;0.00;21.00
911-7D46-003;4719072925024;EAN;89,49;27;11;update;0.00;21.00
90-MXBDK0-A0UAYZ;4710483931598;EAN;111,25;0;11;update;0.00;21.00
90-MXBEG0-A0UAYZ;4710483932793;EAN;80,65;0;11;update;0.00;21.00
90-MXB9N0-A0UAYZ;4717677337617;EAN;64,97;0;11;update;0.00;21.00
90-MXBDJ0-A0UAYZ;4710483931635;EAN;88,04;0;11;update;0.00;21.00
GAA52MS2H-00-G;4719331809720;EAN;71,97;7;11;update;0.00;21.00
90MB17N0-M0EAY0;4711081152132;EAN;97,71;0;11;update;0.00;21.00
90MB14V0-M0EAY0;4718017758284;EAN;99,23;28;11;update;0.00;21.00
MBB760MDS3HDDR41.0;4719331850876;EAN;115,04;1;11;update;0.00;21.00
90-MXBL40-A0UAYZ;4710483942020;EAN;97,58;71;11;update;0.00;21.00
90-MXBKA0-A0UAYZ;4710483940965;EAN;184,08;0;11;update;0.00;21.00
A520M K V2 1.0;4719331852771;EAN;63,43;156;11;update;0.00;21.00
Z790 AORUS ELITE AX;4719331849467;EAN;282,92;0;11;update;0.00;21.00
B760M H DDR4 G10;4719331854645;EAN;83,32;22;11;update;0.00;21.00
H610M K DDR4 G10;4719331851675;EAN;71,05;83;11;update;0.00;21.00
911-7E29-001;4711377128889;EAN;124,34;0;11;update;0.00;21.00
90-MXBE60-A0UAYZ;4710483932311;EAN;59,84;0;11;update;0.00;21.00
90-MXBJJ0-A0UAYZ;4710483939914;EAN;73,24;0;11;update;0.00;21.00
90-MXBM00-A0UAYZ;4710483943126;EAN;89,43;0;11;update;0.00;21.00
911-7D48-007;4711377002660;EAN;73,91;1;11;update;0.00;21.00
90MB1E80-M0EAY0;4711387113189;EAN;84,17;0;11;update;0.00;21.00
90-MXBMQ0-A0UAYZ;4710483944192;EAN;72,52;0;11;update;0.00;21.00
90-MXBJM0-A0UAYZ;4710483940958;EAN;173,30;0;11;update;0.00;21.00
911-7E26-001;4711377098052;EAN;199,51;0;11;update;0.00;21.00
911-7D98-001;4711377028363;EAN;154,78;98;11;update;0.00;21.00
911-7E02-009;4711377086578;EAN;118,26;98;11;update;0.00;21.00
911-7D98-007;4711377086561;EAN;183,71;42;11;update;0.00;21.00
90-MXBLA0-A0UAYZ;4710483942693;EAN;123,43;26;11;update;0.00;21.00
A620M H;4719331855512;EAN;90,59;91;11;update;0.00;21.00
B650 GAMING X AX V2;4719331860073;EAN;173,96;20;11;update;0.00;21.00
911-7E16-003;4711377170345;EAN;336,28;0;11;update;0.00;21.00
H610M S2H V3 DDR4;4719331859732;EAN;81,37;32;11;update;0.00;21.00
90-MXBMS0-A0UAYZ;4710483943768;EAN;109,83;34;11;update;0.00;21.00
B760M D3HP 1.0;4719331864347;EAN;115,63;12;11;update;0.00;21.00
90-MXBK20-A0UAYZ;4710483940910;EAN;165,62;52;11;update;0.00;21.00
90-MXBMJ0-A0UAYZ;4710483943485;EAN;111,18;36;11;update;0.00;21.00
90-MXBMV0-A0UAYZ;4710483943829;EAN;132,95;28;11;update;0.00;21.00
90-MXBPZ0-A0UAYZ;4710483949326;EAN;225,30;0;11;update;0.00;21.00
90-MXBQ00-A0UAYZ;4710483949333;EAN;256,77;0;11;update;0.00;21.00
90-MXBP60-A0UAYZ;4710483947544;EAN;223,99;0;11;update;0.00;21.00
90-MXBE90-A0UAYZ;4710483932755;EAN;105,74;30;11;update;0.00;21.00
90-MXBN90-A0UAYZ;4710483944598;EAN;207,79;38;11;update;0.00;21.00
X870 EAGLE WIFI7;4719331864996;EAN;294,69;0;11;update;0.00;21.00
Z890 EAGLE WIFI7;4719331864927;EAN;310,37;0;11;update;0.00;21.00
Z890 GAMING X WIFI7;4719331864941;EAN;298,50;6;11;update;0.00;21.00
Z890M GAMING;4719331865160;EAN;237,64;0;11;update;0.00;21.00
B650M D3HP AX;4719331859510;EAN;144,75;0;11;update;0.00;21.00
B650 UD AX 1.0 Y1;4719331863944;EAN;172,49;0;11;update;0.00;21.00
90-MXBE50-A0UAYZ;4710483932267;EAN;66,92;4;11;update;0.00;21.00
B650M S2H;4719331856298;EAN;119,19;8;11;update;0.00;21.00
90-MXBML0-A0UAYZ;4710483943775;EAN;78,49;52;11;update;0.00;21.00
90-MXBJH0-A0UAYZ;4710483939860;EAN;78,49;0;11;update;0.00;21.00
90MB1A10-M0EAY0;4711081565499;EAN;86,75;21;11;update;0.00;21.00
H610M H V3 DDR4;4719331859718;EAN;75,90;175;11;update;0.00;21.00
B850 GAMING WF6;4719331866631;EAN;207,04;3;11;update;0.00;21.00
B850M D3HP;4719331867058;EAN;160,59;4;11;update;0.00;21.00
B860 DS3H WIFI6E;4719331867515;EAN;193,63;19;11;update;0.00;21.00
B860 A ELITE WF7 ICE;4719331866846;EAN;213,68;7;11;update;0.00;21.00
B860 GAMING X WIFI6E;4719331866532;EAN;224,14;12;11;update;0.00;21.00
B760M D3HP DDR4 1.0;4719331862848;EAN;100,04;67;11;update;0.00;21.00
Z890 A ELITE WF7 ICE;4719331865221;EAN;297,56;0;11;update;0.00;21.00
Z790 D AX G10;4719331860592;EAN;204,39;6;11;update;0.00;21.00
90-MXBS4-A0UAYZ;4711581490642;EAN;118,45;0;11;update;0.00;21.00
90-MXBM50-A0UAYZ;4710483943478;EAN;81,24;62;11;update;0.00;21.00
90-MXBP70-A0UAYZ;4710483946929;EAN;72,06;0;11;update;0.00;21.00
90-MXBN00-A0UAYZ;4710483944215;EAN;105,56;17;11;update;0.00;21.00
9MB65MDHP-00-G12;4719331857851;EAN;125,72;108;11;update;0.00;21.00
9MB65EGX-00-G11;4719331860158;EAN;173,75;13;11;update;0.00;21.00
9MB55MK-00-G10;4719331852764;EAN;87,62;66;11;update;0.00;21.00
911-7E49-08S;4711377253536;EAN;608,76;18;11;update;0.00;21.00
H610M S2H V2;4719331859817;EAN;72,76;71;11;update;0.00;21.00
B760ME1.0;4719331856052;EAN;99,72;174;11;update;0.00;21.00
B760MD3HPWIFI61.0;4719331867638;EAN;131,68;3;11;update;0.00;21.00
H610MKV21.0;4719331860134;EAN;70,28;225;11;update;0.00;21.00
B760MDS3HGEN5;4719331872793;EAN;115,23;2;11;update;0.00;21.00
B860M EAGLE V2;4719331869656;EAN;153,89;16;11;update;0.00;21.00
911-7D48-019;4711377125147;EAN;84,45;98;11;update;0.00;21.00
9MB76S355-00-G10;4719331872892;EAN;131,42;0;11;update;0.00;21.00
PRIME H610M-K;4711387336328;EAN;88,99;38;11;update;0.00;21.00
9MA62MGM-00-G11;4719331854096;EAN;131,95;5;11;update;0.00;21.00
90-MXBSZ0-A0UAYZ;4711581490833;EAN;93,96;0;11;update;0.00;21.00
B760GAMINGXGEN5;4719331872120;EAN;157,05;9;11;update;0.00;21.00
9MH810MH-00-G10;4719331869540;EAN;110,57;69;11;update;0.00;21.00
9MH810MK-00-G10;4719331868697;EAN;92,69;8;11;update;0.00;21.00
9MH81MSH-00-G10;4719331869168;EAN;99,70;1;11;update;0.00;21.00
90MB1G20-M0EAYC;4711387293911;EAN;95,55;45;11;update;0.00;21.00
9MB65MGPW-00-G13;4719331862213;EAN;163,06;42;11;update;0.00;21.00
Z790EAGLE;4719331860981;EAN;192,28;0;11;update;0.00;21.00
H610MD3W;4719331877804;EAN;86,71;46;11;update;0.00;21.00
911-7E70-002;4711377347600;EAN;297,43;15;11;update;0.00;21.00
90MB1CJ0-M1EAY0;4711081937227;EAN;230,99;3;11;update;0.00;21.00
B760M DS3H WF6E;4719331872809;EAN;156,06;0;11;update;0.00;21.00
B760 GAMING X GEN5;4719331873448;EAN;149,50;0;11;update;0.00;21.00
90MB1BS0-M0EAYC;4711081923411;EAN;165,22;0;11;update;0.00;21.00
B760M G X DDR4 GEN5;4719331874087;EAN;141,56;16;11;update;0.00;21.00
911-7E06-028;4711377134712;EAN;259,52;1;11;update;0.00;21.00
9MB55EG-00-G10;4719331868208;EAN;114,14;14;11;update;0.00;21.00
90MB1CW0-M1EAY0;4711081970309;EAN;137,94;15;11;update;0.00;21.00
90-MXBN40-A0UAYZ;4710483944529;EAN;703,11;2;11;update;0.00;21.00
90-MXBMH0-A0UAYZ;4710483945199;EAN;6,41;0;11;update;0.00;21.00
90-MXBKH-A0UAYZ;4710483941368;EAN;6,41;0;11;update;0.00;21.00
90-MXBTG0-A0UAYZ;4711581492509;EAN;6,41;0;11;update;0.00;21.00
90-MXBP90-A0UAYZ;4710483947421;EAN;6,41;0;11;update;0.00;21.00
90-MXBPA0-A0UAYZ;4710483947445;EAN;466,34;2;11;update;0.00;21.00
90-MXBPX0-A0UAYZ;4710483949654;EAN;399,66;0;11;update;0.00;21.00
90-MXBTE-A0UAYZ;4711581492066;EAN;6,41;0;11;update;0.00;21.00
90-MXBT2-A0UAYZ;4710483942754;EAN;6,41;0;11;update;0.00;21.00
90-MXBPP0-A0UAYZ;4710483949357;EAN;319,38;17;11;update;0.00;21.00
90-MXBPJ0-A0UAYZ;4710483949340;EAN;298,97;4;11;update;0.00;21.00
90-MXBTA-A0UAYZ;4711581491823;EAN;6,41;0;11;update;0.00;21.00
90-MXBT6-A0UAYZ;4710483942310;EAN;6,41;0;11;update;0.00;21.00
90-MXBQT0-A0UAYZ;4711581490079;EAN;249,97;11;11;update;0.00;21.00
90-MXBQS0-A0UAYZ;4711581490062;EAN;236,39;21;11;update;0.00;21.00
90-MXBQU0-A0UAYZ;4711581490154;EAN;225,50;0;11;update;0.00;21.00
90-MXBQL0-A0UAYZ;4711581490178;EAN;196,91;19;11;update;0.00;21.00
90-MXBQK0-A0UAYZ;4711581490161;EAN;180,57;17;11;update;0.00;21.00
90-MXBQN0-A0UAYZ;4711581490192;EAN;187,39;5;11;update;0.00;21.00
90-MXBQM0-A0UAYZ;4711581490185;EAN;171,06;9;11;update;0.00;21.00
90-MXBL10-A0UAYZ;4710483940750;EAN;176,50;26;11;update;0.00;21.00
90-MXBGH0-A0UAYZ;4710483935190;EAN;6,41;0;11;update;0.00;21.00
90-MXBCY0-A0UAYZ;4710483931499;EAN;109,15;18;11;update;0.00;21.00
90-MXB8B0-A0UAYZ;4717677336252;EAN;6,41;0;11;update;0.00;21.00
90-MXBS30-A0UAYZ;4711581490482;EAN;6,41;0;11;update;0.00;21.00
90-MXBS20-A0UAYZ;4711581490499;EAN;6,41;0;11;update;0.00;21.00
90-MXBR70-A0UAYZ;4711581490352;EAN;6,41;0;11;update;0.00;21.00
90-MXBR60-A0UAYZ;4711581490345;EAN;6,41;0;11;update;0.00;21.00
90-MXBR90-A0UAYZ;4711581490376;EAN;6,41;0;11;update;0.00;21.00
90-MXBR80-A0UAYZ;4711581490390;EAN;6,41;0;11;update;0.00;21.00
90-MXBSH-A0UAYZ;4711581490765;EAN;143,85;7;11;update;0.00;21.00
90-MXBSG-A0UAYZ;4711581490758;EAN;134,32;23;11;update;0.00;21.00
90-MXBLP0-A0UAYZ;4710483943096;EAN;143,85;4;11;update;0.00;21.00
90-MXBSW-A0UAYZ;4711581490956;EAN;6,41;0;11;update;0.00;21.00
90-MXBSV-A0UAYZ;4711581490949;EAN;6,41;0;11;update;0.00;21.00
90-MXBSY-A0UAYZ;4711581490970;EAN;6,41;0;11;update;0.00;21.00
90-MXBSX-A0UAYZ;4711581490963;EAN;6,41;0;11;update;0.00;21.00
90-MXBSU-A0UAYZ;4711581490826;EAN;6,41;0;11;update;0.00;21.00
90-MXBST -A0UAYZ;4711581490819;EAN;6,41;0;11;update;0.00;21.00
90-MXBSR0-A0UAYZ;4711581490802;EAN;6,41;0;11;update;0.00;21.00
90-MXB8F0-A0UAYZ;4717677336276;EAN;6,41;0;11;update;0.00;21.00
90-MXBDU0-A0UAYZ;4710483932076;EAN;6,41;0;11;update;0.00;21.00
90-MXBQR0-A0UAYZ;4711581490130;EAN;6,41;0;11;update;0.00;21.00
90-MXBMP0-A0UAYZ;4710483944253;EAN;6,41;0;11;update;0.00;21.00
90-MXBT50-A0UAYZ;4710483942747;EAN;6,41;0;11;update;0.00;21.00
90-MXBDH0-A0UAYZ;4710483931727;EAN;6,41;0;11;update;0.00;21.00
90-MXBP30-A0UAYZ;4710483946981;EAN;6,41;0;11;update;0.00;21.00
90-MXBGU0-A0UAYZ;4710483936685;EAN;6,41;0;11;update;0.00;21.00
90-MXBBH0-A0UAYZ;4717677339765;EAN;6,41;0;11;update;0.00;21.00
90-MXBBJ0-A0UAYZ;4717677339895;EAN;6,41;0;11;update;0.00;21.00
90-MXBPL0-A0UAYZ;4710483949661;EAN;6,41;0;11;update;0.00;21.00
90-MXBPR0-A0UAYZ;4710483949685;EAN;6,41;0;11;update;0.00;21.00
90-MXBPQ0-A0UAYZ;4710483949692;EAN;6,41;0;11;update;0.00;21.00
90-MXBPS0-A0UAYZ;4710483949708;EAN;6,41;0;11;update;0.00;21.00
90-MXBPB0-A0UAYZ;4710483949647;EAN;332,99;13;11;update;0.00;21.00
90-MXBPG0-A0UAYZ;4710483947513;EAN;6,41;0;11;update;0.00;21.00
90-MXBPF0-A0UAYZ;4710483947520;EAN;299,32;0;11;update;0.00;21.00
90-MXBPE0-A0UAYZ;4710483949715;EAN;6,41;0;11;update;0.00;21.00
90-MXBQC0-A0UAYZ;4710483947476;EAN;6,41;0;11;update;0.00;21.00
90-MXBP50-A0UAYZ;4710483947537;EAN;6,41;0;11;update;0.00;21.00
90-MXBR20-A0UAYZ;4711581490116;EAN;271,86;0;11;update;0.00;21.00
90-MXBR30-A0UAYZ;4711581490123;EAN;6,41;0;11;update;0.00;21.00
90-MXBQV0-A0UAYZ;4711581490147;EAN;220,05;3;11;update;0.00;21.00
90-MXBRK0-A0UAYZ;4711581490239;EAN;189,97;0;11;update;0.00;21.00
90-MXBRM0-A0UAYZ;4711581490222;EAN;171,08;0;11;update;0.00;21.00
90-MXBRL0-A0UAYZ;4711581490253;EAN;6,41;0;11;update;0.00;21.00
90-MXBRN0-A0UAYZ;4711581490246;EAN;6,41;0;11;update;0.00;21.00
90-MXBKD0-A0UAYZ;4710483940859;EAN;6,41;0;11;update;0.00;21.00
90-MXBJX0-A0UAYZ;4710483940989;EAN;6,41;0;11;update;0.00;21.00
90-MXBL50-A0UAYZ;4710483941504;EAN;6,41;0;11;update;0.00;21.00
90-MXBKS0-A0UAYZ;4710483942044;EAN;145,22;32;11;update;0.00;21.00
90-MXBFS0-A0UAYZ;4710483934827;EAN;6,41;0;11;update;0.00;21.00
90-MXBPK0-A0UAYZ;4710483949722;EAN;6,41;0;11;update;0.00;21.00
90-MXBQG0-A0UAYZ;4711581490208;EAN;197,23;0;11;update;0.00;21.00
90-MXBQF0-A0UAYZ;4711581490215;EAN;6,41;0;11;update;0.00;21.00
90-MXBRT0-A0UAYZ;4711581490314;EAN;6,41;0;11;update;0.00;21.00
90-MXBRQ0-A0UAYZ;4711581490284;EAN;6,41;0;11;update;0.00;21.00
90-MXBRP0-A0UAYZ;4711581490277;EAN;6,41;0;11;update;0.00;21.00
90-MXBRS0-A0UAYZ;4711581490307;EAN;6,41;0;11;update;0.00;21.00
90-MXBRR0-A0UAYZ;4711581490291;EAN;6,41;0;11;update;0.00;21.00
90-MXBSF-A0UAYZ;4711581490734;EAN;6,41;0;11;update;0.00;21.00
90-MXBSE-A0UAYZ;4711581490727;EAN;6,41;0;11;update;0.00;21.00
90-MXBRX0-A0UAYZ;4711581490406;EAN;135,59;0;11;update;0.00;21.00
90-MXBS00-A0UAYZ;4711581490437;EAN;6,41;0;11;update;0.00;21.00
90-MXBS6-A0UAYZ;4711581490659;EAN;6,41;0;11;update;0.00;21.00
90-MXBSZ-A0UAYZ;4711581490642;EAN;6,41;0;11;update;0.00;21.00
90-MXBL70-A0UAYZ;4710483941795;EAN;6,41;0;11;update;0.00;21.00
90-MXBLH0-A0UAYZ;4710483942723;EAN;146,57;27;11;update;0.00;21.00
90-MXBTR0-A0UAYZ;4711581492356;EAN;6,41;0;11;update;0.00;21.00
90-MXBHK0-A0UAYZ;4710483936555;EAN;6,41;0;11;update;0.00;21.00
90-MXBPN0-A0UAYZ;4710483949739;EAN;6,41;0;11;update;0.00;21.00
90-MXBRZ0-A0UAYZ;4711581490420;EAN;6,41;0;11;update;0.00;21.00
90-MXBQQ0-A0UAYZ;4711581490321;EAN;6,41;0;11;update;0.00;21.00
90-MXBNM0-A0UAYZ;4710483946660;EAN;6,41;0;11;update;0.00;21.00
90-MXBKE0-A0UAYZ;4710483941054;EAN;6,41;0;11;update;0.00;21.00
90-MXBNN0-A0UAYZ;4710483946677;EAN;6,41;0;11;update;0.00;21.00
90-MXBKY0-A0CAYZ;4710483942242;EAN;6,41;0;11;update;0.00;21.00
Z890 A ELITE WIFI7;4719331864507;EAN;294,89;46;11;update;0.00;21.00
9MB55MDSR-00-G10;4719331870454;EAN;103,11;7;11;update;0.00;21.00
X870 GAMING WIFI6;4719331865399;EAN;243,77;5;11;update;0.00;21.00
X870 A Elite WiFi7;4719331864811;EAN;322,45;2;11;update;0.00;21.00
X870 AORUS STEALTH;4719331878801;EAN;393,90;1;11;update;0.00;21.00
X870 A STEALTH ICE;4719331873097;EAN;399,83;0;11;update;0.00;21.00
X870E AERO X WOOD;4719331878481;EAN;478,50;1;11;update;0.00;21.00
9MH61M3W4-00-G10;4719331865245;EAN;90,82;4;11;update;0.00;21.00
910-001356;5099206018112;EAN;36,31;6;11;update;0.00;21.00
910-001793;5099206021860;EAN;12,51;46;11;update;0.00;21.00
910-001949;5099206023901;EAN;46,94;0;11;update;0.00;21.00
910-002237;5099206028845;EAN;20,38;4;11;update;0.00;21.00
910-002235;5099206027275;EAN;19,47;5;11;update;0.00;21.00
910-002236;5099206028838;EAN;19,88;6;11;update;0.00;21.00
910-002201;5099206027169;EAN;27,59;0;11;update;0.00;21.00
910-003357;5099206041271;EAN;13,06;6;11;update;0.00;21.00
FLAME;8435430603965;EAN;10,87;19;11;update;0.00;21.00
MIST;8435430603927;EAN;11,42;10;11;update;0.00;21.00
910-004287;5099206052543;EAN;32,53;0;11;update;0.00;21.00
HAZEGREY;8435430605082;EAN;16,38;1;11;update;0.00;21.00
FLAME RED;8435430606195;EAN;10,94;4;11;update;0.00;21.00
FLAME BLUE;8435430606171;EAN;10,95;10;11;update;0.00;21.00
910-004424;5099206062856;EAN;18,59;1;11;update;0.00;21.00
910-004641;5099206062870;EAN;19,83;9;11;update;0.00;21.00
910-004640;5099206062863;EAN;19,31;1;11;update;0.00;21.00
910-002496;5099206029347;EAN;40,06;0;11;update;0.00;21.00
910-004910;5099206066687;EAN;52,95;0;11;update;0.00;21.00
910-004909;5099206066670;EAN;25,27;0;11;update;0.00;21.00
910-004642;5099206062887;EAN;17,95;0;11;update;0.00;21.00
CH-9311011-EU;0843591080743;EAN;85,49;0;11;update;0.00;21.00
CH-9307011-EU;0843591061933;EAN;91,99;0;11;update;0.00;21.00
910-003360;5099206041288;EAN;13,15;12;11;update;0.00;21.00
BOW WHITE;8435430613476;EAN;20,87;0;11;update;0.00;21.00
BOW BLACK;8435430613452;EAN;20,84;5;11;update;0.00;21.00
910-004791;5099206065086;EAN;65,41;0;11;update;0.00;21.00
CH-9301111-EU;0840006606321;EAN;46,03;0;11;update;0.00;21.00
910-005448;5099206081901;EAN;100,10;0;11;update;0.00;21.00
CH-9304211-EU;0840006616214;EAN;122,99;0;11;update;0.00;21.00
910-002238;5099206027282;EAN;20,78;3;11;update;0.00;21.00
23507;8713439235074;EAN;55,69;2;11;update;0.00;21.00
910-005907;5099206091849;EAN;20,55;0;11;update;0.00;21.00
910-005906;5099206091832;EAN;20,20;0;11;update;0.00;21.00
CREW BLACK;8435430618808;EAN;14,13;6;11;update;0.00;21.00
CREW RED;8435430618822;EAN;14,08;0;11;update;0.00;21.00
CH-930C111-EU;0840006626954;EAN;58,85;4;11;update;0.00;21.00
910-004878;5099206066199;EAN;32,88;0;11;update;0.00;21.00
910-004798;5099206065062;EAN;18,70;0;11;update;0.00;21.00
CH-9319411-EU2;0840006657644;EAN;176,42;0;11;update;0.00;21.00
910-005508;5099206080539;EAN;17,19;0;11;update;0.00;21.00
910-005990;5099206092952;EAN;117,03;0;11;update;0.00;21.00
910-005881;5099206090460;EAN;167,08;0;11;update;0.00;21.00
CH-9319511-EU2;0840006658740;EAN;176,42;0;11;update;0.00;21.00
24657;8713439246575;EAN;12,08;186;11;update;0.00;21.00
910-006559;5099206103726;EAN;125,83;0;11;update;0.00;21.00
910-006034;5099206093065;EAN;41,19;6;11;update;0.00;21.00
V0L79AA;0889894813145;EAN;42,78;0;11;update;0.00;21.00
910-006652;5099206104242;EAN;14,67;5;11;update;0.00;21.00
EVORUSTICE;8435430621679;EAN;17,95;0;11;update;0.00;21.00
EVORUSTBLACK;8435430621631;EAN;18,42;0;11;update;0.00;21.00
910-007119;5099206111998;EAN;26,02;7;11;update;0.00;21.00
910-006473;5099206099784;EAN;73,03;0;11;update;0.00;21.00
DEWWHITE;8435430623949;EAN;14,60;8;11;update;0.00;21.00
DEWGRAY;8435430623925;EAN;14,52;34;11;update;0.00;21.00
BEE BLACK;8435430623284;EAN;15,01;6;11;update;0.00;21.00
910-006236;5099206097179;EAN;44,52;98;11;update;0.00;21.00
25144;8713439251449;EAN;35,06;72;11;update;0.00;21.00
EVOMOKSHA;8435430623178;EAN;28,47;13;11;update;0.00;21.00
SHELL-RB;8435430623703;EAN;23,22;0;11;update;0.00;21.00
INFINITY-RB;8435430623673;EAN;41,20;0;11;update;0.00;21.00
FOGPROGREEN;8435430624939;EAN;12,59;18;11;update;0.00;21.00
FOGPROPINK;8435430624915;EAN;12,59;8;11;update;0.00;21.00
FOGPROBLUE;8435430624892;EAN;12,59;0;11;update;0.00;21.00
FOGPROBLACK;8435430624878;EAN;12,59;5;11;update;0.00;21.00
NXKROMKEOS;8436587970665;EAN;19,30;0;11;update;0.00;21.00
NXKROMKOMET;8436587974311;EAN;29,78;0;11;update;0.00;21.00
910-005784;5099206088702;EAN;44,94;0;11;update;0.00;21.00
CH-931F000-WW;0084044048311;EAN;78,99;0;11;update;0.00;21.00
CH-930F000-WW;0840440483106;EAN;59,51;6;11;update;0.00;21.00
910-005823;5099206089235;EAN;34,06;1;11;update;0.00;21.00
910-005824;5099206089242;EAN;34,06;19;11;update;0.00;21.00
910-005471;5099206080270;EAN;56,53;1;11;update;0.00;21.00
910-005282;5099206077829;EAN;62,59;0;11;update;0.00;21.00
910-006929;5099206111721;EAN;106,40;0;11;update;0.00;21.00
MOTHGRAY;8435430623352;EAN;12,49;6;11;update;0.00;21.00
MOTHICE;8435430623390;EAN;12,49;6;11;update;0.00;21.00
DEWLILAC;8435430623963;EAN;14,60;0;11;update;0.00;21.00
EVOSPOOK;8435430624274;EAN;22,52;8;11;update;0.00;21.00
EVOPEEP;8435430624236;EAN;34,31;1;11;update;0.00;21.00
EVOMIX;8435430624250;EAN;28,59;4;11;update;0.00;21.00
EVOJOT;8435430624298;EAN;22,80;0;11;update;0.00;21.00
24727;8713439247275;EAN;24,80;0;11;update;0.00;21.00
910-006474;5099206099807;EAN;76,55;0;11;update;0.00;21.00
910-005633;5099206083394;EAN;108,90;0;11;update;0.00;21.00
BHR8916GL;6941812792988;EAN;17,62;0;11;update;0.00;21.00
BHR8911GL;6941812792858;EAN;27,44;9;11;update;0.00;21.00
BHR8869GL;6941812792421;EAN;20,17;0;11;update;0.00;21.00
910-006520;5099206100589;EAN;49,08;46;11;update;0.00;21.00
COO-MOU-W03-B;8436624420085;EAN;31,23;1;11;update;0.00;21.00
COO-MOU-W03-W;8436624420092;EAN;31,20;8;11;update;0.00;21.00
COO-MOU-W02-B;8436624420054;EAN;18,67;3;11;update;0.00;21.00
COO-MOU-W02-W;8436624420061;EAN;18,67;8;11;update;0.00;21.00
COO-MOU-W01-B;8436624420030;EAN;16,58;0;11;update;0.00;21.00
COO-MOU-W02-G;8436624420078;EAN;17,67;6;11;update;0.00;21.00
COO-MOU-W01-W;8436624420047;EAN;16,58;8;11;update;0.00;21.00
UK505451;6974560220243;EAN;17,27;0;11;update;0.00;21.00
910-006867;5099206108790;EAN;20,30;2;11;update;0.00;21.00
X7Q44AA;0190780030585;EAN;24,37;2;11;update;0.00;21.00
956-000008;5099206097513;EAN;25,48;0;11;update;0.00;21.00
910-007029;5099206111622;EAN;60,70;63;11;update;0.00;21.00
CH-931G000-WW;0840006668985;EAN;293,33;32;11;update;0.00;21.00
CH-931G001-WW;0840006649533;EAN;150,44;3;11;update;0.00;21.00
910-005470;5099206080263;EAN;63,95;0;11;update;0.00;21.00
910-006255;5099206097247;EAN;47,16;98;11;update;0.00;21.00
25145;8713439251456;EAN;50,88;3;11;update;0.00;21.00
LUSH-RB;8435430627572;EAN;34,20;8;11;update;0.00;21.00
910-005905;5099206091825;EAN;19,42;5;11;update;0.00;21.00
910-004913;5099206066717;EAN;43,10;10;11;update;0.00;21.00
910-006866;5099206108776;EAN;21,87;0;11;update;0.00;21.00
910-005908;5099206091856;EAN;19,98;2;11;update;0.00;21.00
910-007182;5099206117631;EAN;34,98;34;11;update;0.00;21.00
910-007013;5099206110441;EAN;32,08;0;11;update;0.00;21.00
FLAME-C;8435430624717;EAN;11,95;8;11;update;0.00;21.00
SAMSARA;8435430624359;EAN;39,41;7;11;update;0.00;21.00
MUSK;8435430624311;EAN;21,53;0;11;update;0.00;21.00
SMOG-RB;8435430619096;EAN;29,90;8;11;update;0.00;21.00
EASYGAMMA-B2C;8435430621013;EAN;7,56;0;11;update;0.00;21.00
COO-RAT01B-U;8436624423611;EAN;7,56;0;11;update;0.00;21.00
DGS-1005D;0790069252686;EAN;26,23;21;11;update;0.00;21.00
DGS-1008D;0790069252747;EAN;33,09;11;11;update;0.00;21.00
DGS-1016D/E;0790069269974;EAN;108,94;2;11;update;0.00;21.00
DGS-1024D/E;0790069269912;EAN;142,55;4;11;update;0.00;21.00
DEM-311GT;0790069248153;EAN;44,07;7;11;update;0.00;21.00
SMCHPAVH-ETH;17228;EAN;53,47;0;11;update;0.00;21.00
3000002;17486;EAN;27,78;0;11;update;0.00;21.00
DEM-211;17955;EAN;135,40;0;11;update;0.00;21.00
DEM-310GT;0790069248146;EAN;57,93;0;11;update;0.00;21.00
3000003;20064;EAN;39,54;0;11;update;0.00;21.00
DES-1008D;0790069217715;EAN;22,28;29;11;update;0.00;21.00
BR2U18;21886;EAN;36,77;1;11;update;0.00;21.00
201110;23172;EAN;165,51;0;11;update;0.00;21.00
TL-WN821N;6935364050368;EAN;17,66;15;11;update;0.00;21.00
TL-SG1005D;6935364091798;EAN;22,84;2;11;update;0.00;21.00
TL-SG1008D;6935364092313;EAN;30,65;3;11;update;0.00;21.00
TL-SG1016;6935364020095;EAN;76,18;0;11;update;0.00;21.00
TL-SG1024;6935364020101;EAN;110,83;22;11;update;0.00;21.00
TL-SF1005D;6935364020064;EAN;16,98;2;11;update;0.00;21.00
TL-SF1008D;6935364020071;EAN;19,44;0;11;update;0.00;21.00
TL-SF1016D;6935364020293;EAN;41,08;1;11;update;0.00;21.00
TL-WN722N;6935364050467;EAN;18,34;0;11;update;0.00;21.00
202100;23531;EAN;180,55;0;11;update;0.00;21.00
202110;23538;EAN;204,16;0;11;update;0.00;21.00
101000;23541;EAN;710,28;0;11;update;0.00;21.00
108000;23546;EAN;885,53;0;11;update;0.00;21.00
TL-WN781ND;6935364050511;EAN;18,59;9;11;update;0.00;21.00
10.31.0102;8433281001251;EAN;19,66;2;11;update;0.00;21.00
10.31.0101;8433281001244;EAN;11,28;2;11;update;0.00;21.00
DGS-1008P/E;0790069344176;EAN;70,03;2;11;update;0.00;21.00
TL-SG1024D;6935364020620;EAN;101,37;0;11;update;0.00;21.00
3060001;25982;EAN;14,54;13;11;update;0.00;21.00
DWA-121;0790069347481;EAN;15,44;2;11;update;0.00;21.00
TL-WN822N;6935364050542;EAN;22,78;16;11;update;0.00;21.00
TL-SF1008P;6935364021665;EAN;50,53;0;11;update;0.00;21.00
TL-WN881ND;6935364050573;EAN;23,91;27;11;update;0.00;21.00
TL-MR3020;6935364082345;EAN;35,87;7;11;update;0.00;21.00
DUB-1340;0790069345494;EAN;62,41;2;11;update;0.00;21.00
10.31.1002;8433281005945;EAN;12,12;1;11;update;0.00;21.00
DGS-105/E;0790069368226;EAN;26,45;30;11;update;0.00;21.00
DGS-108/E;0790069368240;EAN;32,26;21;11;update;0.00;21.00
TG-3468;6935364001049;EAN;20,01;74;11;update;0.00;21.00
10.31.1001;8433281005938;EAN;9,37;3;11;update;0.00;21.00
GO-SW-5G;0790069365676;EAN;23,77;32;11;update;0.00;21.00
GO-SW-8G;0790069365690;EAN;30,98;22;11;update;0.00;21.00
TL-WN725N;6935364050719;EAN;15,13;16;11;update;0.00;21.00
TL-PA4010KIT;6935364031985;EAN;55,34;1;11;update;0.00;21.00
TL-WR841N;6935364051242;EAN;28,28;2;11;update;0.00;21.00
TL-WA850RE;6935364070199;EAN;25,37;3;11;update;0.00;21.00
DWA-182;0790069382239;EAN;42,31;1;11;update;0.00;21.00
3090003;30883;EAN;23,44;1;11;update;0.00;21.00
TL-PA4010PKIT;6935364031848;EAN;65,68;3;11;update;0.00;21.00
TL-WN823N;6935364050696;EAN;18,47;1;11;update;0.00;21.00
TL-WPA4220KIT;6935364032258;EAN;73,73;5;11;update;0.00;21.00
GO-SW-8E;0790069388286;EAN;16,74;1;11;update;0.00;21.00
DWA-171;0790069392276;EAN;29,77;0;11;update;0.00;21.00
DES-1005P;0790069370908;EAN;67,01;6;11;update;0.00;21.00
GO-SW-5E;0790069388262;EAN;14,84;2;11;update;0.00;21.00
TL-WA854RE;6935364071325;EAN;26,12;0;11;update;0.00;21.00
TL-WA860RE;6935364071158;EAN;33,07;2;11;update;0.00;21.00
GO-SW-24G;0790069396625;EAN;101,75;7;11;update;0.00;21.00
DEM-CB100S;0790069361708;EAN;196,31;0;11;update;0.00;21.00
ARCHER T2U;6935364089917;EAN;21,39;21;11;update;0.00;21.00
DPE-101GI;0790069341335;EAN;47,68;0;11;update;0.00;21.00
DUB-1312;0790069398858;EAN;33,53;0;11;update;0.00;21.00
-SG3210;6935364006396;EAN;135,50;3;11;update;0.00;21.00
DEM-431XT;0790069353130;EAN;210,11;10;11;update;0.00;21.00
MC200CM;6935364030438;EAN;44,68;0;11;update;0.00;21.00
TL-SG1016D;6935364020613;EAN;77,77;52;11;update;0.00;21.00
MC100CM;6935364030391;EAN;39,96;0;11;update;0.00;21.00
3002001;35903;EAN;28,40;0;11;update;0.00;21.00
10.21.0503;8433281004290;EAN;8,16;1;11;update;0.00;21.00
RE200;6935364071295;EAN;35,39;0;11;update;0.00;21.00
TL-WPA4220TKIT;6935364032531;EAN;115,36;0;11;update;0.00;21.00
GO-SW-16G;0790069396618;EAN;77,70;3;11;update;0.00;21.00
DAP-1620;0790069419379;EAN;55,46;11;11;update;0.00;21.00
UH400;6935364091477;EAN;19,51;0;11;update;0.00;21.00
DXS-1210-10TS;37975;EAN;1378,60;0;11;update;0.00;21.00
TL-SG108E;6935364021856;EAN;38,12;31;11;update;0.00;21.00
UE300;6935364091743;EAN;20,65;97;11;update;0.00;21.00
TL-MR6400;6935364086848;EAN;93,89;8;11;update;0.00;21.00
DGS-1008MP;0790069420337;EAN;141,69;5;11;update;0.00;21.00
DWA-582;0790069410567;EAN;52,21;0;11;update;0.00;21.00
CPE210;6935364071677;EAN;50,88;0;11;update;0.00;21.00
DPE-301GI;0790069416668;EAN;65,22;0;11;update;0.00;21.00
PSM-12V-38-B;0790069426049;EAN;26,58;1;11;update;0.00;21.00
3050001;39603;EAN;28,54;33;11;update;0.00;21.00
200000;39850;EAN;74,97;0;11;update;0.00;21.00
TL-SG1048;6935364021559;EAN;337,58;4;11;update;0.00;21.00
TL-WR802N;6935364071714;EAN;29,35;9;11;update;0.00;21.00
ARCHER MR200;6935364086855;EAN;100,22;40;11;update;0.00;21.00
POE-24-24W;0810354023033;EAN;20,78;0;11;update;0.00;21.00
LBE-M5-23;0810354022326;EAN;62,27;18;11;update;0.00;21.00
LOCOM5;0810354022340;EAN;84,94;0;11;update;0.00;21.00
LOCOM2;0810354022333;EAN;65,04;4;11;update;0.00;21.00
UAP-AC-LR;40569;EAN;163,63;0;11;update;0.00;21.00
UAP-AC-PRO;0810354023514;EAN;201,07;0;11;update;0.00;21.00
US-24;0810354024771;EAN;274,42;0;11;update;0.00;21.00
PBE-M5-300;0810354022616;EAN;99,01;0;11;update;0.00;21.00
PBE-M5-400;0810354022623;EAN;115,99;0;11;update;0.00;21.00
DAP-2610;0790069430855;EAN;172,73;0;11;update;0.00;21.00
PSM-12V-55-B;0790069426063;EAN;26,59;0;11;update;0.00;21.00
POE-24-12W;0810354022982;EAN;15,37;0;11;update;0.00;21.00
POE-48-24W-G;0810354023088;EAN;22,96;0;11;update;0.00;21.00
SM321B;6935364030520;EAN;27,37;0;11;update;0.00;21.00
SM321A;6935364030513;EAN;67,45;0;11;update;0.00;21.00
DAP-1325;0790069430305;EAN;27,23;5;11;update;0.00;21.00
POE-48-24W;0810354023064;EAN;21,35;18;11;update;0.00;21.00
3050000;41533;EAN;69,97;0;11;update;0.00;21.00
119000;41758;EAN;833,91;0;11;update;0.00;21.00
UAP-AC-M;0810354025792;EAN;126,99;0;11;update;0.00;21.00
NSM5;0810354022548;EAN;110,80;0;11;update;0.00;21.00
DAP-1610;0790069434518;EAN;43,68;2;11;update;0.00;21.00
MC210CS;6935364030445;EAN;43,12;0;11;update;0.00;21.00
POE-24-12W-G;0810354023002;EAN;20,89;0;11;update;0.00;21.00
121000;43271;EAN;1052,50;0;11;update;0.00;21.00
30701500;43310;EAN;14,46;18;11;update;0.00;21.00
PBE-5AC-Gen2;0810354026720;EAN;145,77;0;11;update;0.00;21.00
10.21.3124;8433281005907;EAN;30,46;0;11;update;0.00;21.00
DAP-2680;0790069438950;EAN;254,27;0;11;update;0.00;21.00
DPE-301GS;0790069416675;EAN;53,72;7;11;update;0.00;21.00
MC110CS;6935364030407;EAN;39,96;0;11;update;0.00;21.00
DGS-712;44102;EAN;63,94;0;11;update;0.00;21.00
DWA-172;0790069405495;EAN;36,79;1;11;update;0.00;21.00
EAP225-Outdoor;6935364083571;EAN;100,85;0;11;update;0.00;21.00
202120;44773;EAN;222,54;0;11;update;0.00;21.00
OC200;6935364084233;EAN;123,01;17;11;update;0.00;21.00
RB941-2nD-TC;4752224003102;EAN;33,06;8;11;update;0.00;21.00
QMP-LHG;2502111614544;EAN;14,56;21;11;update;0.00;21.00
RB750Gr3;4752224002761;EAN;69,77;8;11;update;0.00;21.00
RB4011iGS+RM;4752224002730;EAN;233,53;6;11;update;0.00;21.00
RB931-2nD;4752224003065;EAN;32,21;0;11;update;0.00;21.00
RB760iGS;4752224002785;EAN;88,36;0;11;update;0.00;21.00
123010;46123;EAN;781,66;0;11;update;0.00;21.00
201100;46384;EAN;141,91;0;11;update;0.00;21.00
101010;46525;EAN;637,17;0;11;update;0.00;21.00
UAP-AC-PRO-5;0810354025464;EAN;811,74;0;11;update;0.00;21.00
DGS-1005P/E;0790069440984;EAN;67,68;2;11;update;0.00;21.00
DPE-302GE;0790069435461;EAN;121,87;0;11;update;0.00;21.00
UCK-G2-PLUS;0817882024532;EAN;391,46;0;11;update;0.00;21.00
201050;47471;EAN;125,28;0;11;update;0.00;21.00
A109-0341;8436574703511;EAN;16,82;2;11;update;0.00;21.00
10.21.4218;8433281008755;EAN;31,97;1;11;update;0.00;21.00
ARCHER T2U NANO;6935364099978;EAN;21,35;98;11;update;0.00;21.00
DWR-932;0790069405983;EAN;62,31;0;11;update;0.00;21.00
DEM-432XT;48937;EAN;351,61;7;11;update;0.00;21.00
202130;48983;EAN;233,15;1;11;update;0.00;21.00
201130;48985;EAN;242,08;0;11;update;0.00;21.00
201120;49026;EAN;207,91;1;11;update;0.00;21.00
104010;49173;EAN;949,25;0;11;update;0.00;21.00
ARCHER C20;6935364080730;EAN;42,25;0;11;update;0.00;21.00
DECO M4 3-PACK V2;6935364085407;EAN;162,53;9;11;update;0.00;21.00
A138-0295;8436574702941;EAN;7,70;18;11;update;0.00;21.00
A142-0310;8436574703092;EAN;11,11;0;11;update;0.00;21.00
A138-0294;8436574702934;EAN;7,31;8;11;update;0.00;21.00
DUB-M530;0790069447822;EAN;52,77;0;11;update;0.00;21.00
TL-WA801N;6935364052461;EAN;33,06;2;11;update;0.00;21.00
TL-WA855RE;6935364099305;EAN;30,09;0;11;update;0.00;21.00
A138-0290;8436574702897;EAN;7,55;34;11;update;0.00;21.00
A138-0291;8436574702903;EAN;9,30;1;11;update;0.00;21.00
A138-0292;8436574702910;EAN;12,20;4;11;update;0.00;21.00
A138-0293;8436574702927;EAN;8,22;1;11;update;0.00;21.00
A139-0298;8436574702972;EAN;8,36;2;11;update;0.00;21.00
A139-0299;8436574702989;EAN;7,66;19;11;update;0.00;21.00
A139-0300;8436574702996;EAN;8,21;1;11;update;0.00;21.00
A139-0301;8436574703009;EAN;8,13;3;11;update;0.00;21.00
A139-0302;8436574703016;EAN;8,94;0;11;update;0.00;21.00
A139-0303;8436574703023;EAN;8,70;4;11;update;0.00;21.00
A139-0304;8436574703030;EAN;9,87;8;11;update;0.00;21.00
A140-0306;8436574703054;EAN;7,68;50;11;update;0.00;21.00
A141-0307;8436574703061;EAN;22,31;0;11;update;0.00;21.00
A141-0308;8436574703078;EAN;29,21;11;11;update;0.00;21.00
A141-0309;8436574703085;EAN;11,99;2;11;update;0.00;21.00
A142-0311;8436574703108;EAN;19,08;0;11;update;0.00;21.00
A142-0315;8436574703146;EAN;9,94;3;11;update;0.00;21.00
A142-0316;8436574703153;EAN;13,37;10;11;update;0.00;21.00
UDM-PRO;0817882027373;EAN;534,42;0;11;update;0.00;21.00
TL-SG108S;6935364083526;EAN;31,69;5;11;update;0.00;21.00
ARCHER T4U V2;6935364097318;EAN;36,37;8;11;update;0.00;21.00
M7350;6935364080525;EAN;78,79;2;11;update;0.00;21.00
TAPO P100;4897098681619;EAN;19,36;12;11;update;0.00;21.00
TL-WPA8631P KIT;6935364052539;EAN;155,63;8;11;update;0.00;21.00
3091002;50816;EAN;29,82;0;11;update;0.00;21.00
3090004;50992;EAN;22,56;2;11;update;0.00;21.00
TL-SG1016PE;6935364098865;EAN;159,64;0;11;update;0.00;21.00
DGS-1100-08V2/E;0790069453410;EAN;50,44;0;11;update;0.00;21.00
A151-0405;8436574704402;EAN;8,26;17;11;update;0.00;21.00
A151-0406;8436574704419;EAN;8,91;1;11;update;0.00;21.00
TL-WA1201;6935364084035;EAN;68,42;1;11;update;0.00;21.00
DGS-1100-05V2/E;0790069453403;EAN;42,61;1;11;update;0.00;21.00
DUB-M420;0790069447761;EAN;48,64;8;11;update;0.00;21.00
20.PP.66.42;6940533544074;EAN;116,98;0;11;update;0.00;21.00
20.PP.88.42;6940533544098;EAN;116,53;0;11;update;0.00;21.00
3060004;51553;EAN;8,45;0;11;update;0.00;21.00
3060003;51554;EAN;7,40;0;11;update;0.00;21.00
30711500;51558;EAN;15,03;0;11;update;0.00;21.00
3000007;51559;EAN;40,37;0;11;update;0.00;21.00
30701100;51560;EAN;11,69;3;11;update;0.00;21.00
30704100;51564;EAN;18,39;3;11;update;0.00;21.00
30700500;51565;EAN;12,80;0;11;update;0.00;21.00
3041300;51566;EAN;79,91;0;11;update;0.00;21.00
3021300;51569;EAN;37,72;0;11;update;0.00;21.00
3022100;51570;EAN;43,80;0;11;update;0.00;21.00
3021600;51571;EAN;45,02;0;11;update;0.00;21.00
3030300-1;51572;EAN;47,69;0;11;update;0.00;21.00
3030600;51573;EAN;59,47;8;11;update;0.00;21.00
3030301;51574;EAN;29,41;0;11;update;0.00;21.00
3030601;51575;EAN;48,68;0;11;update;0.00;21.00
3032000;51576;EAN;31,70;0;11;update;0.00;21.00
3012701;51578;EAN;30,06;0;11;update;0.00;21.00
3012102;51579;EAN;17,82;1;11;update;0.00;21.00
3013700;51583;EAN;31,61;0;11;update;0.00;21.00
3013800;51584;EAN;36,87;0;11;update;0.00;21.00
3031001;51585;EAN;54,02;0;11;update;0.00;21.00
3090000;51588;EAN;68,53;0;11;update;0.00;21.00
3031500;51594;EAN;16,73;0;11;update;0.00;21.00
3002000;51597;EAN;20,68;0;11;update;0.00;21.00
3000001;51599;EAN;28,65;0;11;update;0.00;21.00
3000009;51601;EAN;65,39;0;11;update;0.00;21.00
3000006;51602;EAN;46,12;0;11;update;0.00;21.00
3000004;51603;EAN;85,45;0;11;update;0.00;21.00
3091003;51604;EAN;8,64;0;11;update;0.00;21.00
3052000;51605;EAN;24,61;0;11;update;0.00;21.00
3040005;51610;EAN;10,37;0;11;update;0.00;21.00
3040004;51611;EAN;29,93;0;11;update;0.00;21.00
3081000;51612;EAN;70,61;0;11;update;0.00;21.00
3081001;51613;EAN;78,97;0;11;update;0.00;21.00
3081007;51614;EAN;128,08;0;11;update;0.00;21.00
3081004;51615;EAN;102,49;0;11;update;0.00;21.00
3081005;51616;EAN;90,98;0;11;update;0.00;21.00
3081003;51617;EAN;96,03;0;11;update;0.00;21.00
3081002;51618;EAN;96,39;0;11;update;0.00;21.00
3081006;51619;EAN;115,18;0;11;update;0.00;21.00
504011;51620;EAN;262,37;0;11;update;0.00;21.00
504001;51621;EAN;214,08;0;11;update;0.00;21.00
506011;51622;EAN;285,46;0;11;update;0.00;21.00
506001;51623;EAN;160,94;0;11;update;0.00;21.00
433200;51624;EAN;103,41;0;11;update;0.00;21.00
454400;51625;EAN;132,25;0;11;update;0.00;21.00
456300;51626;EAN;130,32;0;11;update;0.00;21.00
467500;51627;EAN;167,28;0;11;update;0.00;21.00
468300;51628;EAN;160,73;0;11;update;0.00;21.00
468500;51629;EAN;226,93;0;11;update;0.00;21.00
410200;51630;EAN;88,02;0;11;update;0.00;21.00
461200;51631;EAN;105,18;0;11;update;0.00;21.00
461500;51632;EAN;143,35;0;11;update;0.00;21.00
80.66.06;6940533543756;EAN;255,58;0;11;update;0.00;21.00
203100;51635;EAN;208,35;0;11;update;0.00;21.00
204100;51636;EAN;154,88;0;11;update;0.00;21.00
206001;51637;EAN;215,40;0;11;update;0.00;21.00
207001;51638;EAN;152,23;0;11;update;0.00;21.00
208001;51639;EAN;184,49;0;11;update;0.00;21.00
204110;51643;EAN;182,39;0;11;update;0.00;21.00
203120;51644;EAN;264,88;0;11;update;0.00;21.00
203130;51645;EAN;243,69;0;11;update;0.00;21.00
201040;51646;EAN;235,18;0;11;update;0.00;21.00
202140;51647;EAN;258,85;2;11;update;0.00;21.00
80.64.12;6940533543732;EAN;238,02;0;11;update;0.00;21.00
80.66.12;6940533543770;EAN;288,35;0;11;update;0.00;21.00
80.64.15;6940533543749;EAN;277,11;0;11;update;0.00;21.00
103000;51655;EAN;814,06;0;11;update;0.00;21.00
123000;51656;EAN;680,68;0;11;update;0.00;21.00
122000;51657;EAN;840,85;0;11;update;0.00;21.00
122010;51658;EAN;734,23;0;11;update;0.00;21.00
120000;51662;EAN;969,70;0;11;update;0.00;21.00
120010;51663;EAN;771,21;0;11;update;0.00;21.00
119010;51664;EAN;869,07;0;11;update;0.00;21.00
124000;51665;EAN;1149,02;0;11;update;0.00;21.00
124010;51666;EAN;826,27;0;11;update;0.00;21.00
F80.66.42;6940533543862;EAN;881,22;0;11;update;0.00;21.00
108010;51673;EAN;1096,79;0;11;update;0.00;21.00
106000;51674;EAN;889,61;0;11;update;0.00;21.00
121020;51675;EAN;770,77;0;11;update;0.00;21.00
121010;51676;EAN;1020,20;0;11;update;0.00;21.00
111020;51677;EAN;1258,73;0;11;update;0.00;21.00
111000;51678;EAN;1230,87;0;11;update;0.00;21.00
117000-1;51679;EAN;1134,84;0;11;update;0.00;21.00
117020;51680;EAN;1384,07;0;11;update;0.00;21.00
117010;51681;EAN;1080,93;0;11;update;0.00;21.00
109000;51682;EAN;1345,77;0;11;update;0.00;21.00
109020;51683;EAN;1194,30;0;11;update;0.00;21.00
109010;51684;EAN;1255,23;0;11;update;0.00;21.00
113020;51689;EAN;1111,58;0;11;update;0.00;21.00
113010;51690;EAN;1084,53;0;11;update;0.00;21.00
112000;51691;EAN;1002,78;0;11;update;0.00;21.00
112020;51692;EAN;988,36;0;11;update;0.00;21.00
112010;51693;EAN;1004,44;0;11;update;0.00;21.00
60016020;51694;EAN;41,70;0;11;update;0.00;21.00
60004020;51695;EAN;30,40;0;11;update;0.00;21.00
60008020;51696;EAN;35,97;0;11;update;0.00;21.00
U6-LR;0810010073389;EAN;259,20;0;11;update;0.00;21.00
USW-PRO-48-POE;0817882027656;EAN;1433,56;1;11;update;0.00;21.00
DGS-108GL;0790069458583;EAN;36,02;9;11;update;0.00;21.00
DGS-105GL;0790069458576;EAN;28,06;17;11;update;0.00;21.00
DGS-1100-10MPV2;51773;EAN;234,84;0;11;update;0.00;21.00
DGS-1016S/E;0790069455261;EAN;103,09;0;11;update;0.00;21.00
DAP-3666;0790069443367;EAN;200,31;0;11;update;0.00;21.00
DAP-2682;0790069443756;EAN;307,34;0;11;update;0.00;21.00
DGS-2000-28;51878;EAN;317,54;0;11;update;0.00;21.00
DGS-2000-10P;0790069460470;EAN;335,16;0;11;update;0.00;21.00
DGS-2000-52MP;0790069460555;EAN;1245,84;0;11;update;0.00;21.00
DWR-2101;790069454332;EAN;641,08;0;11;update;0.00;21.00
3030002-1;51969;EAN;26,58;0;11;update;0.00;21.00
TAPO P100(2-PACK);6935364072766;EAN;34,30;5;11;update;0.00;21.00
SM5110-SR;6935364006297;EAN;32,08;0;11;update;0.00;21.00
DECO M4(2-PACK);6935364085391;EAN;107,16;0;11;update;0.00;21.00
DNH-100;0790069451980;EAN;226,04;0;11;update;0.00;21.00
USW-PRO-24-POE;0817882027649;EAN;951,98;0;11;update;0.00;21.00
ARCHER T3U PLUS;6935364053413;EAN;29,06;3;11;update;0.00;21.00
USW-FLEX;52487;EAN;134,44;0;11;update;0.00;21.00
DS120J;4711174723744;EAN;142,17;0;11;update;0.00;21.00
DGS-3130-54S/SI;52532;EAN;2219,37;0;11;update;0.00;21.00
RB3011UiAS-RM;4752224002686;EAN;208,21;0;11;update;0.00;21.00
A141-0509;8436574705713;EAN;29,13;0;11;update;0.00;21.00
DAP-2662;0790069443633;EAN;225,85;0;11;update;0.00;21.00
R15;0790069459573;EAN;56,35;0;11;update;0.00;21.00
ARCHER T3U;6935364083830;EAN;28,32;6;11;update;0.00;21.00
EAP225;6935364096915;EAN;96,65;62;11;update;0.00;21.00
USW-Pro-48;0810010070616;EAN;746,63;7;11;update;0.00;21.00
DGS-1100-05PDV2;0790069453298;EAN;97,41;62;11;update;0.00;21.00
DAP-X2850;790069456947;EAN;416,94;0;11;update;0.00;21.00
DWA-X1850;0790069462283;EAN;79,61;7;11;update;0.00;21.00
DWA-181;0790069450600;EAN;38,92;0;11;update;0.00;21.00
M15-2;790069461187;EAN;140,50;0;11;update;0.00;21.00
M15-3;790069461217;EAN;166,32;0;11;update;0.00;21.00
DUB-E250;0790069457494;EAN;52,06;0;11;update;0.00;21.00
DMS-106XT;790069459818;EAN;264,96;0;11;update;0.00;21.00
COO-DOCK-02;8436556142468;EAN;26,93;0;11;update;0.00;21.00
TAPO C310;6935364010911;EAN;61,02;0;11;update;0.00;21.00
EW12;6932392828327;EAN;186,01;0;11;update;0.00;21.00
G1016D;6932392831471;EAN;77,66;0;11;update;0.00;21.00
G5328P-24-410W;6932849431742;EAN;416,36;0;11;update;0.00;21.00
G5312F;6932392831907;EAN;137,03;0;11;update;0.00;21.00
G5324-16F;6932392831976;EAN;272,91;0;11;update;0.00;21.00
TL-PA7017 KIT;6935364089054;EAN;60,36;0;11;update;0.00;21.00
TL-WPA7517 KIT;6935364052584;EAN;95,45;0;11;update;0.00;21.00
TL-SG2428P;6935364030650;EAN;383,25;7;11;update;0.00;21.00
PSE30G-AT;6932392831433;EAN;27,28;17;11;update;0.00;21.00
ER605;6935364089597;EAN;78,60;2;11;update;0.00;21.00
ARCHER C6_V3;6935364088903;EAN;56,77;0;11;update;0.00;21.00
G1024G;6932392831181;EAN;112,09;5;11;update;0.00;21.00
TL-SG105E;6935364022037;EAN;29,58;2;11;update;0.00;21.00
DGS-1100-08PV2/E;0790069467813;EAN;132,40;1;11;update;0.00;21.00
ARCHER TX50E;6935364052867;EAN;51,73;1;11;update;0.00;21.00
ARCHER T4E;6935364089931;EAN;35,94;2;11;update;0.00;21.00
10.21.4124;8433281012059;EAN;39,08;7;11;update;0.00;21.00
ARCHER T4U PLUS;6935364072636;EAN;40,36;1;11;update;0.00;21.00
TL-SG1024DE;6935364021245;EAN;123,75;4;11;update;0.00;21.00
DAP-X2810;0790069456923;EAN;152,70;0;11;update;0.00;21.00
G3310P-8-150W;6932392835165;EAN;159,58;3;11;update;0.00;21.00
G1118P-16-250W;6932392831921;EAN;230,36;1;11;update;0.00;21.00
G1126P-24-410W;6932392831938;EAN;338,70;1;11;update;0.00;21.00
G1105P-4-63W;6932392831457;EAN;47,56;2;11;update;0.00;21.00
FP-12U;8422521220880;EAN;445,55;0;11;update;0.00;21.00
FP-18U;8422521220910;EAN;505,34;0;11;update;0.00;21.00
FRA-10U;8422521220385;EAN;589,58;0;11;update;0.00;21.00
FRA-30U;8422521220118;EAN;852,55;0;11;update;0.00;21.00
FRW2-6006;8422521000598;EAN;281,79;0;11;update;0.00;21.00
FRW-4504;8422521000536;EAN;158,46;0;11;update;0.00;21.00
FRW-4506;8422521000543;EAN;198,16;0;11;update;0.00;21.00
FRW-FAN;8422521000659;EAN;24,12;0;11;update;0.00;21.00
DGS-1210-10P/E;0790069467721;EAN;215,64;0;11;update;0.00;21.00
DGS-1210-10MP/E;55302;EAN;158,28;0;11;update;0.00;21.00
DGS-1210-28/E;0790069467769;EAN;247,64;1;11;update;0.00;21.00
DGS-1210-28P/E;0790069467783;EAN;395,78;1;11;update;0.00;21.00
DGS-1210-20/E;0790069467745;EAN;218,91;0;11;update;0.00;21.00
DGS-1250-28XMP/E;0790069467882;EAN;686,28;0;11;update;0.00;21.00
DGS-1210-08P/E;0790069467691;EAN;215,64;0;11;update;0.00;21.00
DGS-1250-28X/E;0790069467875;EAN;338,91;0;11;update;0.00;21.00
U-POE+;0817882027205;EAN;26,65;93;11;update;0.00;21.00
ARCHER TXE75E;4897098687383;EAN;73,55;1;11;update;0.00;21.00
DGS-1210-52MP/E;0790069467806;EAN;782,36;0;11;update;0.00;21.00
DGS-1510-52X/E;0790069467950;EAN;1043,32;10;11;update;0.00;21.00
DGS-1210-48/E;0790069468551;EAN;503,75;0;11;update;0.00;21.00
TAPO P110;4897098682432;EAN;21,03;0;11;update;0.00;21.00
DGS-1210-26/E;0790069469664;EAN;214,85;0;11;update;0.00;21.00
Tapo S210;4897098682548;EAN;33,80;0;11;update;0.00;21.00
UE306;4897098687376;EAN;20,88;3;11;update;0.00;21.00
DGS-1210-52/E;0790069467790;EAN;459,07;0;11;update;0.00;21.00
DAP-2622;0790069457814;EAN;109,51;0;11;update;0.00;21.00
DWA-185;0790069470974;EAN;43,66;1;11;update;0.00;21.00
DS923+;4711174724451;EAN;833,01;0;11;update;0.00;21.00
DGS-1210-24P/E;0790069468537;EAN;547,12;0;11;update;0.00;21.00
DWA-X582;0790069470981;EAN;62,12;0;11;update;0.00;21.00
EAP653;4897098685235;EAN;117,11;0;11;update;0.00;21.00
TS-431K;4713213516799;EAN;479,32;0;11;update;0.00;21.00
A139-0656;8436574707731;EAN;11,32;21;11;update;0.00;21.00
A139-0657;8436574707748;EAN;14,02;2;11;update;0.00;21.00
TS-133;4711103080603;EAN;219,08;54;11;update;0.00;21.00
TL-SG1210P;6935364052980;EAN;94,70;0;11;update;0.00;21.00
TL-WPA8631P;6935364052522;EAN;118,72;0;11;update;0.00;21.00
U-POE;0817882024976;EAN;16,89;0;11;update;0.00;21.00
DGS-3130-30PS/SI;56446;EAN;1759,40;0;11;update;0.00;21.00
DGS-1100-24V2/E;0790069467844;EAN;169,88;0;11;update;0.00;21.00
DGS-1100-24PV2/E;0790069467837;EAN;313,32;0;11;update;0.00;21.00
DGS-1210-16/E;0790069467738;EAN;196,46;0;11;update;0.00;21.00
G1110P-8-150W;6932392835196;EAN;114,59;1;11;update;0.00;21.00
DUB-E130;0790069437786;EAN;27,23;5;11;update;0.00;21.00
DUB-2325;0790069468575;EAN;79,61;1;11;update;0.00;21.00
DXS-1210-12SC/E;790069467646;EAN;2308,66;0;11;update;0.00;21.00
DGS-1210-10/E;56801;EAN;125,31;0;11;update;0.00;21.00
CPE710;6935364089702;EAN;106,09;0;11;update;0.00;21.00
DUB-2327;0790069468582;EAN;70,32;0;11;update;0.00;21.00
DGS-1510-28X/E;0790069467974;EAN;548,99;0;11;update;0.00;21.00
DS223;4711174724772;EAN;371,69;1;11;update;0.00;21.00
DS723+;4711174724444;EAN;659,51;0;11;update;0.00;21.00
RACK-6U-10INCH;8435325459820;EAN;76,63;0;11;update;0.00;21.00
DGS-1100-26MPV2/E;56943;EAN;551,97;0;11;update;0.00;21.00
DGS-1520-52MP/E;0790069472046;EAN;2326,77;0;11;update;0.00;21.00
U6-PRO;0810010076830;EAN;228,92;0;11;update;0.00;21.00
DGS-3130-54PS/E;57004;EAN;2558,63;2;11;update;0.00;21.00
CPE510;6935364070922;EAN;71,45;0;11;update;0.00;21.00
UB5A;4897098687802;EAN;19,08;67;11;update;0.00;21.00
DGS-1520-52/E;0790069472039;EAN;1412,70;6;11;update;0.00;21.00
ARCHER T2E;6935364006518;EAN;30,11;4;11;update;0.00;21.00
DGS-1100-10MPV2/E;57559;EAN;253,36;0;11;update;0.00;21.00
DMS-105/E;0790069469305;EAN;123,64;0;11;update;0.00;21.00
DMS-108/E;0790069469459;EAN;149,85;0;11;update;0.00;21.00
G403;0790069466014;EAN;83,60;0;11;update;0.00;21.00
G415;790069465994;EAN;135,58;0;11;update;0.00;21.00
M32-2;790069463235;EAN;174,32;0;11;update;0.00;21.00
M32-3;790069463266;EAN;226,60;0;11;update;0.00;21.00
R32;0790069466151;EAN;138,25;0;11;update;0.00;21.00
DES-1016D;0790069221279;EAN;65,58;33;11;update;0.00;21.00
TL-PA7017P KIT;6935364089078;EAN;74,08;0;11;update;0.00;21.00
DGS-1210-28MP/E;0790069467776;EAN;733,72;8;11;update;0.00;21.00
DGS-3130-30TS/E;57736;EAN;1148,20;0;11;update;0.00;21.00
DGS-3130-30S/E;57737;EAN;1387,70;0;11;update;0.00;21.00
DGS-3130-54S/E;57738;EAN;2219,37;0;11;update;0.00;21.00
USW-48;0810010072481;EAN;559,15;0;11;update;0.00;21.00
DS223J;4711174724765;EAN;273,21;0;11;update;0.00;21.00
POE4818G;4895252501872;EAN;24,22;0;11;update;0.00;21.00
DES-1005D;0790069217524;EAN;17,77;2;11;update;0.00;21.00
UNVR;0810010073051;EAN;390,46;0;11;update;0.00;21.00
TL-SX1008;6935364030919;EAN;408,45;5;11;update;0.00;21.00
3030300;58439;EAN;36,06;0;11;update;0.00;21.00
BHR6766GL;6941812703410;EAN;43,85;0;11;update;0.00;21.00
BHR6398GL;6934177794469;EAN;46,50;0;11;update;0.00;21.00
DS423;4711174724918;EAN;538,22;7;11;update;0.00;21.00
DS224+;4711174725250;EAN;540,42;0;11;update;0.00;21.00
G1008M;6932392835271;EAN;32,54;0;11;update;0.00;21.00
TAPO TC65;4897098687635;EAN;58,30;2;11;update;0.00;21.00
TAPO C500;4897098685860;EAN;64,74;0;11;update;0.00;21.00
TX9ProV1.0;6932849426366;EAN;64,66;0;11;update;0.00;21.00
3101014-1;58996;EAN;259,35;0;11;update;0.00;21.00
M20-POE;6932392828235;EAN;88,16;7;11;update;0.00;21.00
DEM-410T;0790069442353;EAN;286,17;4;11;update;0.00;21.00
DXS-1210-16TC;0790069428548;EAN;2263,61;0;11;update;0.00;21.00
AS3302T v2;4710474831517;EAN;309,07;0;11;update;0.00;21.00
AS3304T v2;4710474831524;EAN;448,60;0;11;update;0.00;21.00
AS5402T;4710474831494;EAN;533,12;0;11;update;0.00;21.00
AS5404T;4710474831500;EAN;713,32;0;11;update;0.00;21.00
AS6702T;4710474831425;EAN;620,82;1;11;update;0.00;21.00
U7-PRO;0810084693650;EAN;240,58;0;11;update;0.00;21.00
M20-8G-POE;6932392828730;EAN;123,30;0;11;update;0.00;21.00
DGS-3130-54TS/E;0790069470028;EAN;1862,77;0;11;update;0.00;21.00
AS6704T;4710474831432;EAN;818,66;0;11;update;0.00;21.00
DAP-X3060;790069472930;EAN;161,03;0;11;update;0.00;21.00
DGS-1510-28XMP/E;0790069467943;EAN;1421,54;0;11;update;0.00;21.00
EAP110;6935364091620;EAN;46,50;0;11;update;0.00;21.00
DVB4398GL;6941948701441;EAN;20,17;0;11;update;0.00;21.00
RP3 PRO;6932849438833;EAN;37,17;0;11;update;0.00;21.00
TX201;4897098687833;EAN;29,15;0;11;update;0.00;21.00
DXS-1210-28S;790069456817;EAN;2636,09;0;11;update;0.00;21.00
DGS-3130-30PS/E;0790069469947;EAN;1031,69;0;11;update;0.00;21.00
G1016G;6932392831235;EAN;77,49;11;11;update;0.00;21.00
DIS-200G-12PS;0790069433504;EAN;777,75;2;11;update;0.00;21.00
TL-SG1005P;6935364083212;EAN;51,50;5;11;update;0.00;21.00
UK52094;8436617920011;EAN;41,49;6;11;update;0.00;21.00
UK51921;8436617920653;EAN;100,70;0;11;update;0.00;21.00
DGS-1520-28MP/E;0790069472008;EAN;1336,92;11;11;update;0.00;21.00
DXS-3410-32SY;790069473494;EAN;2803,47;0;11;update;0.00;21.00
MP510KIT;6935364072698;EAN;61,82;1;11;update;0.00;21.00
EAP653 UR;8885020620566;EAN;156,49;13;11;update;0.00;21.00
G2210P-8-102W;6932392835295;EAN;124,11;38;11;update;0.00;21.00
ARCHER TX20E;4897098688809;EAN;38,08;70;11;update;0.00;21.00
DAP-X3060OU;0790069473586;EAN;304,23;0;11;update;0.00;21.00
DGS-1250-52XMP/E;0790069467905;EAN;1108,20;0;11;update;0.00;21.00
DWL-8620AP;0790069441219;EAN;570,80;0;11;update;0.00;21.00
DEM-CB100S28;0790069456879;EAN;93,22;0;11;update;0.00;21.00
EAP610-OUTDOOR;6935364010232;EAN;211,61;0;11;update;0.00;21.00
DECO X10 2-PACK;4895252503173;EAN;142,94;53;11;update;0.00;21.00
DECO S7 3-PACK;6935364073022;EAN;172,87;0;11;update;0.00;21.00
ARCHER AX53;4897098683088;EAN;91,58;0;11;update;0.00;21.00
RE505X;6935364089511;EAN;73,20;1;11;update;0.00;21.00
TL-WPA7617 KIT;6935364010935;EAN;107,16;32;11;update;0.00;21.00
TL-MR100;6935364088804;EAN;58,87;0;11;update;0.00;21.00
TAPO TC70;4897098681718;EAN;32,85;1;11;update;0.00;21.00
TC82 KIT;8885020621617;EAN;72,97;26;11;update;0.00;21.00
T2U PLUS;6935364099862;EAN;26,53;0;11;update;0.00;21.00
ARCHER AX12;4895252500875;EAN;57,02;1;11;update;0.00;21.00
EX141;4895252502312;EAN;70,47;1;11;update;0.00;21.00
M7010;4897098683378;EAN;54,53;56;11;update;0.00;21.00
RE315;6935364072445;EAN;44,68;0;11;update;0.00;21.00
TL-SG105S;6935364083519;EAN;26,78;0;11;update;0.00;21.00
BHR6816EU;6941812704325;EAN;59,16;3;11;update;0.00;21.00
BHR8303GL;6941812775004;EAN;52,13;1;11;update;0.00;21.00
MR500;4897098682845;EAN;154,87;9;11;update;0.00;21.00
TC 40;4895252505832;EAN;57,02;45;11;update;0.00;21.00
TC71;4895252502497;EAN;35,50;13;11;update;0.00;21.00
TL-SG2210P;6935364030698;EAN;148,61;0;11;update;0.00;21.00
DS124;4711174725014;EAN;209,02;0;11;update;0.00;21.00
MB112-4G;6957939001841;EAN;47,93;34;11;update;0.00;21.00
HALO H80X 3-PACK;6957939000837;EAN;149,82;83;11;update;0.00;21.00
HALO H50G 3-PACK;6935364006662;EAN;125,83;67;11;update;0.00;21.00
HALO H50G 2-PACK;6935364006600;EAN;82,91;0;11;update;0.00;21.00
MP500 KIT;6935364072681;EAN;49,65;0;11;update;0.00;21.00
ME60X;6957939001308;EAN;40,25;2;11;update;0.00;21.00
ME30;6957939002480;EAN;40,93;0;11;update;0.00;21.00
ME10;6957939000301;EAN;19,17;60;11;update;0.00;21.00
MW300RE;6957939000462;EAN;22,77;6;11;update;0.00;21.00
DWR-960;790069460111;EAN;181,59;10;11;update;0.00;21.00
G416;790069465703;EAN;169,22;0;11;update;0.00;21.00
DWM-222/R;790069473852;EAN;75,39;0;11;update;0.00;21.00
RS422+;4711174724475;EAN;1008,93;0;11;update;0.00;21.00
DCS-8620LH;0790069462498;EAN;116,31;0;11;update;0.00;21.00
DCS-6100LHV2/E;0790069466724;EAN;60,40;0;11;update;0.00;21.00
DCS-6501LH/EC1;0790069475269;EAN;59,47;0;11;update;0.00;21.00
TX401;6935364072827;EAN;102,94;0;11;update;0.00;21.00
M30/E;0790069472824;EAN;113,98;0;11;update;0.00;21.00
E33;6932849425253;EAN;50,13;11;11;update;0.00;21.00
AX18U;0790069475511;EAN;44,70;2;11;update;0.00;21.00
MS105GS;6957939001315;EAN;18,35;0;11;update;0.00;21.00
MS108GS;6957939001339;EAN;26,12;16;11;update;0.00;21.00
MS108G;6935364099626;EAN;13,65;0;11;update;0.00;21.00
MR80X;6957939000431;EAN;49,30;0;11;update;0.00;21.00
ER8411;4897098683309;EAN;597,40;1;11;update;0.00;21.00
ER7206;6935364072391;EAN;124,20;1;11;update;0.00;21.00
EAP772;8885020623055;EAN;241,53;6;11;update;0.00;21.00
EAP723;8885020623031;EAN;134,45;0;11;update;0.00;21.00
EAP650;4897098683545;EAN;140,20;0;11;update;0.00;21.00
EAP610;4897098687772;EAN;120,63;1;11;update;0.00;21.00
EAP223;4895252500509;EAN;85,64;0;11;update;0.00;21.00
TL-SG2005P-PD;4897098689486;EAN;117,12;12;11;update;0.00;21.00
SG3452;6935364010751;EAN;477,17;1;11;update;0.00;21.00
SG2218.;6935364006419;EAN;162,78;0;11;update;0.00;21.00
U7-LITE;0810084698747;EAN;133,59;2;11;update;0.00;21.00
U6+;0810084691090;EAN;140,06;3;11;update;0.00;21.00
UDM-PRO-MAX;0810084693254;EAN;772,40;0;11;update;0.00;21.00
LS105G;6935364085445;EAN;21,42;25;11;update;0.00;21.00
TL-SG116;6935364084325;EAN;73,28;0;11;update;0.00;21.00
POE-24-24W-G;0810354023538;EAN;25,46;0;11;update;0.00;21.00
U6-IW;0810010077493;EAN;266,69;3;11;update;0.00;21.00
CPE13_MS-5AC;6932392828693;EAN;108,88;0;11;update;0.00;21.00
UACC-OM-MM-10G-D;2518061717082;EAN;68,61;0;11;update;0.00;21.00
MC110CS .;6935364030407;EAN;42,56;0;11;update;0.00;21.00
EAP725-Wall;8885020626353;EAN;195,85;0;11;update;0.00;21.00
EAP615-Wall;4897098683606;EAN;106,09;0;11;update;0.00;21.00
EAP230-Wall;6935364089481;EAN;82,47;10;11;update;0.00;21.00
EAP772-Outdoor;1210002602280;EAN;282,45;0;11;update;0.00;21.00
EAP650-Outdoor;4897098683552;EAN;203,73;0;11;update;0.00;21.00
EAP211-Bridge KIT;8885020627053;EAN;190,11;5;11;update;0.00;21.00
SG3452P;6935364006273;EAN;827,15;0;11;update;0.00;21.00
SG3428MP;6935364010737;EAN;487,18;0;11;update;0.00;21.00
SG2428P;6935364030650;EAN;351,56;0;11;update;0.00;21.00
SG2210P;6935364030698;EAN;148,61;0;11;update;0.00;21.00
SG2008P;6935364072957;EAN;120,11;5;11;update;0.00;21.00
SG2005P-PD;4897098689486;EAN;116,89;3;11;update;0.00;21.00
ES206GP;1210002600644;EAN;69,88;1;11;update;0.00;21.00
ES205GP;8885020620931;EAN;63,58;0;11;update;0.00;21.00
SG3210;6935364006396;EAN;135,99;0;11;update;0.00;21.00
SG2218;6935364006419;EAN;170,65;0;11;update;0.00;21.00
SG2008;6935364010546;EAN;104,27;0;11;update;0.00;21.00
ES205G;8885020620917;EAN;38,39;0;11;update;0.00;21.00
POE260S;4895252502220;EAN;35,25;1;11;update;0.00;21.00
POE150S;6935364030506;EAN;24,20;1;11;update;0.00;21.00
MC220L;6935364030476;EAN;28,93;48;11;update;0.00;21.00
SM5310-T;4897098687758;EAN;65,16;0;11;update;0.00;21.00
SM311LM;6935364030209;EAN;27,37;0;11;update;0.00;21.00
CPE610;6935364081027;EAN;77,77;3;11;update;0.00;21.00
TL-SG1218MP;6935364072155;EAN;224,20;0;11;update;0.00;21.00
TL-SG1016DE;6935364021269;EAN;89,94;1;11;update;0.00;21.00
TAPO P115;4897098687406;EAN;27,89;1;11;update;0.00;21.00
TX20U PLUS;4897098687888;EAN;45,18;8;11;update;0.00;21.00
RS822RP+;4711174724758;EAN;1990,39;0;11;update;0.00;21.00
AC12;6957939000479;EAN;29,74;48;11;update;0.00;21.00
TAPO T30 KIT;8885020624670;EAN;87,79;6;11;update;0.00;21.00
DECO X50-5G-1-PACK;4897098687949;EAN;445,13;2;11;update;0.00;21.00
DGS-1510-20/E;0790069467912;EAN;409,45;6;11;update;0.00;21.00
DGS-1510-28P/E;0790069467936;EAN;944,06;2;11;update;0.00;21.00
DGS-1100-16V2/E;0790069467820;EAN;183,98;3;11;update;0.00;21.00
G530V2;790069479083;EAN;323,96;0;11;update;0.00;21.00
AX9U;0790069475634;EAN;28,82;3;11;update;0.00;21.00
AC13U;0790069475740;EAN;27,16;2;11;update;0.00;21.00
DS225+;4711174726387;EAN;506,47;108;11;update;0.00;21.00
MS105G;6935364099619;EAN;16,40;0;11;update;0.00;21.00
DGS-1026MP;0790069426667;EAN;564,77;0;11;update;0.00;21.00
AS6810T;4710474831593;EAN;2482,03;0;11;update;0.00;21.00
AS1202T;4710474831937;EAN;223,75;0;11;update;0.00;21.00
AS1204T;4710474831944;EAN;380,03;0;11;update;0.00;21.00
HALO H60X 2-PAC;6957939001285;EAN;77,01;0;11;update;0.00;21.00
HALO H80X 2-PAC;6957939000691;EAN;107,03;0;11;update;0.00;21.00
BHR6619GL;6934177799921;EAN;57,63;50;11;update;0.00;21.00
BHR9166EU;6941812799161;EAN;62,96;11;11;update;0.00;21.00
BHR8301GL;6941812774984;EAN;73,15;0;11;update;0.00;21.00
BHR7747GL;6941812748244;EAN;166,46;0;11;update;0.00;21.00
TL-SG1005LP;6935364052720;EAN;42,39;0;11;update;0.00;21.00
AS6706T;4710474831449;EAN;1041,80;0;11;update;0.00;21.00
AS6804T;4710474831555;EAN;1808,11;0;11;update;0.00;21.00
AS6806T;4710474831562;EAN;2094,53;0;11;update;0.00;21.00
AS6808T;4710474831586;EAN;2347,25;0;11;update;0.00;21.00
ARCHER GE550;8885020625530;EAN;329,41;0;11;update;0.00;21.00
ARCHER GE230;1210002601771;EAN;175,45;1;11;update;0.00;21.00
ARCHER GXE75;4897098683514;EAN;166,09;0;11;update;0.00;21.00
TS-855X-8G;4711103084007;EAN;2545,11;0;11;update;0.00;21.00
OC220;1210002602457;EAN;189,23;0;11;update;0.00;21.00
AN3U;0790069475863;EAN;18,87;6;11;update;0.00;21.00
D501;790069475412;EAN;442,32;0;11;update;0.00;21.00
DAP-E9560;790069477355;EAN;348,98;1;11;update;0.00;21.00
DBR-330;790069478659;EAN;129,70;3;11;update;0.00;21.00
DBR-330-G;790069477973;EAN;346,07;0;11;update;0.00;21.00
DBR-560;790069479830;EAN;228,06;1;11;update;0.00;21.00
DBR-600-P/E;790069477409;EAN;274,18;0;11;update;0.00;21.00
DBR-700;790069477430;EAN;305,17;0;11;update;0.00;21.00
DBR-X3000-AP;790069477379;EAN;123,51;1;11;update;0.00;21.00
DCS-8526LH/E;790069476310;EAN;129,26;0;11;update;0.00;21.00
DGS-1010MP/E;0790069474101;EAN;141,16;0;11;update;0.00;21.00
DGS-1018P/E;0790069477058;EAN;197,27;1;11;update;0.00;21.00
DGS-1026P/E;790069477065;EAN;346,07;0;11;update;0.00;21.00
DGS-1530-10/E;790069474644;EAN;576,35;0;11;update;0.00;21.00
DGS-1530-20/E;790069474620;EAN;698,37;0;11;update;0.00;21.00
DGS-1530-28/E;790069473593;EAN;877,82;2;11;update;0.00;21.00
DGS-1530-28P/E;790069474590;EAN;1375,54;0;11;update;0.00;21.00
DGS-1530-28S/E;790069474446;EAN;1296,96;1;11;update;0.00;21.00
DGS-1530-52/E;790069474521;EAN;1389,11;1;11;update;0.00;21.00
DGS-1530-52P/E;790069474507;EAN;2387,42;1;11;update;0.00;21.00
DMS-1016/E;790069477027;EAN;375,58;0;11;update;0.00;21.00
DMS-1024/E;790069477041;EAN;508,17;0;11;update;0.00;21.00
DMS-105;790069469305;EAN;124,82;16;11;update;0.00;21.00
DMS-107;790069470240;EAN;142,53;1;11;update;0.00;21.00
DMS-108;790069469459;EAN;157,30;10;11;update;0.00;21.00
DMS-108P/E;790069476839;EAN;191,20;6;11;update;0.00;21.00
DMS-1100-10TP;790069437168;EAN;950,83;0;11;update;0.00;21.00
DMS-1250-10S/E;790069473678;EAN;390,32;1;11;update;0.00;21.00
DMS-1250-10SP/E;790069472435;EAN;537,82;0;11;update;0.00;21.00
DMS-1250-10SPL/E;790069473746;EAN;462,58;0;11;update;0.00;21.00
DMS-1250-12/E;790069476631;EAN;473,41;0;11;update;0.00;21.00
DMS-1250-12TP/E;790069472442;EAN;670,59;1;11;update;0.00;21.00
DMS-1250-18P/E;790069476655;EAN;851,97;0;11;update;0.00;21.00
DMS-1250-28/E;790069476662;EAN;676,56;0;11;update;0.00;21.00
DMS-1250-28P/E;790069476679;EAN;995,08;0;11;update;0.00;21.00
DMS-3130-30PS;790069467172;EAN;4426,03;0;11;update;0.00;21.00
DMS-3130-30TS;790069467554;EAN;3098,49;0;11;update;0.00;21.00
DNH-1000;0790069479373;EAN;270,21;0;11;update;0.00;21.00
DNH-3000;790069479441;EAN;655,83;0;11;update;0.00;21.00
DOM-311-TSO;790069475177;EAN;228,06;0;11;update;0.00;21.00
DSS-200G-10MP;790069468063;EAN;287,08;0;11;update;0.00;21.00
DSS-200G-10MPP;790069468070;EAN;346,07;0;11;update;0.00;21.00
DSS-200G-28MP;790069471803;EAN;609,99;0;11;update;0.00;21.00
DSS-200G-28MPP;790069471810;EAN;788,59;0;11;update;0.00;21.00
DTM-550-G;790069480706;EAN;598,31;0;11;update;0.00;21.00
DUP-A01;790069478215;EAN;69,61;2;11;update;0.00;21.00
DWM-222W/R;0790069476983;EAN;69,61;2;11;update;0.00;21.00
DWM-311;790069475238;EAN;140,21;0;11;update;0.00;21.00
DWM-311-G;790069469718;EAN;402,12;0;11;update;0.00;21.00
DWM-311-GP/E;790069476723;EAN;449,25;0;11;update;0.00;21.00
DWM-311-TP/E;790069476716;EAN;188,68;0;11;update;0.00;21.00
DWM-313;790069462528;EAN;182,65;2;11;update;0.00;21.00
DWM-314-G;790069475245;EAN;431,07;0;11;update;0.00;21.00
DWM-314-GP;790069475283;EAN;473,47;0;11;update;0.00;21.00
DWM-314-T;790069476686;EAN;176,56;0;11;update;0.00;21.00
DWM-314-TP;790069476693;EAN;225,04;0;11;update;0.00;21.00
DWM-530-T;790069476709;EAN;234,74;0;11;update;0.00;21.00
DWM-550-G;790069475290;EAN;552,25;0;11;update;0.00;21.00
DWP-1010/KT;790069473364;EAN;537,82;0;11;update;0.00;21.00
DWR-932W;0790069477003;EAN;58,30;6;11;update;0.00;21.00
DXS-1210-10MP/E;790069476624;EAN;965,58;3;11;update;0.00;21.00
DXS-1210-10TS/E;790069467639;EAN;1526,09;0;11;update;0.00;21.00
DXS-1210-12TC/E;790069467653;EAN;1924,36;0;11;update;0.00;21.00
DXS-1210-16TC/E;790069467660;EAN;2263,61;0;11;update;0.00;21.00
DXS-1210-28T;790069456800;EAN;3100,08;1;11;update;0.00;21.00
DXS-1250-28YP/E;790069478598;EAN;3664,91;0;11;update;0.00;21.00
DXS-3130-28/E;790069476945;EAN;4209,01;0;11;update;0.00;21.00
DXS-3130-28P/E;790069474125;EAN;4431,92;0;11;update;0.00;21.00
DXS-3410-32XY;790069473517;EAN;4278,51;0;11;update;0.00;21.00
E30/E;790069473951;EAN;84,99;0;11;update;0.00;21.00
F518;790069477461;EAN;253,98;0;11;update;0.00;21.00
F530/B1;790069476884;EAN;375,58;0;11;update;0.00;21.00
G403C/E;790069476860;EAN;105,69;0;11;update;0.00;21.00
G530;790069476020;EAN;382,96;0;11;update;0.00;21.00
G572;790069479878;EAN;564,93;0;11;update;0.00;21.00
M30-2;790069472831;EAN;154,31;1;11;update;0.00;21.00
M36/E;790069470400;EAN;109,91;0;11;update;0.00;21.00
M60;790069474668;EAN;161,69;3;11;update;0.00;21.00
M60-2;790069474675;EAN;315,11;0;11;update;0.00;21.00
M95;790069476501;EAN;294,45;0;11;update;0.00;21.00
R15/E;0790069459566;EAN;62,26;0;11;update;0.00;21.00
R95;790069476495;EAN;294,45;0;11;update;0.00;21.00
TL-SG1008P;6935364021160;EAN;52,65;5;11;update;0.00;21.00
TS-216G;4711103085066;EAN;370,53;27;11;update;0.00;21.00
TL-SG105-M2;6935364052881;EAN;68,39;7;11;update;0.00;21.00
LS105GP;4895252504545;EAN;40,30;19;11;update;0.00;21.00
EAP113-OUTDOOR;4895252503494;EAN;52,83;0;11;update;0.00;21.00
VJB-240;1210002603058;EAN;30,31;0;11;update;0.00;21.00
ARCHER TX1800U NANO;8885020627343;EAN;34,61;0;11;update;0.00;21.00
DECO X10 3-PACK;4895252502480;EAN;171,22;0;11;update;0.00;21.00
RE300;6935364085520;EAN;46,16;32;11;update;0.00;21.00
RE705X;4897098683347;EAN;95,46;13;11;update;0.00;21.00
TC60;4897098681695;EAN;37,79;0;11;update;0.00;21.00
SG2218P;4897098689509;EAN;306,08;0;11;update;0.00;21.00
DS925+;4711174726004;EAN;890,15;52;11;update;0.00;21.00
LS1005G;6935364085469;EAN;20,16;9;11;update;0.00;21.00
MR6400;1210002609296;EAN;89,07;0;11;update;0.00;21.00
CPE6S;6932392828952;EAN;78,49;0;11;update;0.00;21.00
ER706WP-4G;8885020627428;EAN;376,96;0;11;update;0.00;21.00
R8R49A;0190017602424;EAN;191,85;0;11;update;0.00;21.00
ER703WP-4G-OUTDOOR;8885020626858;EAN;302,94;0;11;update;0.00;21.00
CSS326-24G-2S+RM;4752224002334;EAN;177,15;5;11;update;0.00;21.00
SG2210MP;6935364030674;EAN;211,13;0;11;update;0.00;21.00
SG3428;6935364010713;EAN;268,45;0;11;update;0.00;21.00
ES224G;1210002600705;EAN;137,59;0;11;update;0.00;21.00
EAP655-WALL;4897098683576;EAN;124,99;0;11;update;0.00;21.00
EAP660 HD;4895252506167;EAN;321,83;11;11;update;0.00;21.00
UACC-POE+-2.5G;0810084699461;EAN;36,07;0;11;update;0.00;21.00
DECO BE25 2-PACK;8885020620689;EAN;275,60;91;11;update;0.00;21.00
DECO X55 2-PACK;4897098683002;EAN;189,80;0;11;update;0.00;21.00
Archer MR402;8885020625752;EAN;94,97;0;11;update;0.00;21.00
TL-SG1005P-PD;4895252501117;EAN;49,03;25;11;update;0.00;21.00
TL-SG108-M2;6935364052904;EAN;99,74;0;11;update;0.00;21.00
TL-WR1502X;4895252503449;EAN;55,03;0;11;update;0.00;21.00
TC42;8885020627398;EAN;80,44;3;11;update;0.00;21.00
C320WS;4897098687031;EAN;63,93;3;11;update;0.00;21.00
USB-AX55 NANO;4711081760795;EAN;40,54;0;11;update;0.00;21.00
RP-N12;4716659987468;EAN;29,66;3;11;update;0.00;21.00
4G-N16;4711081469490;EAN;58,09;40;11;update;0.00;21.00
RT-AX52 PRO;4711387891971;EAN;77,74;2;11;update;0.00;21.00
RT-AX53U;4711081059875;EAN;65,49;4;11;update;0.00;21.00
RT-AX57 GO;4711387193792;EAN;73,58;10;11;update;0.00;21.00
RT-BE82U;4711387627655;EAN;210,08;4;11;update;0.00;21.00
SG3428XMP;6935364030773;EAN;597,40;0;11;update;0.00;21.00
TL-MR6400 EU;1210002609661;EAN;87,92;0;11;update;0.00;21.00
MC220L V;1210002611077;EAN;28,93;14;11;update;0.00;21.00
POE160S;1210002617284;EAN;31,50;2;11;update;0.00;21.00
TL-SG1428PE;1210002617123;EAN;290,34;0;11;update;0.00;21.00
DAP-X3060W;0790069477348;EAN;183,41;0;11;update;0.00;21.00
TAPO A201;8885020620405;EAN;30,53;0;11;update;0.00;21.00
121001;65500;EAN;802,84;0;11;update;0.00;21.00
EAP215-BRIDGE KIT;1210002603744;EAN;203,73;7;11;update;0.00;21.00
DS725+ 8TB;8435797000414;EAN;1314,75;0;11;update;3.00;21.00
UF-SPLITTER-16;0817882026826;EAN;37,87;1;11;update;0.00;21.00
UF-SPLITTER-8;0817882026819;EAN;23,79;1;11;update;0.00;21.00
SM311LS;1210002612043;EAN;25,64;2;11;update;0.00;21.00
TL-SG116P;4895252500301;EAN;137,77;4;11;update;0.00;21.00
LS108G;1210002616232;EAN;29,80;16;11;update;0.00;21.00
DES-1024D;0790069246111;EAN;74,66;1;11;update;0.00;21.00
DUB-E100;0790069245954;EAN;21,41;0;11;update;0.00;21.00
COO-TGH3W-2;8436556140389;EAN;9,51;34;11;update;0.00;21.00
51792;6940533542087;EAN;10,36;0;11;update;0.00;21.00
NXHUMMERH212;8436532164323;EAN;29,22;21;11;update;0.00;21.00
51789;6940533542049;EAN;9,69;4;11;update;0.00;21.00
51790;6940533542056;EAN;10,36;0;11;update;0.00;21.00
51791;6940533542063;EAN;9,94;0;11;update;0.00;21.00
COO-VAU120-3;8436556142956;EAN;11,19;0;11;update;0.00;21.00
51796;6940533542681;EAN;11,77;0;11;update;0.00;21.00
51798;6940533542711;EAN;12,53;0;11;update;0.00;21.00
51799;6940533542728;EAN;12,72;0;11;update;0.00;21.00
831101;6940533542414;EAN;17,09;0;11;update;0.00;21.00
831102;6940533542445;EAN;12,44;2;11;update;0.00;21.00
832301;6940533542322;EAN;32,02;0;11;update;0.00;21.00
832403;6940533542339;EAN;38,22;0;11;update;0.00;21.00
832501;6940533542353;EAN;62,57;0;11;update;0.00;21.00
834102;6940533542407;EAN;10,81;0;11;update;0.00;21.00
CT-9010001-WW;0843591074506;EAN;14,01;2;11;update;0.00;21.00
CT-9010002-WW;0843591074513;EAN;21,20;0;11;update;0.00;21.00
51801;6940533544951;EAN;24,78;1;11;update;0.00;21.00
DP-MCAL-GA;6933412708483;EAN;14,16;33;11;update;0.00;21.00
R-AK400-BKNNMN-G-1;6933412727446;EAN;41,10;172;11;update;0.00;21.00
R-AK400-WHNNMN-G-1;6933412727422;EAN;46,81;30;11;update;0.00;21.00
R-AG200-BKNNMN-G;6933412727903;EAN;21,27;172;11;update;0.00;21.00
R-AG300-BKNNMN-G;6933412727897;EAN;25,38;136;11;update;0.00;21.00
R-AK400-BKNNMN-G-2;6933412727804;EAN;48,26;28;11;update;0.00;21.00
R-AK620-BKNNMT-G-1;6933412727842;EAN;84,28;277;11;update;0.00;21.00
R-AG400-BKNNMN-G-1;6933412727590;EAN;33,60;145;11;update;0.00;21.00
R-LS520-BKAMNT-G-1;6933412727484;EAN;90,01;0;11;update;0.00;21.00
R-AK500-WHNNMT-G;6933412727965;EAN;71,26;16;11;update;0.00;21.00
R-AK500-BKNNMT-G-1;6933412727972;EAN;71,26;50;11;update;0.00;21.00
R-LS520-WHAMNT-G-1;6933412727651;EAN;106,03;39;11;update;0.00;21.00
RL-KN28E-B1;5056547202211;EAN;166,38;0;11;update;0.00;21.00
RL-KR280-W1;5056547202679;EAN;150,45;0;11;update;0.00;21.00
UK532023;6974560220403;EAN;14,90;0;11;update;0.00;21.00
CX-9052006-WW;0843591081382;EAN;42,59;0;11;update;0.00;21.00
CX-9052027-WW;0843591081597;EAN;42,59;6;11;update;0.00;21.00
R-LS520-WHAMMM-G-1;6933412727996;EAN;75,78;0;11;update;0.00;21.00
R-ASN4-BKNNMT-G;6933412728092;EAN;117,15;19;11;update;0.00;21.00
R-AN600-BKNNMN-G;6933412728146;EAN;58,77;20;11;update;0.00;21.00
UK351101;6974560220915;EAN;65,56;0;11;update;0.00;21.00
UK352101;6974560220922;EAN;75,77;35;11;update;0.00;21.00
UK353101;6974560220939;EAN;87,69;17;11;update;0.00;21.00
AB832406;6974560222612;EAN;44,23;10;11;update;0.00;21.00
AB832407;6974560222629;EAN;46,65;9;11;update;0.00;21.00
AB311001B;6974560222858;EAN;33,01;0;11;update;0.00;21.00
AB311001W;6974560222926;EAN;32,69;6;11;update;0.00;21.00
AB831104;6974560222384;EAN;16,39;0;11;update;0.00;21.00
AB831105;6974560222391;EAN;36,12;11;11;update;0.00;21.00
AB831106;6974560222407;EAN;44,59;1;11;update;0.00;21.00
CO-9051001-WW;0840006697930;EAN;67,60;0;11;update;0.00;21.00
CO-9051002-WW;0840006697947;EAN;223,62;0;11;update;0.00;21.00
CO-9051004-WW;0840006697961;EAN;168,18;0;11;update;0.00;21.00
CO-9051005-WW;0840006697978;EAN;63,86;0;11;update;0.00;21.00
CO-9051006-WW;0840006697985;EAN;208,91;0;11;update;0.00;21.00
CO-9051007-WW;0840006697992;EAN;80,32;0;11;update;0.00;21.00
CO-9051008-WW;0840006698005;EAN;168,18;0;11;update;0.00;21.00
80.80.25;6940533543503;EAN;16,89;4;11;update;0.00;21.00
UK532002;6974560220649;EAN;15,02;25;11;update;0.00;21.00
CX-9020021-WW;0840006600848;EAN;327,03;0;11;update;0.00;21.00
R-ASN4-WHNNMT-G;6933412728382;EAN;117,15;22;11;update;0.00;21.00
DG-KRL120-3-AR;8436556144110;EAN;65,18;0;11;update;0.00;21.00
CX-9025001-WW;0840006669357;EAN;207,03;0;11;update;0.00;21.00
R-AK500-WHADMN-G;6933412728276;EAN;83,39;16;11;update;0.00;21.00
VK-AIODR240B;5298003820076;EAN;153,72;4;11;update;0.00;21.00
VK-AIODR240W;5298003820106;EAN;153,72;8;11;update;0.00;21.00
VK-AIODR360B;5298003820083;EAN;207,49;0;11;update;0.00;21.00
VK-AIOSY240B;5298003820137;EAN;216,20;13;11;update;0.00;21.00
VK-AIOSY240W;5298003820151;EAN;216,43;9;11;update;0.00;21.00
VK-AIRSL125B;5298003820175;EAN;70,57;0;11;update;0.00;21.00
VK-AIRSL125W;5298003820182;EAN;70,57;0;11;update;0.00;21.00
VK-FANX12FB;5298003820250;EAN;42,03;0;11;update;0.00;21.00
CT-9010011-WW;0840006692843;EAN;138,81;0;11;update;0.00;21.00
R-LX550-BKDSNC-G-1;6933412728771;EAN;167,45;69;11;update;0.00;21.00
VK-AIOJR240B;5298003820014;EAN;151,84;0;11;update;0.00;21.00
VK-AIOJR240W;5298003820045;EAN;79,82;0;11;update;0.00;21.00
VK-AIOJR360B;5298003820021;EAN;164,49;0;11;update;0.00;21.00
VK-AIOJR360W;5298003820052;EAN;168,82;0;11;update;0.00;21.00
VK-AIODR360W;5298003820113;EAN;193,68;0;11;update;0.00;21.00
VK-AIOSY360B;5298003820144;EAN;307,34;0;11;update;0.00;21.00
VK-AIOSY360W;5298003820168;EAN;254,53;0;11;update;0.00;21.00
CT-9010010-WW;0840006692379;EAN;28,03;16;11;update;0.00;21.00
FAN-HYTE-Q60-BW;1220000350649;EAN;164,78;4;11;update;0.00;21.00
FAN-HYTE-FP12-BW-3NP;1220000350670;EAN;85,18;4;11;update;0.00;21.00
CO-9050170-WW;0840006669944;EAN;54,01;0;11;update;0.00;21.00
CO-9050171-WW;0840006669951;EAN;123,64;0;11;update;0.00;21.00
CO-9050174-WW;0840006679134;EAN;61,82;0;11;update;0.00;21.00
CO-9050175-WW;0840006679141;EAN;96,23;0;11;update;0.00;21.00
R-LT240-BKAMNC-G-1;6933412728894;EAN;106,11;36;11;update;0.00;21.00
R-LT240-WHAMNC-G-1;6933412728900;EAN;90,77;34;11;update;0.00;21.00
R-LT360-WHAMNC-G-1;6933412728924;EAN;113,91;12;11;update;0.00;21.00
VK-FANV12RB;5298003820236;EAN;7,16;0;11;update;0.00;21.00
VK-FANV12FW;5298003820229;EAN;25,89;0;11;update;0.00;21.00
VK-FANV12FB;5298003820212;EAN;32,23;0;11;update;0.00;21.00
VK-FANV12RW;5298003820243;EAN;25,89;0;11;update;0.00;21.00
CO-9050180-WW;0840006684121;EAN;28,02;3;11;update;0.00;21.00
CO-9050181-WW;0840006684138;EAN;62,81;0;11;update;0.00;21.00
CO-9050184-WW;0840006684169;EAN;26,32;0;11;update;0.00;21.00
CO-9050185-WW;0840006684176;EAN;58,77;0;11;update;0.00;21.00
CO-9050189-WW;0840006684213;EAN;41,64;5;11;update;0.00;21.00
CO-9050193-WW;0840006684251;EAN;41,19;1;11;update;0.00;21.00
CW-9060088-WW;0840006687528;EAN;120,86;4;11;update;0.00;21.00
CW-9060089-WW;0840006687535;EAN;164,03;1;11;update;0.00;21.00
CW-9060092-WW;0840006687566;EAN;134,84;4;11;update;0.00;21.00
CW-9060093-WW;0840006687573;EAN;163,32;7;11;update;0.00;21.00
CW-9060094-WW;0840006687580;EAN;134,39;4;11;update;0.00;21.00
CW-9060095-WW;0840006687597;EAN;165,36;3;11;update;0.00;21.00
CT-9010015-WW;0840006687832;EAN;21,02;16;11;update;0.00;21.00
CW-9061016-WW;0840006685418;EAN;202,62;0;11;update;0.00;21.00
CW-9061020-WW;0840006685456;EAN;200,94;1;11;update;0.00;21.00
CW-9061018-WW;0840006685432;EAN;241,48;3;11;update;0.00;21.00
CW-9061021-WW;0840006685463;EAN;239,02;4;11;update;0.00;21.00
R-LX240-WHDSNMCP-G-1;6933412729068;EAN;165,68;0;11;update;0.00;21.00
R-LX750-BKADSNC-G-1;6933412728887;EAN;210,16;0;11;update;0.00;21.00
R-LX360-WHDSNMCP-G-1;6933412729075;EAN;208,22;0;11;update;0.00;21.00
R-ASN4-BKNVMD-G;6933412729136;EAN;161,53;27;11;update;0.00;21.00
CW-9061022-WW;0840440482949;EAN;321,09;5;11;update;0.00;21.00
CW-9061025-WW;0840440482970;EAN;345,14;5;11;update;0.00;21.00
CW-9061023-WW;0840440482956;EAN;348,49;0;11;update;0.00;21.00
CW-9061026-WW;0840440482987;EAN;346,43;1;11;update;0.00;21.00
NXHUMMERM360ARGB;8436587973925;EAN;121,88;0;11;update;0.00;21.00
NXHUMMERM360ARGBW;8436587974199;EAN;121,97;0;11;update;0.00;21.00
NXHUMMERM240ARGB;8436587975431;EAN;91,34;5;11;update;0.00;21.00
NXHUMMERM240ARGBW;8436587975448;EAN;90,85;0;11;update;0.00;21.00
CO-9051009-WW;0840006680833;EAN;48,23;0;11;update;0.00;21.00
CO-9051010-WW;0840006680840;EAN;117,82;0;11;update;0.00;21.00
CO-9051017-WW;0840006680918;EAN;47,80;0;11;update;0.00;21.00
CO-9051021-WW;0840006680956;EAN;45,47;0;11;update;0.00;21.00
CO-9051018-WW;0840006680925;EAN;125,43;1;11;update;0.00;21.00
CO-9051022-WW;0840006680963;EAN;136,20;0;11;update;0.00;21.00
CO-9051023-WW;0840006680970;EAN;7,16;0;11;update;0.00;21.00
VK-AIOA360B;5298003820892;EAN;121,10;8;11;update;0.00;21.00
VK-AIOA360W;5298003820922;EAN;121,10;158;11;update;0.00;21.00
VK-AIOVL240B;5298003821196;EAN;134,61;22;11;update;0.00;21.00
VK-AIOVL240W;5298003821172;EAN;137,19;13;11;update;0.00;21.00
VK-AIOVL360W;5298003821189;EAN;152,35;9;11;update;0.00;21.00
VK-AIOVL360B;5298003821202;EAN;150,30;4;11;update;0.00;21.00
R-AK620-BKAPMN-G;6933412728818;EAN;101,98;51;11;update;0.00;21.00
80.40.28;6940533543480;EAN;17,60;0;11;update;0.00;21.00
80.60.25;6940533543497;EAN;14,47;0;11;update;0.00;21.00
80.120,25;6940533543510;EAN;15,32;14;11;update;0.00;21.00
UK352102;6974560221189;EAN;80,51;0;11;update;0.00;21.00
UK353102;6974560221202;EAN;83,26;1;11;update;0.00;21.00
UK532022;6974560220380;EAN;16,43;98;11;update;0.00;21.00
AB324011;8436617920431;EAN;140,61;2;11;update;0.00;21.00
AB324012;8436617920448;EAN;130,72;0;11;update;0.00;21.00
AB336011;8436617920455;EAN;161,74;5;11;update;0.00;21.00
AB336012;8436617920462;EAN;161,74;23;11;update;0.00;21.00
VK-AIOA240B;5298003820878;EAN;109,68;0;11;update;0.00;21.00
VK-AIOA240W;5298003820908;EAN;109,68;24;11;update;0.00;21.00
NXHUMMERH400;8436587975288;EAN;48,16;0;11;update;0.00;21.00
NXHUMMERH500;8436587975301;EAN;43,80;19;11;update;0.00;21.00
28400-AW2360-3CBR;4719331554002;EAN;133,07;38;11;update;0.00;21.00
EXWC-FX-1120R-B;6977277361551;EAN;64,16;16;11;update;0.00;21.00
EXWC-FX-1120R-W;6977277368635;EAN;65,14;51;11;update;0.00;21.00
EXWC-VX-1240R-B;6977277360523;EAN;82,02;79;11;update;0.00;21.00
EXWC-VX-1240R-W;6977277362435;EAN;83,15;15;11;update;0.00;21.00
EXWC-VX-1360R-B;6977277369724;EAN;103,45;78;11;update;0.00;21.00
EXWC-VX-1360R-W;6977277363357;EAN;100,22;72;11;update;0.00;21.00
CO-9051025-WW;0840006682882;EAN;54,73;0;11;update;0.00;21.00
CO-9051026-WW;0840006682899;EAN;144,39;0;11;update;0.00;21.00
CO-9051029-WW;0840006682929;EAN;56,73;0;11;update;0.00;21.00
CO-9051030-WW;0840006682936;EAN;170,02;0;11;update;0.00;21.00
CO-9051049-WW;0840006688686;EAN;52,11;17;11;update;0.00;21.00
CO-9051050-WW;0840006688693;EAN;146,30;0;11;update;0.00;21.00
CO-9051053-WW;0840006688723;EAN;55,61;4;11;update;0.00;21.00
CO-9051054-WW;0840006688730;EAN;145,07;1;11;update;0.00;21.00
GP-AORUSWATERFORCEII;4719331553999;EAN;116,51;0;11;update;0.00;21.00
COO-VA-12AR02;8436556143069;EAN;13,18;6;11;update;0.00;21.00
R-LE240-BKAMMC-G-2;6933412729211;EAN;77,66;126;11;update;0.00;21.00
R-LE240-WHAMMN-G-2;6933412729297;EAN;76,43;4;11;update;0.00;21.00
R-LE360-BKAMMC-G-2;6933412729228;EAN;92,06;82;11;update;0.00;21.00
R-LE360-WHAMMN-G-2;6933412729303;EAN;95,73;28;11;update;0.00;21.00
R-AG400-BKAMMN-GJD;6933412729310;EAN;37,09;255;11;update;0.00;21.00
R-AG400-WHAMMN-GJD;6933412729327;EAN;37,06;51;11;update;0.00;21.00
R-AG620-BKAMMN-GJD;6933412729242;EAN;66,97;30;11;update;0.00;21.00
R-AG620-WHAMMN-GJD;6933412729235;EAN;66,97;39;11;update;0.00;21.00
R-FL12R-BKAPN1-G;6933412785156;EAN;37,01;0;11;update;0.00;21.00
R-FL12R-WHAPN1-G;6933412785163;EAN;37,01;27;11;update;0.00;21.00
COO-VCPU-4-ARB;8436624420153;EAN;29,93;5;11;update;0.00;21.00
28400-GM36I-2CWR;4719331555344;EAN;108,99;13;11;update;0.00;21.00
28400-GM360-2CBR;4719331555337;EAN;101,18;0;11;update;0.00;21.00
VK-SUR125B;0529800382018;EAN;42,51;34;11;update;0.00;21.00
VK-SUR125W;0529800382025;EAN;42,51;31;11;update;0.00;21.00
AB324013;8436617920998;EAN;67,52;0;11;update;0.00;21.00
AB336013;8436617920974;EAN;81,66;0;11;update;0.00;21.00
S1200;62189;EAN;12,18;24;11;update;0.00;21.00
S1700;62190;EAN;12,18;0;11;update;0.00;21.00
AMD4;62191;EAN;12,30;18;11;update;0.00;21.00
R-AG500-BKAMMN-GJD;6933412729334;EAN;43,89;44;11;update;0.00;21.00
28400-GM240-1CBR;4719331555856;EAN;92,53;13;11;update;0.00;21.00
EXAC-VT-100-R-B;6977277369182;EAN;40,43;52;11;update;0.00;21.00
EXAC-VT-100-R-W;6977277369274;EAN;40,43;35;11;update;0.00;21.00
EXAC-VT-300-R-B;6977277369281;EAN;59,41;49;11;update;0.00;21.00
EXAC-VT-300-R-W;6977277369199;EAN;59,41;31;11;update;0.00;21.00
EXAC-GL-100-R-B;6977277369298;EAN;54,65;44;11;update;0.00;21.00
EXAC-GL-100-R-W;6977277369205;EAN;54,65;29;11;update;0.00;21.00
EXAC-GL-300-R-B;6977277369595;EAN;68,90;51;11;update;0.00;21.00
EXAC-GL-300-R-W;6977277369519;EAN;68,90;27;11;update;0.00;21.00
COO-KRL120-4-ARB;8436624420122;EAN;46,01;0;11;update;0.00;21.00
COO-KRL240-4-ARB;8436624420139;EAN;64,72;0;11;update;0.00;21.00
COO-VAU-ARX4;8436624420962;EAN;32,94;2;11;update;0.00;21.00
COO-VA-12AR02W;8436624420726;EAN;13,01;3;11;update;0.00;21.00
COO-KRL240-4-ARW;8436624420146;EAN;64,53;6;11;update;0.00;21.00
R-LQ360-BKLSMW-G-1;6933412729167;EAN;180,53;0;11;update;0.00;21.00
R-LQ360-WHDSMC-G-1;6933412729280;EAN;158,51;0;11;update;0.00;21.00
R-FL12-BKAPN3-G;6933412711087;EAN;72,44;0;11;update;0.00;21.00
RR-FL12-WHAPN3-G;6933412711094;EAN;72,44;0;11;update;0.00;21.00
R-ASN4-WHNVNN-GJD;6933412729433;EAN;131,27;4;11;update;0.00;21.00
UK324101;8436617921209;EAN;29,73;0;11;update;0.00;21.00
R-LM240-BKDMMC-1;6933412729457;EAN;91,48;53;11;update;0.00;21.00
WH R-LM240-WHDMMC-1;6933412729464;EAN;88,28;0;11;update;0.00;21.00
R-LM360-BKDMMC-1;6933412729471;EAN;112,34;29;11;update;0.00;21.00
R-LM360-WHDMMC-1;6933412729488;EAN;108,35;0;11;update;0.00;21.00
R-LQ240-BKLSMW-G-1;6933412729150;EAN;140,15;15;11;update;0.00;21.00
R-LQ240-WHDSMC-G-1;6933412729273;EAN;147,77;2;11;update;0.00;21.00
R-ASN4-BKNVNN-GJD;6933412729761;EAN;131,27;24;11;update;0.00;21.00
R-FL12-BKAPN1-G;6933412711063;EAN;29,38;45;11;update;0.00;21.00
R-FL12SE-BKAPN3-G;6933412785316;EAN;32,06;6;11;update;0.00;21.00
EXFN-12CS1-B;6977277360196;EAN;16,66;46;11;update;0.00;21.00
EXFN-12CS1-W;6977277360202;EAN;16,66;48;11;update;0.00;21.00
EXFN-12C11-B;6977277360240;EAN;16,66;54;11;update;0.00;21.00
EXFN-12C11-W;6977277360257;EAN;16,66;51;11;update;0.00;21.00
CW-9061031-WW;0840440400332;EAN;178,56;4;11;update;0.00;21.00
CW-9061033-WW;0840440400356;EAN;220,90;0;11;update;0.00;21.00
R-SPT360-BKDSMP-G-1;6933412729631;EAN;223,86;10;11;update;0.00;21.00
R-LQ360-BKASMC-G-1;6933412729808;EAN;148,28;10;11;update;0.00;21.00
R-LQ360-WHASMC-G-1;6933412729815;EAN;154,24;4;11;update;0.00;21.00
AK620G2-BKNNMN-GJD-1;6933412729716;EAN;92,43;32;11;update;0.00;21.00
AK500G2-BKNNMN-GJD-1;6933412729686;EAN;75,86;18;11;update;0.00;21.00
AK400G2-BKNNMN-GJD-1;6933412729679;EAN;64,12;34;11;update;0.00;21.00
R-AK620G2-BKNNMN-GJ;6933412729693;EAN;86,66;11;11;update;0.00;21.00
R-AK620G2-WHNNMN-GJD;6933412729709;EAN;86,66;5;11;update;0.00;21.00
R-AK400G2-BKNNMN-GJ;6933412729655;EAN;52,40;21;11;update;0.00;21.00
R-AK400G2-WHNNMN-GJD;6933412729662;EAN;52,40;10;11;update;0.00;21.00
R-AK620-BKADMN-GJD;6933412729518;EAN;71,94;13;11;update;0.00;21.00
R-AK400-BKADMN-GJD;6933412729495;EAN;40,49;14;11;update;0.00;21.00
GP-GIGABYTEEAGLE360I;4719331557126;EAN;101,05;6;11;update;0.00;21.00
28400-EA360-1CBR;4719331557119;EAN;101,57;33;11;update;0.00;21.00
COO-TGZ8W-2;8436624423604;EAN;7,16;0;11;update;0.00;21.00
920-002550;5099206020580;EAN;31,49;0;11;update;0.00;21.00
920-002518;5099206021372;EAN;23,31;33;11;update;0.00;21.00
920-002499;5099206020825;EAN;23,38;26;11;update;0.00;21.00
920-003159;5099206029835;EAN;34,84;4;11;update;0.00;21.00
920-003978;5099206033542;EAN;53,42;0;11;update;0.00;21.00
920-004513;5099206039193;EAN;40,99;1;11;update;0.00;21.00
920-003746;5099206032927;EAN;43,98;0;11;update;0.00;21.00
920-007137;5099206059351;EAN;50,80;7;11;update;0.00;21.00
920-007919;5099206063914;EAN;43,24;14;11;update;0.00;21.00
910-004861;5099206070011;EAN;140,31;0;11;update;0.00;21.00
SPIKE;8435430612219;EAN;17,74;1;11;update;0.00;21.00
22221;8713439222210;EAN;20,40;1;11;update;0.00;21.00
920-008680;5099206077423;EAN;70,62;12;11;update;0.00;21.00
920-008228;5099206066892;EAN;124,81;0;11;update;0.00;21.00
KM6300-SP;4719331551193;EAN;22,74;1;11;update;0.00;21.00
COO-TEW01-BK;8436556148743;EAN;24,05;25;11;update;0.00;21.00
23982;8713439239829;EAN;19,83;180;11;update;0.00;21.00
920-009198;5099206086548;EAN;66,23;2;11;update;0.00;21.00
920-009199;5099206086555;EAN;69,44;2;11;update;0.00;21.00
PCC-KTR-001;8436556143380;EAN;13,78;27;11;update;0.00;21.00
CH-9226765-ES;0840006631736;EAN;91,99;2;11;update;0.00;21.00
920-009798;5099206092419;EAN;49,74;0;11;update;0.00;21.00
920-009822;5099206092570;EAN;51,55;98;11;update;0.00;21.00
50542;6940533542223;EAN;18,20;5;11;update;0.00;21.00
920-010105;5099206094949;EAN;131,99;98;11;update;0.00;21.00
CH-9189010-ES;0840006652861;EAN;251,26;0;11;update;0.00;21.00
COO-KTR-01U;8436556141706;EAN;16,22;16;11;update;0.00;21.00
UK505447;6974560220212;EAN;33,98;0;11;update;0.00;21.00
UK505445;6974560220304;EAN;27,88;4;11;update;0.00;21.00
UK505443;6974560220168;EAN;24,99;8;11;update;0.00;21.00
UK505449;6974560220229;EAN;24,13;0;11;update;0.00;21.00
EUPHORIAKIT;8435430619072;EAN;21,70;3;11;update;0.00;21.00
CH-9226C65-ES;0840006666493;EAN;72,49;2;11;update;0.00;21.00
CH-91D401L-ES;0840006667278;EAN;217,47;0;11;update;0.00;21.00
NXKROMKASICTKL;8436587972713;EAN;36,94;10;11;update;0.00;21.00
NXKROMKREATORSP;8436587974489;EAN;51,98;43;11;update;0.00;21.00
NXKROMKRNL;8436532166709;EAN;58,05;0;11;update;0.00;21.00
NXKROMKLSTRSP;8436587971532;EAN;51,65;0;11;update;0.00;21.00
NXKROMKENYA;8436587973895;EAN;55,19;0;11;update;0.00;21.00
COO-TEC04DNI;8436556141980;EAN;32,69;17;11;update;0.00;21.00
920-010998;5099206105188;EAN;114,33;0;11;update;0.00;21.00
CH-914901E-ES;0840006678892;EAN;203,95;2;11;update;0.00;21.00
CH-911911E-ES;0840006678748;EAN;137,44;0;11;update;0.00;21.00
MWR53Y/A;0195949484612;EAN;576,38;15;11;update;0.00;21.00
FANTASYKITBLUE;8435430625417;EAN;33,73;14;11;update;0.00;21.00
FANTASYKITPINK;8435430625455;EAN;50,92;0;11;update;0.00;21.00
ECLIPSEKIT;8435430625011;EAN;63,72;3;11;update;0.00;21.00
920-012227;5099206115651;EAN;77,22;25;11;update;0.00;21.00
CH-910971E-ES;0840006665656;EAN;137,44;0;11;update;0.00;21.00
NXKROMKERNELPROSP;8436587975165;EAN;80,88;5;11;update;0.00;21.00
50543;6940533542636;EAN;74,76;0;11;update;0.00;21.00
50534;6940533541943;EAN;16,84;0;11;update;0.00;21.00
805T1AA;0197497176926;EAN;32,80;33;11;update;0.00;21.00
664R5AA;0196548244157;EAN;29,99;83;11;update;0.00;21.00
240J7AA;0196786788062;EAN;28,35;0;11;update;0.00;21.00
2V9E6AA;0197029648808;EAN;45,10;0;11;update;0.00;21.00
3L1E7AA;0195908430049;EAN;44,45;60;11;update;0.00;21.00
9SR36AA;0194721887719;EAN;7,56;0;11;update;0.00;21.00
9SR37AA;0194721888204;EAN;34,03;0;11;update;0.00;21.00
1Y4D0UT;0198122958016;EAN;43,03;216;11;update;0.00;21.00
286J4AA;0195161118944;EAN;42,78;0;11;update;0.00;21.00
805T2AA;0197497177367;EAN;42,78;12;11;update;0.00;21.00
3L1F0AA;0195908430889;EAN;72,15;0;11;update;0.00;21.00
CH-9216065-ES;0840440490432;EAN;73,16;1;11;update;0.00;21.00
920-010917;5099206105546;EAN;61,40;98;11;update;0.00;21.00
UK50545;8436617921261;EAN;17,98;2;11;update;0.00;21.00
920-010930;5099206104457;EAN;279,99;0;11;update;0.00;21.00
920-013543;5099206130807;EAN;38,48;0;11;update;0.00;21.00
COO-KTR-03W;8436624420023;EAN;20,08;21;11;update;0.00;21.00
580-ADGS;5397063710034;EAN;28,66;0;11;update;0.00;21.00
DG-TEC65-RGB;8436556141690;EAN;21,17;9;11;update;0.00;21.00
BHR6100GL;6934177787089;EAN;35,92;0;11;update;0.00;21.00
HARMONYKIT;8435430627473;EAN;26,26;7;11;update;0.00;21.00
COO-TEW02-BKB;8436624422324;EAN;56,53;3;11;update;0.00;21.00
COO-TEW02-BKW;8436624422331;EAN;56,53;2;11;update;0.00;21.00
MGYX4Y/A;0195950745610;EAN;476,60;98;11;update;0.00;21.00
SPECTRA;8435430625707;EAN;18,85;2;11;update;0.00;21.00
FUNKYV4SPANISH;8435430626469;EAN;14,20;20;11;update;0.00;21.00
HERITAGE;8435430628319;EAN;17,74;3;11;update;0.00;21.00
COCOAKITV2;8435430626544;EAN;17,74;18;11;update;0.00;21.00
DG-KTRAA-15;8437011128188;EAN;36,28;6;11;update;0.00;21.00
TAJ16100;15453;EAN;49,11;0;11;update;0.00;21.00
GV-N710D3-2GL 2.0;4719331316464;EAN;80,69;25;11;update;0.00;21.00
GV-N710D5L-00-G;4719331301606;EAN;64,35;0;11;update;0.00;21.00
DP ZT-T16520J-10L;4895173621888;EAN;197,70;0;11;update;0.00;21.00
90YV0GH6-M0NA00;4711081772453;EAN;297,37;39;11;update;0.00;21.00
ZT-A30500K-10M;4895173626524;EAN;361,82;19;11;update;0.00;21.00
912-V812-025;4711377176828;EAN;244,56;0;11;update;0.00;21.00
912-V809-4287;4711377084796;EAN;247,14;0;11;update;0.00;21.00
90YV0I70-M0NA00;4711081869696;EAN;64,51;0;11;update;0.00;21.00
90YV0JH8-M0NA00;4711387602812;EAN;627,97;0;11;update;0.00;21.00
90YV0JC7-M0NA00;4711387473184;EAN;387,46;0;11;update;0.00;21.00
90YV0K60-M0NA00;4711387470633;EAN;266,91;74;11;update;0.00;21.00
GV-N3050WF2OCV2-6GD;4719331355081;EAN;261,88;86;11;update;0.00;21.00
GV-N5080WF3OC-16GB;4719331355845;EAN;1284,14;0;11;update;0.00;21.00
GV-N5080GAMING OC-16;4719331355494;EAN;1693,91;6;11;update;0.00;21.00
9VN507TGO-00-G10;4719331355562;EAN;1269,01;1;11;update;0.00;21.00
9VN507TWO-00-G10;4719331355579;EAN;1233,76;13;11;update;0.00;21.00
9VN5090GO-00-G10;4719331355791;EAN;3469,31;0;11;update;0.00;21.00
9VR907XTGO-00-G10;4719331355524;EAN;847,63;1;11;update;0.00;21.00
GV-N5070GAMING OC-12;4719331355722;EAN;767,37;25;11;update;0.00;21.00
9VN5070WO-00-G10;4719331355715;EAN;778,42;24;11;update;0.00;21.00
90-GA5NZZ-00UANF;4711581490475;EAN;796,94;0;11;update;0.00;21.00
90YV0ALA-M0NA00;4711387418680;EAN;69,77;2;11;update;0.00;21.00
GV-N5070EAGLE OC-12G;4719331355760;EAN;764,01;12;11;update;0.00;21.00
912-V812-037;4711377211475;EAN;121,05;37;11;update;0.00;21.00
9VN507TW-00-G10;4719331356002;EAN;945,62;0;11;update;0.00;21.00
90-GA5EZZ-00UANF;4711581490468;EAN;689,62;0;11;update;0.00;21.00
GV-N506TGAMING OC-16;4719331356026;EAN;724,38;0;11;update;0.00;21.00
GV-N506TGAMING OC-8G;4719331356019;EAN;474,68;12;11;update;0.00;21.00
GV-N506TWF2OC-8GD;4719331356057;EAN;460,64;7;11;update;0.00;21.00
90YV0J49-M0NA00;4711387459232;EAN;528,94;0;11;update;0.00;21.00
9VN5090WO-00-G10;4719331355838;EAN;3107,35;0;11;update;0.00;21.00
9VN5060AO-00-G10;4719331356415;EAN;460,50;0;11;update;0.00;21.00
9VN5060WO-00-G10;4719331356323;EAN;425,61;1;11;update;0.00;21.00
9VR9068XGO-00-G10;4719331356231;EAN;423,30;5;11;update;0.00;21.00
GV-N506TWF2OC-16GD;4719331356064;EAN;644,55;0;11;update;0.00;21.00
912-V537-002;4711377344272;EAN;440,88;98;11;update;0.00;21.00
GV-N506TWF2MAXOC-16G;4719331356675;EAN;824,54;0;11;update;0.00;21.00
90YV0N12-M0NA00;4711636057899;EAN;434,89;14;11;update;0.00;21.00
GV-N5080AORUSMICE-16;4719331355692;EAN;1903,91;0;11;update;0.00;21.00
GV-N5060WF2MAXOC-8GD;4719331356699;EAN;418,69;8;11;update;0.00;21.00
90YV06N2-M0NA00;4716659990390;EAN;91,06;240;11;update;0.00;21.00
GV-N5090AORUSM-32GD;4719331355807;EAN;3364,86;0;11;update;0.00;21.00
90YV0AT0-M0NA00;4712900743333;EAN;104,36;283;11;update;0.00;21.00
GV-N5050WF2OC-8GD;4719331356743;EAN;378,02;7;11;update;0.00;21.00
90YV0LY0-M0NA00;4711387890325;EAN;3340,05;0;11;update;0.00;21.00
90YV0MH2-M0NA00;4711387994054;EAN;771,70;0;11;update;0.00;21.00
GV-N507TWF3OCV2-16GD;4719331357023;EAN;1182,96;18;11;update;0.00;21.00
912-V812-213;4711377265584;EAN;276,68;43;11;update;0.00;21.00
GV-N507TEAGLEOCICE16;4719331355869;EAN;1237,23;9;11;update;0.00;21.00
