sku;product-id;product-id-type;price;quantity;state;update-delete;canon;tipo-iva
10.21.0501;8433281004283;EAN;7,56;13;11;update;0.00;0.00
A138-0296;8436574702958;EAN;8,12;12;11;update;0.00;0.00
A139-0297;8436574702965;EAN;7,51;9;11;update;0.00;0.00
TQE-2510B;8433281000094;EAN;12,48;3;11;update;0.00;0.00
51992;6940533540700;EAN;60,36;34;11;update;0.00;0.00
51912;6940533540571;EAN;135,75;0;11;update;0.00;0.00
52061;6940533541462;EAN;61,17;1;11;update;0.00;0.00
TQE-2522B;8433281007024;EAN;14,09;2;11;update;0.00;0.00
TQE-2527B;8433281006850;EAN;13,28;2;11;update;0.00;0.00
TQE-2530B;8433281006768;EAN;14,09;5;11;update;0.00;0.00
TQE-3527B;8433281006867;EAN;22,50;4;11;update;0.00;0.00
TQE-2524B;8433281007208;EAN;13,76;3;11;update;0.00;0.00
TQE-3520B;8433281006577;EAN;25,77;4;11;update;0.00;0.00
TQC-3005U3;8433281007338;EAN;62,35;3;11;update;0.00;0.00
52082;6940533542193;EAN;65,39;0;11;update;0.00;0.00
TQC-3006DU3C;8433281007871;EAN;65,96;1;11;update;0.00;0.00
CAJCOOT450S-BZ;8436556145124;EAN;84,13;2;11;update;0.00;0.00
COO-PCF800U3-1;8436556142710;EAN;68,83;0;11;update;0.00;0.00
COO-PCF800U3-0;8436556142253;EAN;51,72;1;11;update;0.00;0.00
COO-SCA2523C-B;8436556145391;EAN;20,54;0;11;update;0.00;0.00
52084;6940533542421;EAN;61,49;29;11;update;0.00;0.00
TQE-2528B;8433281008304;EAN;16,35;3;11;update;0.00;0.00
TQE-2528R;8433281008328;EAN;13,82;2;11;update;0.00;0.00
52095;6940533542551;EAN;125,36;0;11;update;0.00;0.00
RACK-406N-USB3;8433281009431;EAN;151,43;0;11;update;0.00;0.00
COO-PCF750-0;8436556148378;EAN;40,17;38;11;update;0.00;0.00
COO-SCT-2533;8436556148361;EAN;14,46;10;11;update;0.00;0.00
TQE-2527BL;8433281009639;EAN;13,13;5;11;update;0.00;0.00
TQE-2527R;8433281009653;EAN;14,09;0;11;update;0.00;0.00
TQE-3531B;8433281009691;EAN;25,49;0;11;update;0.00;0.00
TQE-2550BL;8433281009677;EAN;16,12;7;11;update;0.00;0.00
TQE-2527G;8433281009646;EAN;14,09;5;11;update;0.00;0.00
ASE-2530B;8436574704051;EAN;13,28;3;11;update;0.00;0.00
ASE-3530B;8436574704068;EAN;24,35;5;11;update;0.00;0.00
52088;6940533543411;EAN;53,87;0;11;update;0.00;0.00
TQE-2280B;8433281009912;EAN;23,23;1;11;update;0.00;0.00
TQE-2281G;8433281009929;EAN;18,77;7;11;update;0.00;0.00
ASM2-001B;8436574704433;EAN;26,38;1;11;update;0.00;0.00
ASM2-002G;8436574704440;EAN;27,44;18;11;update;0.00;0.00
ASE-2525B;8436574704457;EAN;13,18;3;11;update;0.00;0.00
ASE-2525BLU;8436574704488;EAN;14,60;9;11;update;0.00;0.00
ASE-2525RED;8436574704495;EAN;14,60;5;11;update;0.00;0.00
CC-9011219-WW;0840006636441;EAN;353,41;0;11;update;0.00;0.00
CC-9011218-WW;0840006636427;EAN;353,41;0;11;update;0.00;0.00
CC-9011227-WW;0840006639459;EAN;386,80;0;11;update;0.00;0.00
CC-9011226-WW;0840006639435;EAN;426,83;0;11;update;0.00;0.00
ASM2-007GRY;8436574704518;EAN;15,46;2;11;update;0.00;0.00
ASM2-008B;8436574704525;EAN;17,30;4;11;update;0.00;0.00
ASE-2532B;8436574704464;EAN;16,54;0;11;update;0.00;0.00
COO-PCT360-2;8436556143748;EAN;71,97;3;11;update;0.00;0.00
52103;6940533544333;EAN;60,73;0;11;update;0.00;0.00
TQE-2527PB;8433281010222;EAN;13,28;8;11;update;0.00;0.00
COO-DGC-A200-0;8436556146930;EAN;87,01;0;11;update;0.00;0.00
ASE-2525GR;8436574705959;EAN;13,43;3;11;update;0.00;0.00
TQE-2221G;8433281011366;EAN;28,10;2;11;update;0.00;0.00
TQE-2222B;8433281011373;EAN;28,49;3;11;update;0.00;0.00
ASM2-RGB013B;8436574706116;EAN;20,75;5;11;update;0.00;0.00
PCA-MPC28-1;8436556140181;EAN;47,72;28;11;update;0.00;0.00
ASM2-014B;8436574706277;EAN;21,19;1;11;update;0.00;0.00
ASM2-015GR;8436574706284;EAN;21,19;10;11;update;0.00;0.00
ASM2-RGB011GR;8436574706369;EAN;22,51;0;11;update;0.00;0.00
ASM2-RGB012B;8436574706376;EAN;22,22;3;11;update;0.00;0.00
ASE-2525BWN;8436574706338;EAN;12,77;8;11;update;0.00;0.00
ASE-2525PB;8436574706345;EAN;13,04;92;11;update;0.00;0.00
ASE-2525SGN;8436574706352;EAN;13,90;0;11;update;0.00;0.00
TQE-2223B;8433281011427;EAN;30,91;0;11;update;0.00;0.00
TQE-2223G;8433281011434;EAN;26,73;2;11;update;0.00;0.00
UK51917;6974560220526;EAN;136,06;98;11;update;0.00;0.00
51915;6940533544647;EAN;175,40;0;11;update;0.00;0.00
UK52106;6974560220519;EAN;46,27;0;11;update;0.00;0.00
52102;6940533543473;EAN;51,94;0;11;update;0.00;0.00
AB812109;6940533545255;EAN;45,55;0;11;update;0.00;0.00
AB812110;6940533545262;EAN;62,40;0;11;update;0.00;0.00
ASM2-019BLU;8436574707540;EAN;25,36;0;11;update;0.00;0.00
TQE-2599RGB;8433281012370;EAN;16,71;7;11;update;0.00;0.00
ASM2-020B;8436574707564;EAN;17,61;1;11;update;0.00;0.00
ASM2-021GR;8436574707571;EAN;18,29;1;11;update;0.00;0.00
ASE-2523B;8436574707618;EAN;12,90;5;11;update;0.00;0.00
COO-PCT310-1;8436556141720;EAN;58,88;68;11;update;0.00;0.00
CM-H71EW-02;5056547203522;EAN;171,04;0;11;update;0.00;0.00
DP-MATX-MATREXX30-SI;6933412714125;EAN;30,71;17;11;update;0.00;0.00
ASM2-022B;8436574707847;EAN;18,06;21;11;update;0.00;0.00
ASM2-023GR;8436574707854;EAN;17,59;5;11;update;0.00;0.00
R-CC360-WHAPM3-G-1;6933412774945;EAN;60,30;36;11;update;0.00;0.00
R-CC360-BKAPM3-G-1;6933412774976;EAN;58,44;0;11;update;0.00;0.00
UK52107;6974560220670;EAN;55,66;0;11;update;0.00;0.00
52090;6940533542285;EAN;60,12;0;11;update;0.00;0.00
DP-MATX-MATREXX30 SI;56902;EAN;35,40;0;11;update;0.00;0.00
DG-CHA-A230-0;8436556142185;EAN;46,10;0;11;update;0.00;0.00
TQE-2200;8433281013209;EAN;26,52;3;11;update;0.00;0.00
R-CH560-WHAPE4-G-1;6933412774907;EAN;101,13;7;11;update;0.00;0.00
R-CH560-WHAPE4D-G-1;6933412774877;EAN;99,46;54;11;update;0.00;0.00
UK52112;6974560220977;EAN;60,45;1;11;update;0.00;0.00
UK52115;6974560220984;EAN;61,56;0;11;update;0.00;0.00
UK511208;6974560220861;EAN;61,08;0;11;update;0.00;0.00
ASE-2524B;8436574707908;EAN;12,91;3;11;update;0.00;0.00
AB812113;6974560222551;EAN;71,08;0;11;update;0.00;0.00
AB812111B;6974560222575;EAN;101,20;5;11;update;0.00;0.00
AB812111W;6974560222674;EAN;102,23;0;11;update;0.00;0.00
TQE-2500B;8433281013544;EAN;11,75;8;11;update;0.00;0.00
TQE-2503G;8433281013551;EAN;13,99;1;11;update;0.00;0.00
CC-9011251-WW;0840006610427;EAN;93,93;0;11;update;0.00;0.00
CC-9011252-WW;0840006610632;EAN;92,78;0;11;update;0.00;0.00
CC-9011255-WW;0840006610854;EAN;118,43;4;11;update;0.00;0.00
CC-9011256-WW;0840006610861;EAN;118,43;0;11;update;0.00;0.00
TQE-2201B;8433281013926;EAN;23,30;1;11;update;0.00;0.00
TQE-2201BL;8433281013933;EAN;23,30;2;11;update;0.00;0.00
TQE-2201R;8433281013940;EAN;23,30;2;11;update;0.00;0.00
TQE-2202BR;8433281013957;EAN;17,30;4;11;update;0.00;0.00
TQE-2202S;8433281013964;EAN;17,30;2;11;update;0.00;0.00
TQC-4701U3C-B;8433281013629;EAN;40,31;11;11;update;0.00;0.00
TQC-4702U3C-B;8433281013636;EAN;32,99;3;11;update;0.00;0.00
TQGCC102-B;8433281013605;EAN;57,90;2;11;update;0.00;0.00
TQGCC103-B;8433281013643;EAN;76,73;2;11;update;0.00;0.00
TQGCC901-B;8433281013612;EAN;71,34;4;11;update;0.00;0.00
COO-PCM580-1;8436556141621;EAN;69,83;0;11;update;0.00;0.00
TQGCC101-B;8433281013568;EAN;59,72;1;11;update;0.00;0.00
TQC-5701U3C-B;8433281013575;EAN;40,65;3;11;update;0.00;0.00
TQC-3007U3C;8433281013582;EAN;61,01;1;11;update;0.00;0.00
TQC-3008U3C;8433281013599;EAN;61,55;0;11;update;0.00;0.00
ASE-2521B;8436574709155;EAN;12,06;0;11;update;0.00;0.00
ASE-2520B;8436574709278;EAN;11,62;8;11;update;0.00;0.00
ASE-2526GR;8436574709391;EAN;12,90;9;11;update;0.00;0.00
52085;6940533542438;EAN;73,14;0;11;update;0.00;0.00
R-MORPHEUS-WHAPA1-G;6933412774754;EAN;148,02;7;11;update;0.00;0.00
UK511303;6974560221158;EAN;53,83;8;11;update;0.00;0.00
R-CH360-WHAPE3-G-1;6933412774709;EAN;59,30;95;11;update;0.00;0.00
CC-9011266-WW;0840006674979;EAN;177,35;0;11;update;0.00;0.00
CC-9011260-WW;0840006664727;EAN;288,51;0;11;update;0.00;0.00
R-CH160-WHNGI0-G-1;6933412774440;EAN;67,66;0;11;update;0.00;0.00
R-PIXEL-YE100-G-1;6933412796732;EAN;9,27;0;11;update;0.00;0.00
R-PIXEL-BU100-G-1;6933412796749;EAN;9,27;0;11;update;0.00;0.00
R-PIXEL-PK100-G-1;6933412796756;EAN;9,27;0;11;update;0.00;0.00
R-PIXEL-TV100-G-1;6933412796763;EAN;9,27;0;11;update;0.00;0.00
R-PIXEL-GY100-G-1;6933412796770;EAN;9,27;0;11;update;0.00;0.00
NXINFTYZETA;8436587974212;EAN;43,36;98;11;update;0.00;0.00
NXINFTYOMEGA;8436532169519;EAN;61,70;0;11;update;0.00;0.00
NXINFTYEPSILON;8436587974205;EAN;49,33;0;11;update;0.00;0.00
NXINFTYGAMMA;8436587974021;EAN;69,12;0;11;update;0.00;0.00
NXHUMMERVSNBK;8436587974625;EAN;47,97;2;11;update;0.00;0.00
NXHUMMERVSNWH;8436587974632;EAN;45,94;0;11;update;0.00;0.00
NXHUMMERTGM;8436532169502;EAN;82,29;0;11;update;0.00;0.00
NXHUMMERBLASTER;8436587971327;EAN;82,96;0;11;update;0.00;0.00
NXHUMMERASTRAWH;8436587973963;EAN;104,65;0;11;update;0.00;0.00
NXHUMMERASTRABK;8436587973956;EAN;160,10;0;11;update;0.00;0.00
CS-HYTE-Y40-WW;1220000350502;EAN;109,80;3;11;update;0.00;0.00
ASM2-006GRY;8436574709674;EAN;14,25;0;11;update;0.00;0.00
ASM2-024B;8436574709681;EAN;18,06;73;11;update;0.00;0.00
ASM2-025SL;8436574709698;EAN;18,06;2;11;update;0.00;0.00
ASM2-026BLU;8436574709704;EAN;18,06;12;11;update;0.00;0.00
ASM2-027RED;8436574709711;EAN;18,06;20;11;update;0.00;0.00
AB123011;6974560222995;EAN;69,65;0;11;update;0.00;0.00
AB123012;6974560223343;EAN;103,48;0;11;update;0.00;0.00
AB123013;6974560223626;EAN;111,23;0;11;update;0.00;0.00
AB123014;6974560225798;EAN;91,57;2;11;update;0.00;0.00
AB123015;6974560225866;EAN;86,09;0;11;update;0.00;0.00
AB123511;6974560223206;EAN;143,17;0;11;update;0.00;0.00
AB123512;6974560223275;EAN;143,17;0;11;update;0.00;0.00
AB128512;6974560225514;EAN;102,48;6;11;update;0.00;0.00
ASE-2522B;8436574709162;EAN;12,49;0;11;update;0.00;0.00
ASM2-028B;8436574709896;EAN;18,06;0;11;update;0.00;0.00
ASM2-029GR;8436574709902;EAN;18,06;10;11;update;0.00;0.00
PCC-MPC45-1;8437012429550;EAN;38,35;49;11;update;0.00;0.00
NXHUMMERVAULT;8436587971778;EAN;88,19;0;11;update;0.00;0.00
ASE-2541B;8435739901182;EAN;13,03;27;11;update;0.00;0.00
ASE-2542B;8435739901199;EAN;12,76;3;11;update;0.00;0.00
NXHUMMERHORUS;8436587972706;EAN;89,83;0;11;update;0.00;0.00
UK511210;8436617920332;EAN;55,55;0;11;update;0.00;0.00
UK113021;8436617920264;EAN;49,22;0;11;update;0.00;0.00
COO-MCM-M2F;8437012429277;EAN;29,34;3;11;update;0.00;0.00
NXHUMMERPLASMA;8436587974885;EAN;80,41;0;11;update;0.00;0.00
COO-PCM440-0C;8436556141430;EAN;39,45;0;11;update;0.00;0.00
COO-PCM440-1;8436556144127;EAN;49,85;3;11;update;0.00;0.00
VK-CASE02LITE;5298003820991;EAN;135,91;0;11;update;0.00;0.00
VK-CASE02LITEW;5298003821011;EAN;135,91;2;11;update;0.00;0.00
CC-9011298-WW;0840440487739;EAN;381,82;1;11;update;0.00;0.00
CC-9011299-WW;0840440487746;EAN;363,55;0;11;update;0.00;0.00
CC-9011300-WW;0840440487753;EAN;245,44;0;11;update;0.00;0.00
CC-9011301-WW;0840440487760;EAN;245,29;0;11;update;0.00;0.00
CC-9011273-WW;0840006682172;EAN;624,70;3;11;update;0.00;0.00
CC-9011274-WW;0840006682189;EAN;702,15;0;11;update;0.00;0.00
CC-9011291-WW;0840440485568;EAN;113,38;39;11;update;0.00;0.00
CC-9011296-WW;0840440487715;EAN;137,75;0;11;update;0.00;0.00
CC-9011297-WW;0840440487722;EAN;146,50;0;11;update;0.00;0.00
R-CG530-BKADA4-G-1;6933412765158;EAN;78,50;275;11;update;0.00;0.00
R-CG530-WHADA4-G-1;6933412765165;EAN;82,07;76;11;update;0.00;0.00
51916;6940533542803;EAN;82,43;0;11;update;0.00;0.00
UK80.40.630;6974560221233;EAN;499,25;3;11;update;0.00;0.00
UK51918;6974560221219;EAN;260,04;0;11;update;0.00;0.00
80.10.04;6940533543428;EAN;184,86;0;11;update;0.00;0.00
80.20.12;6940533545057;EAN;278,96;0;11;update;0.00;0.00
UK80.20.08G3;6974560221011;EAN;336,60;0;11;update;0.00;0.00
80.30.16;6940533544241;EAN;415,17;0;11;update;0.00;0.00
80.40.24;6940533545064;EAN;496,14;0;11;update;0.00;0.00
80.40.20;6940533544258;EAN;529,72;0;11;update;0.00;0.00
52092;6940533542537;EAN;37,18;3;11;update;0.00;0.00
52117;6940533545040;EAN;82,04;0;11;update;0.00;0.00
52101;6940533543466;EAN;53,62;0;11;update;0.00;0.00
UK113011;8436617920257;EAN;52,97;8;11;update;0.00;0.00
UK121801;8436617920615;EAN;62,98;0;11;update;0.00;0.00
UK121802;8436617920622;EAN;63,85;0;11;update;0.00;0.00
AB123018;8436617920400;EAN;101,20;0;11;update;0.00;0.00
AB130211;8436617920233;EAN;286,99;0;11;update;0.00;0.00
AB130212;8436617920240;EAN;266,28;0;11;update;0.00;0.00
COO-CHA-MP1-0;8436556143083;EAN;76,09;0;11;update;0.00;0.00
ASE-2519B;8435739902134;EAN;12,29;39;11;update;0.00;0.00
ASE-2527B;8435739902141;EAN;12,72;0;11;update;0.00;0.00
ASE-2528B;8435739902158;EAN;12,99;21;11;update;0.00;0.00
ASE-2529B;8435739902165;EAN;13,10;34;11;update;0.00;0.00
COO-CHA-GA250-0;8436556143113;EAN;77,41;1;11;update;0.00;0.00
COO-CHA-GM100-0;8436556143106;EAN;67,24;1;11;update;0.00;0.00
ASE-3529B;8435739902417;EAN;23,20;0;11;update;0.00;0.00
EXCS-PL-100C-B;6977277360080;EAN;41,67;0;11;update;0.00;0.00
EXCS-PL-100C-W;6977277360097;EAN;41,67;5;11;update;0.00;0.00
EXCS-PL-100R-B;6977277364477;EAN;53,96;20;11;update;0.00;0.00
EXCS-PL-100R-W;6977277360004;EAN;53,96;7;11;update;0.00;0.00
EXCS-PL-600C-B;6977277360103;EAN;50,66;0;11;update;0.00;0.00
EXCS-PL-600C-W;6977277360110;EAN;50,66;0;11;update;0.00;0.00
EXCS-PL-600R-B;6977277360141;EAN;61,51;0;11;update;0.00;0.00
EXCS-PL-600R-W;6977277360165;EAN;61,71;0;11;update;0.00;0.00
EXCS-PL-800C-B;6977277360134;EAN;82,91;0;11;update;0.00;0.00
EXCS-PL-800C-W;6977277360042;EAN;82,91;0;11;update;0.00;0.00
EXCS-PL-800R-B;6977277360059;EAN;111,86;32;11;update;0.00;0.00
EXCS-PL-800R-W;6977277360226;EAN;110,75;3;11;update;0.00;0.00
EXCS-PM-400C-B;6977277363685;EAN;64,71;0;11;update;0.00;0.00
EXCS-PM-400C-W;6977277368932;EAN;64,71;0;11;update;0.00;0.00
EXCS-PM-400R-W;6977277361254;EAN;73,23;121;11;update;0.00;0.00
EXCS-PM-400R-B;6977277363654;EAN;73,22;125;11;update;0.00;0.00
EXCS-PR-500R-B;6977277367256;EAN;70,96;0;11;update;0.00;0.00
EXCS-PR-500R-W;6977277369151;EAN;70,96;39;11;update;0.00;0.00
EXCS-PR-700R-B;6977277369816;EAN;81,23;18;11;update;0.00;0.00
EXCS-PR-700R-W;6977277361568;EAN;81,22;46;11;update;0.00;0.00
EXCS-PR-800R-B;6977277361148;EAN;112,22;3;11;update;0.00;0.00
EXCS-PR-800R-W;6977277365900;EAN;112,22;0;11;update;0.00;0.00
EXCS-PR-800C-B;6977277366693;EAN;82,99;0;11;update;0.00;0.00
EXCS-PR-800C-W;6977277362213;EAN;82,99;0;11;update;0.00;0.00
EXCS-ZM-800R-W;6977277364712;EAN;114,12;0;11;update;0.00;0.00
EXCS-ZM-800R-B;6977277368963;EAN;113,33;1;11;update;0.00;0.00
28300-C500B-1CKR;4719331555023;EAN;110,45;0;11;update;0.00;0.00
28300-C500W-1CKR;4719331555030;EAN;136,64;1;11;update;0.00;0.00
EXAC-PL-6050-B;6977277360172;EAN;19,38;6;11;update;0.00;0.00
EXAC-PL-6050-W;6977277360189;EAN;19,38;5;11;update;0.00;0.00
R-CH260-BKNGM0-G-1;6933412765233;EAN;68,40;17;11;update;0.00;0.00
R-CH260-WHNGM0-G-1;6933412765240;EAN;73,02;8;11;update;0.00;0.00
R-CH690-BKNNA0D-G-1;6933412774037;EAN;105,30;0;11;update;0.00;0.00
R-CH690-WHNNA0D-G-1;6933412774020;EAN;115,99;19;11;update;0.00;0.00
CC-9011307-WW;0840440491279;EAN;167,90;0;11;update;0.00;0.00
CC-9011308-WW;0840440491286;EAN;179,96;3;11;update;0.00;0.00
CC-9011309-WW;0840440491293;EAN;199,70;0;11;update;0.00;0.00
CC-9011310-WW;0840440491309;EAN;214,14;2;11;update;0.00;0.00
AB125801;8436617920639;EAN;146,19;0;11;update;0.00;0.00
UK52118;8436617920059;EAN;79,97;0;11;update;0.00;0.00
UK52110V2;8436617921018;EAN;36,93;7;11;update;0.00;0.00
COO-CHA-GE2000-0;8436624420955;EAN;104,25;2;11;update;0.00;0.00
COO-SCA2550-UA;8436624420351;EAN;13,57;0;11;update;0.00;0.00
COO-PCT313-1;8436624420627;EAN;56,17;0;11;update;0.00;0.00
COO-PCT313-BZ;8436624420634;EAN;71,44;0;11;update;0.00;0.00
COO-SCA2540-UA;8436624420221;EAN;13,12;15;11;update;0.00;0.00
COO-CHA-GA450B-0;8436624420672;EAN;59,44;7;11;update;0.00;0.00
COO-CHA-GA450W-0;8436624420696;EAN;57,03;23;11;update;0.00;0.00
COO-CHA-GA300B-0;8436624420665;EAN;75,07;0;11;update;0.00;0.00
COO-CHA-GA300W-0;8436624420689;EAN;70,40;4;11;update;0.00;0.00
28300-C201W-1CKR;4719331555849;EAN;86,34;18;11;update;0.00;0.00
28300-C201B-1CKR;4719331555832;EAN;79,44;6;11;update;0.00;0.00
EXCS-PM-150R-B;6977277360400;EAN;53,96;11;11;update;0.00;0.00
EXCS-PM-150R-W;6977277360417;EAN;53,96;10;11;update;0.00;0.00
ASE-3535B;8435739903087;EAN;24,06;3;11;update;0.00;0.00
UK80.15.42;8436617921162;EAN;465,20;0;11;update;0.00;0.00
R-ECASEFREE-BKNNM0-G;6933412796930;EAN;30,35;12;11;update;0.00;0.00
UK121803;8436617921124;EAN;76,09;0;11;update;0.00;0.00
UK121804;8436617921100;EAN;67,28;7;11;update;0.00;0.00
UK121805;8436617921308;EAN;61,07;6;11;update;0.00;0.00
R-CG580-BKADA4-G-2;6933412765394;EAN;107,03;37;11;update;0.00;0.00
R-CG580-WHADA4-G-2;6933412765400;EAN;109,98;16;11;update;0.00;0.00
R-MATREXX55-BCAGA4;6933412774334;EAN;87,90;119;11;update;0.00;0.00
UK52125;8436617921360;EAN;46,82;0;11;update;0.00;0.00
UK180260;8436617921384;EAN;36,30;0;11;update;0.00;0.00
AB123533;8436617921506;EAN;85,13;5;11;update;0.00;0.00
COO-PCM640C-0;8436624422270;EAN;33,04;3;11;update;0.00;0.00
COO-PCM640C-1;8436624422287;EAN;49,39;0;11;update;0.00;0.00
COO-PCF750-1;8436556148545;EAN;65,91;9;11;update;0.00;0.00
COO-CHA-MP1B-0;8436624420214;EAN;75,81;5;11;update;0.00;0.00
COO-CHA-GM220B-0;8436624420733;EAN;49,62;0;11;update;0.00;0.00
COO-CHA-GM200B-0;8436624420702;EAN;41,13;3;11;update;0.00;0.00
COO-CHA-GM200W-0;8436624420719;EAN;39,14;1;11;update;0.00;0.00
COO-PCM500-0;8436556145421;EAN;6,72;0;11;update;0.00;0.00
COO-PCM550C-1;8437012429703;EAN;53,41;2;11;update;0.00;0.00
COO-PCA850-0;8436624420191;EAN;60,78;0;11;update;0.00;0.00
COO-PCT310-BZ;8436556148019;EAN;85,13;2;11;update;0.00;0.00
COO-PCT370-1;8436624420641;EAN;66,56;5;11;update;0.00;0.00
COO-PCT370-BZ;8436624420658;EAN;73,85;18;11;update;0.00;0.00
COO-SCG2543-8;8436556140556;EAN;17,17;2;11;update;0.00;0.00
COO-MCM-NVSA;8436624421013;EAN;21,12;1;11;update;0.00;0.00
CC-9011312-WW;0840440496571;EAN;124,80;13;11;update;0.00;0.00
CC-9011313-WW;0840440496588;EAN;124,80;0;11;update;0.00;0.00
CC-9011314-WW;0840440402770;EAN;211,81;9;11;update;0.00;0.00
CC-9011315-WW;0840440402787;EAN;211,81;0;11;update;0.00;0.00
CC-9011316-WW;0840440402794;EAN;265,71;11;11;update;0.00;0.00
CC-9011317-WW;0840440402800;EAN;265,71;0;11;update;0.00;0.00
CC-9011318-WW;0840440406556;EAN;295,66;0;11;update;0.00;0.00
CC-9011319-WW;0840440406563;EAN;295,66;0;11;update;0.00;0.00
CC-9011320-WW;0840440406570;EAN;406,19;19;11;update;0.00;0.00
CC-9011321-WW;0840440406587;EAN;349,57;0;11;update;0.00;0.00
CC-9011322-WW;0840440407096;EAN;151,90;6;11;update;0.00;0.00
CC-9011323-WW;0840440407102;EAN;151,90;0;11;update;0.00;0.00
CC-9011324-WW;0840440407119;EAN;211,81;16;11;update;0.00;0.00
CC-9011325-WW;0840440407126;EAN;211,81;1;11;update;0.00;0.00
EXCS-PR-51DR-B;6977277360066;EAN;71,91;34;11;update;0.00;0.00
EXCS-PR-51DR-W;6977277360028;EAN;71,91;25;11;update;0.00;0.00
EXCS-SM-51DR-B;6977277360011;EAN;67,18;12;11;update;0.00;0.00
EXCS-SM-51DR-W;6977277360073;EAN;67,18;0;11;update;0.00;0.00
AB123533W;8436617921513;EAN;89,54;4;11;update;0.00;0.00
COO-PCM680-1;8436624423246;EAN;50,19;5;11;update;0.00;0.00
COO-PCA780-1;8436624423888;EAN;55,65;6;11;update;0.00;0.00
R-CG530U-BKAGA4-G;6933412765592;EAN;98,06;45;11;update;0.00;0.00
R-CG530U-WHAGA4-G;6933412765608;EAN;99,92;13;11;update;0.00;0.00
R-CG330-WHNGM3-G;6933412765509;EAN;69,48;8;11;update;0.00;0.00
R-CG330-BKNGM3-G;6933412765493;EAN;70,98;38;11;update;0.00;0.00
R-CG380-WHAGM3-G;6933412765462;EAN;65,07;8;11;update;0.00;0.00
R-CG380-BKAGM3-G;6933412765455;EAN;65,07;37;11;update;0.00;0.00
COO-PCT100-0;8436624423222;EAN;33,38;6;11;update;0.00;0.00
COO-PCM460-0;8436624423307;EAN;35,62;3;11;update;0.00;0.00
COO-PCM460-1;8436624423314;EAN;52,45;0;11;update;0.00;0.00
COO-PCA780-2;8436624423895;EAN;79,85;0;11;update;0.00;0.00
COO-PCA780-3;8436624423901;EAN;73,66;0;11;update;0.00;0.00
COO-FA500B-BKB;8436556148330;EAN;20,77;37;11;update;0.00;0.00
COO-FA500E85;8437013799713;EAN;43,64;0;11;update;0.00;0.00
51991;6940533540595;EAN;31,92;0;11;update;0.00;0.00
52014;6940533541271;EAN;28,66;0;11;update;0.00;0.00
52011;6940533541240;EAN;35,39;18;11;update;0.00;0.00
COO-FA300SBZ;8436556140624;EAN;35,74;0;11;update;0.00;0.00
COO-FA500SGR;8436556140617;EAN;27,67;0;11;update;0.00;0.00
TQEP-500SSE;8433281007109;EAN;26,69;6;11;update;0.00;0.00
TQEP-500SSE-O;8433281007192;EAN;24,55;3;11;update;0.00;0.00
COO-FA300TBZ;8436556140648;EAN;36,45;8;11;update;0.00;0.00
COO-FA500TGR;8436556140631;EAN;27,95;0;11;update;0.00;0.00
52038;6940533541929;EAN;41,01;0;11;update;0.00;0.00
TQXGEII-800SAP;8433281007604;EAN;84,66;6;11;update;0.00;0.00
52002;6940533541646;EAN;36,40;0;11;update;0.00;0.00
COO-PWEP500-85S;8436556145322;EAN;39,34;27;11;update;0.00;0.00
DG-PWS650-85B;8436556145339;EAN;57,93;11;11;update;0.00;0.00
DG-PWS800-85B;8436556145346;EAN;61,25;0;11;update;0.00;0.00
TQEP-500S-SFX;8433281007376;EAN;25,84;9;11;update;0.00;0.00
52099;6940533542759;EAN;21,81;49;11;update;0.00;0.00
52017;6940533542773;EAN;23,62;0;11;update;0.00;0.00
TQEP-500S-INT;8433281007277;EAN;25,98;0;11;update;0.00;0.00
TQEP-TFX500S-O;8433281007321;EAN;29,61;6;11;update;0.00;0.00
52500;6940533544357;EAN;53,11;0;11;update;0.00;0.00
TQAPOLO-600SP;8433281010284;EAN;42,67;0;11;update;0.00;0.00
TQAPOLO-750SP;8433281010314;EAN;56,40;0;11;update;0.00;0.00
COO-FA500-AGLD;8436556143724;EAN;77,17;0;11;update;0.00;0.00
TQAPOLO-500SP;8433281010260;EAN;32,93;1;11;update;0.00;0.00
TQAPOLO-700SP;8433281010307;EAN;50,75;1;11;update;0.00;0.00
TQAPOLO-650SP;8433281010291;EAN;50,52;1;11;update;0.00;0.00
AB53004;6940533545170;EAN;204,10;0;11;update;0.00;0.00
CP-9020259-EU;0840006697305;EAN;286,99;0;11;update;0.00;0.00
UK212501;6974560220830;EAN;45,78;0;11;update;0.00;0.00
UK212601;6974560220847;EAN;46,63;0;11;update;0.00;0.00
UK212701;6974560220854;EAN;58,85;67;11;update;0.00;0.00
UKPSU2U600W;6940533543152;EAN;75,44;0;11;update;0.00;0.00
CP-9020277-EU;0840006670773;EAN;78,78;0;11;update;0.00;0.00
CP-9020278-EU;0840006670896;EAN;77,91;12;11;update;0.00;0.00
CP-9020279-EU;0840006671015;EAN;84,86;33;11;update;0.00;0.00
DG-PWS850-MGL5;8436556142970;EAN;116,46;3;11;update;0.00;0.00
CP-9020273-EU;0840006668015;EAN;170,07;0;11;update;0.00;0.00
CP-9020276-EU;0840006668688;EAN;264,17;0;11;update;0.00;0.00
NXURVX650BZ;8436532166952;EAN;72,95;0;11;update;0.00;0.00
NXURVX750BZ;8436532166969;EAN;85,01;0;11;update;0.00;0.00
NXHM650BZ;8436532162206;EAN;80,84;4;11;update;0.00;0.00
AB211001;8436617920134;EAN;152,15;5;11;update;0.00;0.00
AB218501;8436617920110;EAN;119,60;15;11;update;0.00;0.00
GP-P650G;4719331553753;EAN;66,52;0;11;update;0.00;0.00
CP-9020285-EU;0840006676850;EAN;165,77;2;11;update;0.00;0.00
CP-9020270-EU;0840006667445;EAN;184,87;3;11;update;0.00;0.00
CP-9020271-EU;0840006667636;EAN;225,64;0;11;update;0.00;0.00
CP-9020284-EU;0840006676300;EAN;189,25;2;11;update;0.00;0.00
CP-9020256-EU;0840006663287;EAN;213,78;10;11;update;0.00;0.00
CP-9020257-EU;0840006663379;EAN;242,67;4;11;update;0.00;0.00
R-PL750D-FC0B-EU-V2;6933412721338;EAN;81,26;24;11;update;0.00;0.00
UK210551;8436617920325;EAN;35,78;0;11;update;0.00;0.00
NXHUMMER750XGD;8436587975097;EAN;118,07;1;11;update;0.00;0.00
NXHUMMER850XGD;8436587975103;EAN;145,79;0;11;update;0.00;0.00
CP-9020295-EU;0840006691082;EAN;148,80;0;11;update;0.00;0.00
CP-9020296-EU;0840006691204;EAN;161,74;0;11;update;0.00;0.00
CP-9020297-EU;0840006691327;EAN;203,11;12;11;update;0.00;0.00
UKPSU1U40004;6940533544630;EAN;60,98;0;11;update;0.00;0.00
PSUCRPS1200WR;6974560220748;EAN;700,22;0;11;update;0.00;0.00
PSUCRPS2000WR;8436617920486;EAN;1019,14;0;11;update;0.00;0.00
52004V2;6974560221684;EAN;39,28;0;11;update;0.00;0.00
UK212702;6974560220823;EAN;57,58;0;11;update;0.00;0.00
UK521203;6974560220250;EAN;79,36;0;11;update;0.00;0.00
UK521204;6974560220038;EAN;83,92;0;11;update;0.00;0.00
UK521205;6974560220274;EAN;113,95;0;11;update;0.00;0.00
90-UXS100-GFEABA;4710483949180;EAN;160,91;0;11;update;0.00;0.00
COO-FACPO-750;8436556143052;EAN;59,58;9;11;update;0.00;0.00
COO-FACPO-650;8436556143045;EAN;54,75;7;11;update;0.00;0.00
COO-FAPW3-650;8436556143014;EAN;43,49;2;11;update;0.00;0.00
COO-FAPW3-750;8436556143021;EAN;48,31;3;11;update;0.00;0.00
COO-FAPW3-850;8436556143038;EAN;54,75;4;11;update;0.00;0.00
CP-9020302-EU;0840440485735;EAN;95,55;1;11;update;0.00;0.00
CP-9020258-EU;0840006696261;EAN;248,19;3;11;update;0.00;0.00
CP-9020292-EU;0840006686873;EAN;149,73;0;11;update;0.00;0.00
CP-9020293-EU;0840006687078;EAN;163,61;34;11;update;0.00;0.00
CP-9020294-EU;0840006687276;EAN;195,80;4;11;update;0.00;0.00
CP-9020307-EU;0840440495161;EAN;330,74;0;11;update;0.00;0.00
CP-9020309-EU;0840440495901;EAN;378,09;1;11;update;0.00;0.00
EXPS-XL1-550-BK;6977277369311;EAN;55,72;38;11;update;0.00;0.00
EXPS-XL1-650-BK;6977277361230;EAN;57,56;0;11;update;0.00;0.00
EXPS-XL1-750-BK;6977277363678;EAN;62,60;0;11;update;0.00;0.00
EXPS-NL1-100-BK;6977277368321;EAN;139,96;5;11;update;0.00;0.00
EXPS-NL1-750-BK;6977277366716;EAN;120,75;0;11;update;0.00;0.00
EXPS-NL1-850-BK;6977277368741;EAN;118,66;0;11;update;0.00;0.00
AB226501;8436617920561;EAN;66,25;2;11;update;0.00;0.00
TQAPOLO-550SP;8433281010277;EAN;35,69;4;11;update;0.00;0.00
GP-P650SS/PSU;4719331554095;EAN;59,32;12;11;update;0.00;0.00
EXPS-XL5-750-BK;6977277367744;EAN;77,08;0;11;update;0.00;0.00
EXPS-XL5-850-BK;6977277362657;EAN;87,21;0;11;update;0.00;0.00
CP-9020298-EU;0840006677697;EAN;165,72;0;11;update;0.00;0.00
CP-9020299-EU;0840006677284;EAN;183,11;2;11;update;0.00;0.00
CP-9020300-EU;0840440485056;EAN;214,49;2;11;update;0.00;0.00
CP-9020265-EU;0840006602392;EAN;283,33;1;11;update;0.00;0.00
CP-9020267-EU;0840006602538;EAN;350,61;5;11;update;0.00;0.00
CP-9020269-EU;0840006602675;EAN;360,10;0;11;update;0.00;0.00
GP-UD750GM PG5 V2;4719331555870;EAN;101,83;23;11;update;0.00;0.00
GP-P650G PG5;4719331556785;EAN;64,19;0;11;update;0.00;0.00
GP-UD1000GMPG5V2;4719331556112;EAN;128,69;22;11;update;0.00;0.00
TQHELIOS-650SP;8433281016323;EAN;47,10;0;11;update;0.00;0.00
TQHELIOS-750SP;8433281016330;EAN;51,32;0;11;update;0.00;0.00
TQHELIOS-850SP;8433281016347;EAN;57,80;3;11;update;0.00;0.00
COO-FAPW2-750;8437012429307;EAN;60,52;0;11;update;0.00;0.00
GP-UD750GMPG5;4719331556310;EAN;114,66;11;11;update;0.00;0.00
ASPC-500ATX-SEO;8435739904053;EAN;22,46;0;11;update;0.00;0.00
ASPC-500SFX-SEO;8435739904060;EAN;22,66;0;11;update;0.00;0.00
ASPC-500TFX-SEO;8435739904077;EAN;25,49;0;11;update;0.00;0.00
GP-P750BS/PSU;4719331555238;EAN;66,03;37;11;update;0.00;0.00
28200-U85GB-1CEUR;4719331555993;EAN;115,64;35;11;update;0.00;0.00
UK213850;8436617921407;EAN;86,87;2;11;update;0.00;0.00
CP-9020312-EU;0840440497424;EAN;601,44;0;11;update;0.00;0.00
COO-FAPW3-550;8436624423239;EAN;35,44;8;11;update;0.00;0.00
GP-P550SS;4719331554187;EAN;50,20;12;11;update;0.00;0.00
NXURPRO550BZ;8436587975561;EAN;49,09;4;11;update;0.00;0.00
NXURPRO550BZWH;8436587976056;EAN;49,57;0;11;update;0.00;0.00
NXURPRO650BZ;8436587975554;EAN;57,08;0;11;update;0.00;0.00
NXURPRO650BZWH;8436587976049;EAN;57,67;7;11;update;0.00;0.00
COO-FA550SGR;8436624423482;EAN;30,87;8;11;update;0.00;0.00
COO-FA550TGR;8436624423499;EAN;30,87;8;11;update;0.00;0.00
KVR16LS11/4;0740617219784;EAN;45,39;1;11;update;0.00;0.00
KVR16LS11/8;0740617219791;EAN;73,34;55;11;update;0.00;0.00
CMK16GX4M2B3200C16;0843591070454;EAN;164,45;0;11;update;0.00;0.00
CMSO8GX4M1A2133C15;0843591067379;EAN;33,06;0;11;update;0.00;0.00
CT8G4SFS824A;0649528776334;EAN;26,32;0;11;update;0.00;0.00
CMK8GX4M1D3000C16;0843591077927;EAN;27,52;0;11;update;0.00;0.00
CMK8GX4M1E3200C16;0840006608622;EAN;26,50;0;11;update;0.00;0.00
CMK32GX4M2D3000C16;0843591077569;EAN;240,83;0;11;update;0.00;0.00
CT8G4DFRA32A;0649528903549;EAN;87,78;16;11;update;0.00;0.00
CT16G4DFRA32A;0649528903624;EAN;171,43;59;11;update;0.00;21.00
CMH16GX4M2E3200C16;0840006632009;EAN;185,96;7;11;update;0.00;0.00
CMH32GX4M2E3200C16;0840006632092;EAN;327,56;0;11;update;0.00;0.00
CT8G4SFRA32A;0649528903525;EAN;85,52;22;11;update;0.00;0.00
CT16G4SFRA32A;0649528903600;EAN;153,42;2;11;update;0.00;0.00
CT8G48C40U5;0649528905611;EAN;110,22;0;11;update;0.00;0.00
CT16G48C40U5;0649528905628;EAN;259,59;7;11;update;0.00;21.00
CT32G48C40U5;0649528905635;EAN;308,34;0;11;update;0.00;0.00
KF432C16BB/8;0740617319910;EAN;100,74;3;11;update;0.00;0.00
KF432C16BB/16;0740617319859;EAN;177,86;8;11;update;0.00;0.00
CMK16GX5M1B5200C40;0840006663164;EAN;82,02;0;11;update;0.00;0.00
KF552C40BB-16;0740617324372;EAN;265,27;19;11;update;0.00;0.00
KF552C40BBK2-32;0740617324358;EAN;503,25;16;11;update;0.00;0.00
KVR26N19D8/16;0740617270891;EAN;108,56;0;11;update;0.00;0.00
CT32G4SFD832A;0649528822499;EAN;265,34;0;11;update;0.00;0.00
CMSX8GX4M1A2400C16;0843591067362;EAN;42,96;0;11;update;0.00;0.00
KVR32N22D8/32;0740617305975;EAN;342,74;2;11;update;0.00;0.00
KF432C16BB/32;0740617319828;EAN;313,84;0;11;update;0.00;0.00
CT32G4DFD832A;0649528822475;EAN;296,01;29;11;update;0.00;0.00
V7106004GBS-SR;5050914992286;EAN;19,61;0;11;update;0.00;0.00
CT16G48C40S5;0649528906526;EAN;248,87;0;11;update;0.00;0.00
CMK16GX5M2B5200C40;0840006666745;EAN;307,32;4;11;update;0.00;0.00
KVR32S22S8/8;0740617296099;EAN;84,14;2;11;update;0.00;0.00
TF4D416G3600HC18JDC;0765441651760;EAN;58,60;0;11;update;0.00;0.00
CMK32GX5M2E6000Z36;0840006679707;EAN;509,87;0;11;update;0.00;0.00
CMH32GX5M2E6000Z36;0840006679653;EAN;497,28;0;11;update;0.00;0.00
CMK64GX5M2B5600C40;0840006661306;EAN;869,74;0;11;update;0.00;0.00
CMH32GX5M2B6000Z30K;0840006600107;EAN;188,19;0;11;update;0.00;0.00
CMK64GX5M2B6400C32;0840006661788;EAN;300,87;0;11;update;0.00;0.00
CMK32GX5M1B5200C40;0840006693628;EAN;99,63;0;11;update;0.00;0.00
KVR32N22S8/8;0740617296068;EAN;93,68;6;11;update;0.00;0.00
KVR32N22D8/16;0740617296051;EAN;171,60;3;11;update;0.00;21.00
KF436C18BBK2/64;0740617319729;EAN;319,17;0;11;update;0.00;0.00
CT16G56C46U5;0649528929730;EAN;257,72;3;11;update;0.00;0.00
SP008GBLFU320X02;4713436144090;EAN;92,37;0;11;update;0.00;0.00
KCP432NS8/16;0740617311488;EAN;193,82;0;11;update;0.00;0.00
KF556C40BB-16;0740617325713;EAN;269,67;2;11;update;0.00;0.00
KCP556SS8-16;0740617335002;EAN;183,36;0;11;update;0.00;0.00
KCP556US8-16;0740617334357;EAN;102,20;0;11;update;0.00;0.00
KF552C40BB-32;0740617326543;EAN;317,45;0;11;update;0.00;0.00
BL.9BWWR.374;6955914619746;EAN;535,27;0;11;update;0.00;0.00
BL.9BWWR.432;6955914621176;EAN;469,90;50;11;update;0.00;0.00
BL.9BWWR.652;6955914638990;EAN;483,17;25;11;update;0.00;0.00
BL.9BWWR.327;6955914618220;EAN;406,34;0;11;update;0.00;0.00
BL.9BWWR.378;6955914619784;EAN;508,29;38;11;update;0.00;0.00
BL.9BWWR.379;6955914619791;EAN;551,40;2;11;update;0.00;0.00
KF556C40BB-32;0740617326567;EAN;552,22;16;11;update;0.00;0.00
KF556S40IB-32;0740617331653;EAN;562,99;4;11;update;0.00;0.00
KVR56U46BS8-16;0740617332827;EAN;278,84;0;11;update;0.00;0.00
KVR56S46BS6-8;0740617334074;EAN;164,34;284;11;update;0.00;0.00
CT16G56C46S5;0649528929938;EAN;267,48;2;11;update;0.00;0.00
CT32G56C46S5;0649528929952;EAN;467,93;0;11;update;0.00;0.00
CT32G56C46U5;0649528929754;EAN;477,27;1;11;update;0.00;0.00
BL.9BWWA.420;6955914620704;EAN;6,26;0;11;update;0.00;0.00
BL.9BWWA.425;6955914620759;EAN;6,26;0;11;update;0.00;0.00
BL.9BWWA.422;6955914620728;EAN;6,26;0;11;update;0.00;0.00
BL.9BWWA.427;6955914620773;EAN;6,26;0;11;update;0.00;0.00
AD4S266616G19-SGN;4711085931467;EAN;146,40;0;11;update;0.00;0.00
CMH64GX5M2D6000Z40;0840440417026;EAN;1083,63;43;11;update;0.00;0.00
CMK64GX5M2D6000Z40;0840440417040;EAN;1118,55;36;11;update;0.00;0.00
AD4U26668G19-SGN;4711085931382;EAN;98,39;14;11;update;0.00;0.00
AD4U320016G22-SGN;4711085931443;EAN;178,94;65;11;update;0.00;0.00
CMH32GX5M2B6000C38;0840006680628;EAN;522,34;3;11;update;0.00;0.00
CMK32GX5M2B6000C38;0840006684442;EAN;513,06;0;11;update;0.00;0.00
KF556C40BBA-16;0740617328585;EAN;208,90;0;11;update;0.00;0.00
CMH32GX5M2B6000Z38;0840440422181;EAN;507,59;12;11;update;0.00;0.00
CMK32GX5M2B6000Z38;0840440422198;EAN;516,11;13;11;update;0.00;0.00
A4S16G32CLYBDAA-1;4712389904768;EAN;140,39;2;11;update;0.00;0.00
KVR32N22S6/8;0740617310870;EAN;98,39;5;11;update;0.00;21.00
KF432C16BB2A/16;0740617337518;EAN;172,36;52;11;update;0.00;21.00
APA-8GBES08G21GSH;4712389906670;EAN;85,20;90;11;update;0.00;0.00
EL.08G21.GSH;4712389906687;EAN;98,79;12;11;update;0.00;0.00
DL.08G2K.KAM;0807486496903;EAN;55,53;7;11;update;0.00;0.00
CMK32GX5M2E6000Z36W;0840440496106;EAN;501,03;23;11;update;0.00;0.00
KF560C36BBEAK2-64;0740617331882;EAN;1133,55;0;11;update;0.00;0.00
100-100000059WOF;0730143312745;EAN;441,73;0;11;update;0.00;0.00
100-100000061WOF;0730143312738;EAN;321,41;0;11;update;0.00;0.00
100-100000063WOF;0730143312714;EAN;239,69;6;11;update;0.00;0.00
100-100000065BOX;0730143312042;EAN;184,23;0;11;update;0.00;0.00
100-100000263BOX;0730143313377;EAN;211,51;5;11;update;0.00;0.00
100-100000252BOX;0730143313414;EAN;212,43;0;11;update;0.00;0.00
BX8071512600K;5032037234108;EAN;244,37;3;11;update;0.00;0.00
BX8071512600KF;5032037234115;EAN;204,37;3;11;update;0.00;0.00
BX8071512700K;5032037233989;EAN;398,75;2;11;update;0.00;21.00
BX8071512700KF;5032037234047;EAN;355,95;45;11;update;0.00;0.00
BX8071512900K;5032037234641;EAN;375,07;4;11;update;0.00;21.00
BX8071512900KF;5032037234221;EAN;351,31;1;11;update;0.00;0.00
BX8071512400;5032037237741;EAN;245,47;98;11;update;0.00;21.00
BX8071512400F;5032037237758;EAN;174,60;98;11;update;0.00;21.00
BX8071512500;5032037238564;EAN;257,99;0;11;update;0.00;0.00
BX8071512600;5032037238540;EAN;310,91;125;11;update;0.00;0.00
BX8071512700;5032037237840;EAN;398,61;3;11;update;0.00;0.00
BX8071512900;5032037237925;EAN;555,53;0;11;update;0.00;0.00
BX8071512900F;5032037237901;EAN;447,76;0;11;update;0.00;0.00
BX8071512700F;5032037237826;EAN;300,49;6;11;update;0.00;21.00
100-100000926WOF;0730143314275;EAN;235,56;1;11;update;0.00;0.00
100-100000510BOX;0730143314060;EAN;65,62;2;11;update;0.00;0.00
100-100000644BOX;0730143314114;EAN;92,38;32;11;update;0.00;0.00
100-100000457BOX;0730143314121;EAN;104,68;6;11;update;0.00;21.00
100-100000927BOX;0730143314190;EAN;167,35;8;11;update;0.00;0.00
BX8071512100F;5032037238731;EAN;106,04;15;11;update;0.00;0.00
BX8071512100;5032037238458;EAN;187,45;0;11;update;0.00;0.00
100-100000514WOF;0730143314534;EAN;616,68;0;11;update;0.00;0.00
100-100000589WOF;0730143314558;EAN;416,47;77;11;update;0.00;21.00
100-100000591WOF;0730143314428;EAN;291,43;14;11;update;0.00;21.00
100-100000593WOF;0730143314442;EAN;189,26;2;11;update;0.00;0.00
BX80715G7400;5032037238410;EAN;122,86;0;11;update;0.00;0.00
BX8071513900K;5032037258647;EAN;654,94;0;11;update;0.00;0.00
BX8071513900KF;5032037258623;EAN;658,20;0;11;update;0.00;0.00
BX8071513600KF;5032037258760;EAN;250,59;0;11;update;0.00;0.00
BX8071513700;5032037260213;EAN;409,82;0;11;update;0.00;0.00
100-100000910WOF;0730143314930;EAN;412,32;1;11;update;0.00;0.00
BX8071513700F;5032037260237;EAN;365,11;0;11;update;0.00;0.00
BX8071513400;5032037260275;EAN;267,41;0;11;update;0.00;0.00
BX8071513400F;5032037260299;EAN;233,05;0;11;update;0.00;0.00
BX8071513900F;5032037260183;EAN;606,76;0;11;update;0.00;0.00
BX8071513100F;5032037260336;EAN;127,36;0;11;update;0.00;0.00
BX8071514600KF;5032037278461;EAN;311,77;3;11;update;0.00;21.00
BX8071514700KF;5032037278508;EAN;408,03;4;11;update;0.00;21.00
BX8071514600K;5032037278447;EAN;400,62;0;11;update;0.00;0.00
BX8071514700K;5032037278485;EAN;487,77;46;11;update;0.00;21.00
BX8071514900KF;5032037278546;EAN;507,39;3;11;update;0.00;0.00
BX8071514900K;5032037278522;EAN;630,93;75;11;update;0.00;21.00
100-100001015BOX;0730143314572;EAN;200,17;61;11;update;0.00;21.00
BX8071514100F;5032037279093;EAN;115,73;18;11;update;0.00;0.00
BX8071514100;5032037279079;EAN;196,56;25;11;update;0.00;21.00
BX8071514400F;5032037279147;EAN;207,64;51;11;update;0.00;21.00
BX8071514400;5032037279130;EAN;279,99;10;11;update;0.00;0.00
BX8071514700F;5032037279246;EAN;369,61;17;11;update;0.00;21.00
BX8071514700;5032037279239;EAN;494,31;6;11;update;0.00;0.00
BX8071514900F;5032037279208;EAN;637,72;0;11;update;0.00;0.00
BX8071514900;5032037279192;EAN;643,20;17;11;update;0.00;21.00
100-100001591BOX;0730143316736;EAN;164,19;89;11;update;0.00;21.00
100-100001590BOX;0730143316699;EAN;253,69;0;11;update;0.00;0.00
100-100001236BOX;0730143316125;EAN;355,24;0;11;update;0.00;0.00
100-100000590BOX;0730143314466;EAN;357,97;7;11;update;0.00;21.00
100-100001405WOF;0730143315609;EAN;219,91;2;11;update;0.00;0.00
100-100001404WOF;0730143315593;EAN;338,35;70;11;update;0.00;21.00
100-100000662WOF;0730143315296;EAN;408,93;10;11;update;0.00;0.00
100-100001277WOF;0730143315272;EAN;600,77;1;11;update;0.00;0.00
100-100001237BOX;0730143316163;EAN;217,69;64;11;update;0.00;21.00
100-100001585BOX;0730143316613;EAN;163,94;6;11;update;0.00;0.00
100-100001584BOX;0730143316651;EAN;159,15;0;11;update;0.00;0.00
BX80768285K;5032037281928;EAN;713,73;160;11;update;0.00;0.00
BX80768265K;5032037282062;EAN;364,22;2;11;update;0.00;21.00
BX80768265KF;5032037281980;EAN;316,15;9;11;update;0.00;21.00
BX80768245K;5032037282086;EAN;237,19;1;11;update;0.00;0.00
BX80768245KF;5032037282109;EAN;202,72;2;11;update;0.00;0.00
100-100000931BOX;0730143316439;EAN;166,02;0;11;update;0.00;0.00
BX80715G6900;5032037238755;EAN;81,20;0;11;update;0.00;0.00
100-100001084WOF;0730143315289;EAN;518,09;98;11;update;0.00;21.00
100-100001351WOF;0730143315760;EAN;3237,82;0;11;update;0.00;0.00
100-100001352WOF;0730143315777;EAN;1801,63;17;11;update;0.00;0.00
100-100000592BOX;0730143314497;EAN;310,96;1;11;update;0.00;0.00
100-100001488BOX;0730143316002;EAN;188,97;4;11;update;0.00;0.00
100-100001489BOX;0730143316040;EAN;172,30;0;11;update;0.00;0.00
BX80768225;5032037282352;EAN;198,90;0;11;update;0.00;0.00
BX80768225F;5032037282376;EAN;168,99;50;11;update;0.00;21.00
BX80768235;5032037282925;EAN;293,56;0;11;update;0.00;0.00
BX8071514500;5032037279178;EAN;375,61;0;11;update;0.00;0.00
100-100000718BOX;0730143316934;EAN;239,10;0;11;update;0.00;0.00
100-100000719WOF;0730143315555;EAN;842,46;3;11;update;0.00;21.00
100-100001368WOF;0730143315579;EAN;713,13;1;11;update;0.00;21.00
BX80768265;5032037282512;EAN;458,89;3;11;update;0.00;0.00
BX80768265F;5032037282734;EAN;407,99;0;11;update;0.00;0.00
BX80768285;5032037282390;EAN;755,39;1;11;update;0.00;0.00
BX80768270K;5032037284837;EAN;396,56;48;11;update;0.00;0.00
100-100001513MPK;0730143317191;EAN;143,37;52;11;update;0.00;0.00
BE24EQK;4718017562768;EAN;203,52;1;11;update;0.00;0.00
PA278QV;4718017603614;EAN;280,40;11;11;update;0.00;0.00
VT229H;4718017058964;EAN;288,92;56;11;update;0.00;0.00
MB166C;4711081273981;EAN;146,19;28;11;update;0.00;0.00
PA248QV;4718017603393;EAN;240,91;47;11;update;0.00;0.00
VA24EQSB-W;4711081867449;EAN;188,39;16;11;update;0.00;0.00
24E3QAF;4038986141253;EAN;122,79;1;11;update;0.00;0.00
27E3QAF;4038986181235;EAN;147,02;0;11;update;0.00;0.00
24B3HA2;4038986151481;EAN;101,72;8;11;update;0.00;0.00
27B3HA2;4038986181532;EAN;119,85;6;11;update;0.00;0.00
9S6-3BA9CH-044;4711377087971;EAN;102,17;0;11;update;0.00;0.00
1.0.99.12.10182-9036;6923172599018;EAN;153,10;905;11;update;0.00;0.00
1.0.99.12.10206-9005;6923172593238;EAN;183,80;0;11;update;0.00;0.00
27G4XE;4038986182034;EAN;153,19;2;11;update;0.00;0.00
32MR50C-B;8806084707628;EAN;195,90;37;11;update;0.00;21.00
VY229HF;4711387497098;EAN;97,64;125;11;update;0.00;0.00
27BA560-B;0195174080672;EAN;166,14;98;11;update;0.00;0.00
BE24ECSBT;4711081905448;EAN;384,49;21;11;update;0.00;0.00
VA27AQSB;4718017802352;EAN;212,52;0;11;update;0.00;0.00
BE279QFK;4711387699010;EAN;310,11;7;11;update;0.00;0.00
25MS550-B;8806096228166;EAN;118,79;84;11;update;0.00;0.00
UM.QB7EE.601;4711474215512;EAN;179,34;4;11;update;0.00;0.00
LS24D300GAUXEN;8806095802978;EAN;107,45;2;11;update;0.00;0.00
27B35HM;4038986182218;EAN;116,60;1;11;update;0.00;0.00
C32G2ZE;4038986117395;EAN;216,57;0;11;update;0.00;0.00
CU34V5C/BK;4038986110198;EAN;310,63;6;11;update;0.00;0.00
VA249QG;4711387795033;EAN;117,58;7;11;update;0.00;0.00
VA259HGA;4711387740170;EAN;124,93;62;11;update;0.00;0.00
VA279QG;4711387795118;EAN;128,64;0;11;update;0.00;0.00
VA279HG;4711387813270;EAN;119,31;0;11;update;0.00;0.00
UM.HV7EE.G01;4711474177063;EAN;115,40;55;11;update;0.00;0.00
UM.QV7EE.G01;4711474177056;EAN;92,28;52;11;update;0.00;0.00
UM.WV7EE.024;4711474082008;EAN;84,66;0;11;update;0.00;0.00
DELL-SE2425HM;5397184962541;EAN;91,55;0;11;update;0.00;0.00
VG249QE5A;4711387871454;EAN;124,74;1;11;update;0.00;0.00
VG279QE5A;4711387871508;EAN;144,43;1;11;update;0.00;0.00
24E2N1110/00;8721038000399;EAN;97,04;9;11;update;0.00;0.00
VA249HG;4711387795163;EAN;102,63;18;11;update;0.00;0.00
UM.QB2EE.G01;4711474157072;EAN;118,20;3;11;update;0.00;0.00
32U631A-B;8806096358603;EAN;238,22;57;11;update;0.00;0.00
9S6-3PC39M-072;4711377231916;EAN;207,51;0;11;update;0.00;0.00
VP229HF;4711387717424;EAN;98,81;4;11;update;0.00;0.00
VA229QSB;4718017838658;EAN;134,28;0;11;update;0.00;0.00
VT169HE;4711387406090;EAN;221,40;1;11;update;0.00;0.00
27E2N1110/00;8721038000412;EAN;119,37;11;11;update;0.00;0.00
E2225HM;5397184962404;EAN;109,99;98;11;update;0.00;0.00
9S6-3PD4CM-018;4711377248167;EAN;123,13;0;11;update;0.00;0.00
24E1N1200A;8721038000436;EAN;110,14;8;11;update;0.00;0.00
27E1N1200A;8721038000337;EAN;129,39;9;11;update;0.00;0.00
XGM27PRO5;8435099533290;EAN;136,81;98;11;update;0.00;0.00
 UM.QB7EE.304;4711121413490;EAN;158,03;37;11;update;0.00;0.00
UM.QB7EE.G06;4711474183958;EAN;138,44;13;11;update;0.00;0.00
27U631A-B;8806096358559;EAN;169,84;15;11;update;0.00;0.00
SE2225HM;5397184962534;EAN;101,72;1;11;update;0.00;0.00
BE24QFK;4711387698990;EAN;223,60;5;11;update;0.00;0.00
VG27VQ3B;4711387529997;EAN;191,13;0;11;update;0.00;0.00
272S1AE;8712581767273;EAN;161,14;13;11;update;0.00;0.00
27E2N1500/00;8721038005455;EAN;147,07;0;11;update;0.00;0.00
24B31H;4038986142199;EAN;94,15;11;11;update;0.00;0.00
27B31H;4038986182225;EAN;114,04;18;11;update;0.00;0.00
Q27B35E;4038986183062;EAN;140,96;0;11;update;0.00;0.00
U27B3A;4038986181495;EAN;219,52;0;11;update;0.00;0.00
24G42E;4038986642583;EAN;116,05;0;11;update;0.00;0.00
CU34V5CW/BK;4038986110273;EAN;410,93;2;11;update;0.00;0.00
MP273U;4711377192279;EAN;220,72;43;11;update;0.00;0.00
UM.HB7EE.G02;4711474183972;EAN;156,69;0;11;update;0.00;0.00
24U411A-B;8806096543757;EAN;119,72;43;11;update;0.00;21.00
221V8;8712581760175;EAN;99,64;13;11;update;0.00;0.00
VA24DQFS;4711387754122;EAN;145,90;0;11;update;0.00;0.00
32UR550K-B;8806096228159;EAN;298,93;0;11;update;0.00;0.00
27US550-W;8806096253700;EAN;261,97;40;11;update;0.00;0.00
VG279Q5R;4711387959220;EAN;184,78;95;11;update;0.00;0.00
VZ249HG;4711636043304;EAN;102,57;15;11;update;0.00;0.00
VZ249HG-W;4711636157773;EAN;113,52;0;11;update;0.00;0.00
VZ279HG;4711636043380;EAN;117,54;0;11;update;0.00;0.00
VZ279HG-W;4711636157780;EAN;131,56;5;11;update;0.00;0.00
24B36X;4038986143073;EAN;96,58;11;11;update;0.00;0.00
27B36X;4038986183086;EAN;119,46;1;11;update;0.00;0.00
Q27B35S3;4038986182768;EAN;163,63;0;11;update;0.00;0.00
U27B3AF;4038986181501;EAN;231,61;0;11;update;0.00;0.00
24E4U;4038986142779;EAN;149,50;0;11;update;0.00;0.00
24P3QW;4038986140775;EAN;194,64;3;11;update;0.00;0.00
Q32E4U;4038986112956;EAN;263,15;0;11;update;0.00;0.00
9S6-3PD3CM-027;4711377238311;EAN;134,95;0;11;update;0.00;0.00
242S1AE/00;8712581764296;EAN;130,73;2;11;update;0.00;0.00
MB169CK;4711387767535;EAN;135,58;5;11;update;0.00;0.00
MB16AHV;4711387206492;EAN;181,60;0;11;update;0.00;0.00
PA278CGV;4711387012376;EAN;439,13;3;11;update;0.00;0.00
PA278CV;4718017910040;EAN;384,49;3;11;update;0.00;0.00
PA279CV;4718017853200;EAN;557,69;7;11;update;0.00;0.00
PA328QV;4711081524847;EAN;549,69;15;11;update;0.00;0.00
PA329CRV;4711387005811;EAN;818,58;1;11;update;0.00;0.00
PA329CV;4711081009726;EAN;763,93;0;11;update;0.00;0.00
PA34VCNV;4711387206393;EAN;601,54;5;11;update;0.00;0.00
VA249QGS;4711387794920;EAN;169,66;22;11;update;0.00;0.00
VA279QGS;4711387794937;EAN;211,46;10;11;update;0.00;0.00
VA27UCPS;4711387620694;EAN;319,22;0;11;update;0.00;0.00
VA27DQFS;4711387564820;EAN;172,33;5;11;update;0.00;0.00
LS27D300GAUXEN;8806095803029;EAN;125,08;2;11;update;0.00;0.00
DELL-S2725QC;5397184962367;EAN;447,61;17;11;update;0.00;0.00
SB150;8436001290034;EAN;16,12;10;11;update;0.00;0.00
70PD00000063;5390660128141;EAN;10,46;0;11;update;0.00;0.00
PJ1010TN-S;8433281001848;EAN;27,40;0;11;update;0.00;0.00
PJ1010TN-B;8433281001831;EAN;25,36;5;11;update;0.00;0.00
980-000413;5099206022898;EAN;53,54;75;11;update;0.00;0.00
980-000403;5099206024823;EAN;175,99;1;11;update;0.00;0.00
PJ2012T-S;8433281003194;EAN;20,46;2;11;update;0.00;0.00
PJ3030TN-B;8433281005686;EAN;23,96;1;11;update;0.00;0.00
PJ2012T-B;8433281003187;EAN;20,75;1;11;update;0.00;0.00
981-000100;5099206008441;EAN;25,92;0;11;update;0.00;0.00
981-000475;5099206038844;EAN;30,57;0;11;update;0.00;0.00
981-000406;5099206030015;EAN;31,61;0;11;update;0.00;0.00
980-000029;5099206004023;EAN;25,93;1;11;update;0.00;0.00
980-000814;5099206048782;EAN;35,39;0;11;update;0.00;0.00
980-000815;5099206048799;EAN;33,04;1;11;update;0.00;0.00
981-000480;5099206038868;EAN;42,52;0;11;update;0.00;0.00
980-000468;5099206023536;EAN;398,69;0;11;update;0.00;0.00
PJ2012T-W;8433281006690;EAN;20,75;2;11;update;0.00;0.00
70GH032000000;37639;EAN;28,93;0;11;update;0.00;0.00
960-000867;5099206038776;EAN;200,43;0;11;update;0.00;0.00
960-001055;5099206061309;EAN;93,52;2;11;update;0.00;21.00
960-001063;5099206064201;EAN;27,55;1;11;update;0.00;0.00
980-000912;5099206051805;EAN;45,62;0;11;update;0.00;0.00
GSX-200;8435430609035;EAN;32,78;2;11;update;0.00;0.00
CA-9011167-EU;0843591028950;EAN;86,52;0;11;update;0.00;0.00
MDREX15APB.CE7;4905524931235;EAN;14,88;9;11;update;0.00;0.00
960-001088;5099206066977;EAN;126,67;0;11;update;0.00;0.00
51MF1680AA000;5390660192029;EAN;34,15;128;11;update;0.00;0.00
51MF1680AA001;5390660192135;EAN;33,88;179;11;update;0.00;0.00
16697;8713439166972;EAN;22,28;0;11;update;0.00;0.00
960-001106;5099206068100;EAN;205,22;13;11;update;0.00;0.00
10.35.0003;8433281008175;EAN;28,56;0;11;update;0.00;0.00
981-000271;5099206022423;EAN;17,39;98;11;update;0.00;0.00
960-000972;5099206045200;EAN;151,72;0;11;update;0.00;0.00
51MF0480AA000;5390660192456;EAN;59,49;24;11;update;0.00;0.00
COO-AUB-04DD;8436556148316;EAN;19,78;0;11;update;0.00;0.00
CWP01TSE-047;8436574703467;EAN;19,15;0;11;update;0.00;0.00
CWP01TSE-049;8436574703474;EAN;19,19;1;11;update;0.00;0.00
CP02TSRE-051;8436574703481;EAN;33,64;0;11;update;0.00;0.00
ZBW4355TY;6970244522191;EAN;13,03;198;11;update;0.00;0.00
ZBW4354TY;6970244522184;EAN;13,12;0;11;update;0.00;0.00
DG-AUR-02PRO;8436556148729;EAN;29,23;7;11;update;0.00;0.00
51MF1690AA000;5390660192487;EAN;127,10;0;11;update;0.00;0.00
SINGERFIRE;8435430611038;EAN;13,08;0;11;update;0.00;0.00
TQOWS-01W;8433281009547;EAN;97,19;5;11;update;0.00;0.00
51MF0485AA001;5390660194320;EAN;57,65;32;11;update;0.00;0.00
51MF0490AA001;5390660194337;EAN;94,86;0;11;update;0.00;0.00
E9PD7DQ01EZ1;5055387664975;EAN;603,76;2;11;update;0.00;0.00
51EF0960AA000;5390660194634;EAN;37,96;0;11;update;0.00;0.00
51EF0950AA000;5390660194412;EAN;47,50;0;11;update;0.00;0.00
VOX505USB;8435430618006;EAN;21,19;11;11;update;0.00;0.00
TQMM-213;8433281009981;EAN;12,34;0;11;update;0.00;0.00
51MF1695AA000;5390660192937;EAN;35,83;0;11;update;0.00;0.00
E9PX7D701EZ3;5055387664814;EAN;453,30;8;11;update;0.00;0.00
MS115;8435430618129;EAN;12,85;8;11;update;0.00;0.00
COO-BTA-P05BK;8436556143571;EAN;17,66;0;11;update;0.00;0.00
COO-AUM-01U;8436556143502;EAN;17,46;20;11;update;0.00;0.00
COO-MIC-CPD03;8436556143793;EAN;45,78;0;11;update;0.00;0.00
E9PD7DR01EZ1;5055387664982;EAN;765,45;0;11;update;0.00;0.00
E9PX7D701EZ1;5055387664791;EAN;592,65;0;11;update;0.00;0.00
960-001065;5099206064225;EAN;32,54;5;11;update;0.00;0.00
E9PD7D101EZ2;5055387664937;EAN;396,66;2;11;update;0.00;0.00
GSX-150;8435430619287;EAN;23,59;0;11;update;0.00;0.00
DS-9084PMG+;5060059043828;EAN;253,36;0;11;update;0.00;0.00
73VF088000000;5390660194696;EAN;35,30;18;11;update;0.00;0.00
960-001102;5099206072060;EAN;531,01;10;11;update;0.00;0.00
960-001372;0097855163806;EAN;55,10;0;11;update;0.00;0.00
MR.JTV11.001;4710886243281;EAN;423,20;13;11;update;0.00;0.00
DG-ALB-R200B;8436556144615;EAN;30,85;0;11;update;0.00;0.00
DG-ALB-R205;8436556144639;EAN;34,41;0;11;update;0.00;0.00
960-001252;5099206082199;EAN;81,88;0;11;update;0.00;0.00
PHEARPODS;8436043205348;EAN;30,99;0;11;update;0.00;0.00
001.021.0000036;6927433602998;EAN;661,45;0;11;update;0.00;0.00
CA-9011270-EU;0840006643784;EAN;111,76;1;11;update;0.00;0.00
CA-9011271-EU;0840006643821;EAN;111,76;3;11;update;0.00;0.00
CA-9011237-EU;0840006644484;EAN;132,13;0;11;update;0.00;0.00
981-000571;5099206053298;EAN;58,93;7;11;update;0.00;0.00
981-000575;5099206053304;EAN;64,08;0;11;update;0.00;0.00
MSX 10 PRO;8435430620931;EAN;16,80;3;11;update;0.00;0.00
MSX11PRO;8435430620955;EAN;19,31;6;11;update;0.00;0.00
51MF8395AA000;5390660195051;EAN;57,01;50;11;update;0.00;0.00
73VF090000000;5390660195365;EAN;58,85;5;11;update;0.00;0.00
CP03TSR-127;8436574707434;EAN;14,97;0;11;update;0.00;0.00
CP03TSR-129;8436574707441;EAN;14,97;1;11;update;0.00;0.00
CP04TSRE-131;8436574707458;EAN;19,24;0;11;update;0.00;0.00
CP04TSRE-133;8436574707465;EAN;20,51;2;11;update;0.00;0.00
ALTA-VOZ-30;8422521004756;EAN;58,75;0;11;update;0.00;0.00
ALTA-VOZ-W30;8422521004763;EAN;86,69;5;11;update;0.00;0.00
AMPLY-T;8422521092807;EAN;174,72;0;11;update;0.00;0.00
BOX35-LED;8422521092395;EAN;61,52;8;11;update;0.00;0.00
PPEL-16106-FA;8422521004879;EAN;294,23;0;11;update;0.00;0.00
PPEL-16135-FA;8422521390835;EAN;445,07;0;11;update;0.00;0.00
PPEL-16180-FA;8422521002462;EAN;920,82;0;11;update;0.00;0.00
PPEL-43100-FA;8422521008105;EAN;287,19;0;11;update;0.00;0.00
PPEL-43120-FA;8422521004886;EAN;309,18;0;11;update;0.00;0.00
PPEL-43150-FA;8422521390828;EAN;467,80;0;11;update;0.00;0.00
PPEL-43200-FA;8422521390798;EAN;983,99;0;11;update;0.00;0.00
PPMA-16100-FA;8422521004893;EAN;130,14;0;11;update;0.00;0.00
PPMA-43084-BA;8422521390705;EAN;154,30;0;11;update;0.00;0.00
PPMA-43100-FA;8422521006415;EAN;121,44;0;11;update;0.00;0.00
PPTR-43100-FA;8422521004909;EAN;192,59;0;11;update;0.00;0.00
AS-3030;8422521002226;EAN;134,77;5;11;update;0.00;0.00
AS-6060;8422521002233;EAN;166,91;1;11;update;0.00;0.00
TWINS-2B;8422521000994;EAN;22,10;0;11;update;0.00;0.00
TWINS-2N;8422521000987;EAN;24,57;0;11;update;0.00;0.00
AB854001;6940533545361;EAN;45,46;3;11;update;0.00;0.00
AB854002;6940533545378;EAN;45,51;0;11;update;0.00;0.00
TQSBM-01;8433281012363;EAN;27,02;0;11;update;0.00;0.00
WP-54I;8422521250818;EAN;18,38;0;11;update;0.00;0.00
SUBWAY;8435430620849;EAN;45,09;1;11;update;0.00;0.00
WI-MIC;8422521008594;EAN;89,81;0;11;update;0.00;0.00
CA-9011280-EU;0840006657866;EAN;146,76;1;11;update;0.00;0.00
CA-9011281-EU;0840006657903;EAN;146,76;0;11;update;0.00;0.00
PX1-PRO;6942147486085;EAN;2061,61;3;11;update;0.00;0.00
AX5100G;6942147484906;EAN;297,33;0;11;update;0.00;0.00
E9PD7L321EZ1;5055387666825;EAN;1833,04;0;11;update;0.00;0.00
960-001076;5099206064027;EAN;67,97;0;11;update;0.00;0.00
E9PD7KK51EZ1;5055387666771;EAN;894,99;0;11;update;0.00;0.00
E9PD7KK41EZ1;5055387666788;EAN;1082,59;0;11;update;0.00;0.00
E9PD7KK31EZ3;5055387666795;EAN;2108,51;0;11;update;0.00;0.00
960-001186;5099206070455;EAN;468,25;0;11;update;0.00;0.00
960-001194;5099206075078;EAN;253,28;0;11;update;0.00;0.00
ARTICAWRATHBLACK;8435430621532;EAN;23,72;4;11;update;0.00;0.00
ARTICAWRATHWHITE;8435430621556;EAN;23,70;1;11;update;0.00;0.00
ARTICAGREEDPINK;8435430621518;EAN;27,40;26;11;update;0.00;0.00
ARTICAGREEDBLUE;8435430621471;EAN;27,50;3;11;update;0.00;0.00
ARTICAGREEDWHITE;8435430621495;EAN;27,38;13;11;update;0.00;0.00
V6530;6927433604084;EAN;3554,22;0;11;update;0.00;0.00
E9PD7KK01EZ1;5055387666399;EAN;1063,70;2;11;update;0.00;0.00
E9PD7L301EZ1;5055387666801;EAN;1349,48;5;11;update;0.00;0.00
E9PD7L311EZ3;5055387666818;EAN;2572,41;0;11;update;0.00;0.00
960-001281;5099206087187;EAN;121,80;0;11;update;0.00;0.00
E9PD7KK11EZ2;5055387667426;EAN;979,78;0;11;update;0.00;0.00
MR.JTG11.001;4710886147879;EAN;375,33;3;11;update;0.00;0.00
UK554002;6974560220090;EAN;17,62;0;11;update;0.00;0.00
24482;8713439244823;EAN;30,35;3;11;update;0.00;0.00
61BO317000AP;4710710680039;EAN;71,44;0;11;update;0.00;0.00
61AS311000AB;4710710674083;EAN;160,93;0;11;update;0.00;0.00
COMET2.1;8435430620801;EAN;26,02;1;11;update;0.00;0.00
981-000978;5099206094789;EAN;57,38;0;11;update;0.00;0.00
SB350;8435430619263;EAN;21,93;4;11;update;0.00;0.00
51MF8410AA000;5390660195556;EAN;94,59;0;11;update;0.00;0.00
73VF092000000;5390660195570;EAN;84,40;0;11;update;0.00;0.00
COO-BTA-G232;8436556140792;EAN;23,92;1;11;update;0.00;0.00
COO-BTA-G231;8436556140105;EAN;18,33;1;11;update;0.00;0.00
COO-BTA-BS23;8436556140020;EAN;24,91;10;11;update;0.00;0.00
MR.JQF11.001;4713883594066;EAN;536,88;1;11;update;0.00;0.00
MR.JQU11.001;4713883722711;EAN;604,18;3;11;update;0.00;0.00
MR.JQH11.001;4713883595780;EAN;645,88;1;11;update;0.00;0.00
CA-9011285-EU2;0840006676485;EAN;164,27;3;11;update;0.00;0.00
CA-9011286-EU2;0840006676522;EAN;164,27;0;11;update;0.00;0.00
C6530;6927433604053;EAN;2957,70;0;11;update;0.00;0.00
981-000770;5099206082410;EAN;59,62;0;11;update;0.00;0.00
MR.JTU11.001;4710886243274;EAN;375,33;98;11;update;0.00;0.00
90LJ00I5-B01070;4711081970712;EAN;913,13;0;11;update;0.00;0.00
CA-9011377-EU;0840006674573;EAN;53,39;4;11;update;0.00;0.00
TQBWH-0031W;8433281014282;EAN;19,59;0;11;update;0.00;0.00
TQBWH-0054B;8433281014299;EAN;18,76;0;11;update;0.00;0.00
TQBWH-0060G;8433281014305;EAN;24,02;0;11;update;0.00;0.00
ARTICAMOVERAIN;8435430623529;EAN;25,22;9;11;update;0.00;0.00
ROLLERFURIA2BLACK;8435430623789;EAN;48,01;2;11;update;0.00;0.00
MS103MAX;8435430623901;EAN;11,67;6;11;update;0.00;0.00
960-001218;5099206079519;EAN;2226,22;0;11;update;0.00;0.00
NXKROMKAPPA;8436587970672;EAN;22,80;0;11;update;0.00;0.00
NXKROMKAZE;8436587974540;EAN;51,35;0;11;update;0.00;0.00
NXKROMKAM;8436587971174;EAN;38,84;1;11;update;0.00;21.00
51MF8465AA000;5390660196140;EAN;64,67;2;11;update;0.00;0.00
51EF1040AA001;5390660195723;EAN;142,59;0;11;update;0.00;0.00
51EF1080AA001;5390660195778;EAN;102,87;0;11;update;0.00;0.00
51EF1080AA002;5390660195785;EAN;111,22;0;11;update;0.00;0.00
51EF1081AA001;5390660195792;EAN;142,59;0;11;update;0.00;0.00
E9PD7M601EZ1;5055387668072;EAN;6,72;0;11;update;0.00;0.00
COO-AUB-40WH;8437012429543;EAN;21,10;8;11;update;0.00;0.00
HS2100;6942147497937;EAN;177,01;6;11;update;0.00;0.00
C1;6942147495124;EAN;1623,09;0;11;update;0.00;0.00
E9PX7D601EZ1;5055387664852;EAN;428,06;1;11;update;0.00;0.00
H1F0C0NBW101;5055387667877;EAN;2207,14;0;11;update;0.00;0.00
H1F0C0OBW101;5055387667884;EAN;1791,06;0;11;update;0.00;0.00
H1F0C0PBW101;5055387667891;EAN;3177,31;0;11;update;0.00;0.00
981-000593;5099206057340;EAN;17,66;0;11;update;0.00;0.00
E9PD7LD01EZ2;5055387667716;EAN;2299,19;0;11;update;0.00;0.00
980-001295;5099206075023;EAN;66,92;0;11;update;0.00;0.00
980-001054;5099206058675;EAN;128,43;0;11;update;0.00;0.00
BHR8776GL;6941812791240;EAN;18,67;12;11;update;0.00;0.00
BHR8773GL;6941812791271;EAN;18,18;4;11;update;0.00;0.00
BHR8396GL;6941812777572;EAN;24,75;5;11;update;0.00;0.00
BHR8391GL;6941812777527;EAN;24,98;0;11;update;0.00;0.00
PARTY-DUO;8422521010542;EAN;106,14;0;11;update;0.00;0.00
MALIBU-308;8422521023559;EAN;117,18;6;11;update;0.00;0.00
MALIBU-312;8422521023597;EAN;222,35;1;11;update;0.00;0.00
MALIBU-315;8422521023610;EAN;245,24;3;11;update;0.00;0.00
CLASS-220N;8422521235150;EAN;108,72;0;11;update;0.00;0.00
CLASS-220B;8422521235167;EAN;86,60;0;11;update;0.00;0.00
SONAIR-1M;8422521022873;EAN;107,09;0;11;update;0.00;0.00
SONAIR-1P;8422521022897;EAN;100,12;0;11;update;0.00;0.00
960-001227;5099206079533;EAN;1565,08;0;11;update;0.00;0.00
ARTICAJOGGER;8435430625073;EAN;37,88;12;11;update;0.00;0.00
ARTICAHUSH;8435430625097;EAN;52,98;0;11;update;0.00;0.00
WILDSPACE3;8435430625530;EAN;362,09;0;11;update;0.00;0.00
WILDSPACE2;8435430625523;EAN;288,71;0;11;update;0.00;0.00
WILDSPACE1;8435430625516;EAN;210,94;0;11;update;0.00;0.00
WILDCLUB;8435430625813;EAN;129,66;0;11;update;0.00;0.00
WILDTEMPER;8435430625837;EAN;123,06;2;11;update;0.00;0.00
XPRESSCAM1080FHD;8435430625899;EAN;27,23;9;11;update;0.00;0.00
51MF1710AA001;5390660195440;EAN;61,20;0;11;update;0.00;0.00
MXP63ZM/A;0195949688591;EAN;175,62;18;11;update;0.00;0.00
51EF1200AA000;5390660196249;EAN;97,85;0;11;update;0.00;0.00
51EF1180AA000;5390660196232;EAN;92,23;0;11;update;0.00;0.00
51EF1210AA001;5390660196270;EAN;69,41;0;11;update;0.00;0.00
51MF1700AA002;5390660194757;EAN;46,78;0;11;update;0.00;0.00
51MF1700AA000;5390660193965;EAN;46,78;3;11;update;0.00;0.00
51MF8470AA000;5390660196362;EAN;74,67;0;11;update;0.00;0.00
51MF8460AA000;5390660195853;EAN;50,17;0;11;update;0.00;0.00
QBH4274GL;6941948703384;EAN;43,78;2;11;update;0.00;0.00
QBH4276GL;6941812793008;EAN;59,10;0;11;update;0.00;0.00
QBH4263GL;6941948702035;EAN;51,52;14;11;update;0.00;0.00
BHR8775GL;6941812791295;EAN;20,08;5;11;update;0.00;0.00
BHR9283GL;6941812737071;EAN;17,77;198;11;update;0.00;0.00
BHR8394GL;6941812777558;EAN;24,73;6;11;update;0.00;0.00
BHR8395GL;6941812777565;EAN;23,77;0;11;update;0.00;0.00
MR.JX711.001;4711474000446;EAN;429,27;16;11;update;0.00;0.00
WILDSWAGGO;8435430625974;EAN;102,85;0;11;update;0.00;0.00
ROLLERFURIA2TINYBLA;8435430625936;EAN;41,30;0;11;update;0.00;0.00
ROLLERFURIA2TINYBLU;8435430625912;EAN;40,80;5;11;update;0.00;0.00
ARTICASHAKE;8435430622096;EAN;54,48;2;11;update;0.00;0.00
CA-9011379-WW;0840440484196;EAN;148,04;0;11;update;0.00;0.00
23696;8713439236965;EAN;87,24;6;11;update;0.00;0.00
COO-AUM-WB01-B;8436624420108;EAN;37,09;2;11;update;0.00;0.00
COO-AUM-WB01-W;8436624420115;EAN;32,99;3;11;update;0.00;0.00
UK554001;6974560220083;EAN;14,66;0;11;update;0.00;0.00
AVP-COMM-X25;0619091266662;EAN;64,29;0;11;update;0.00;0.00
AVP-COMM-HS;0619091266679;EAN;16,75;8;11;update;0.00;0.00
MWW53ZM/A;0195949544163;EAN;680,98;0;11;update;0.00;0.00
960-001034;5099206059030;EAN;489,10;0;11;update;0.00;0.00
MR.JTG11.00P;4711121790263;EAN;347,27;0;11;update;0.00;0.00
MWTY3ZMA;0195949506123;EAN;35,31;8;11;update;0.00;0.00
VOX805USBCBLACK;8435430626681;EAN;28,51;2;11;update;0.00;0.00
VOX805USBCWHITE;8435430626704;EAN;28,51;2;11;update;0.00;0.00
SINGERSTAR;8435430626629;EAN;37,50;7;11;update;0.00;0.00
SINGERSTARDUO;8435430626643;EAN;59,01;12;11;update;0.00;0.00
MXP93ZM/A;0195949689673;EAN;234,99;13;11;update;0.00;0.00
SKYCHARMPROWHITE;8435430626094;EAN;56,23;2;11;update;0.00;0.00
 MR.JXE11.001;4711474096838;EAN;378,27;8;11;update;0.00;0.00
 MR.JXF11.001;4711474104526;EAN;379,52;22;11;update;0.00;0.00
BHR4245GL;6934177720222;EAN;26,94;6;11;update;0.00;0.00
AURIS-BT;8422521022361;EAN;22,87;75;11;update;0.00;0.00
HSM001-397;8435739903667;EAN;10,72;0;11;update;0.00;0.00
WHCH720NB.CE7;4548736142428;EAN;88,73;54;11;update;0.00;0.00
960-001559;5099206109315;EAN;281,67;160;11;update;0.00;0.00
BHR7278GL;6941812726792;EAN;31,61;1;11;update;0.00;0.00
BHR9251GL;6941812704660;EAN;54,15;22;11;update;0.00;0.00
BHR9245GL;6941812799734;EAN;47,83;0;11;update;0.00;0.00
BHR9310GL;6941812743577;EAN;85,92;0;11;update;0.00;0.00
BHR9417EU;6941812706282;EAN;242,17;9;11;update;0.00;0.00
MFHP4ZM/A;0195950543742;EAN;295,24;16;11;update;0.00;0.00
SM-R420NZAAEUB;8806097621256;EAN;115,76;0;11;update;0.00;0.00
SM-R420NZKAEUB;8806097621041;EAN;115,83;0;11;update;0.00;0.00
SM-R630NZWAPHE;8806095661384;EAN;164,85;0;11;update;0.00;0.00
SM-R530NZWAPHE;8806095655635;EAN;129,80;0;11;update;0.00;0.00
HW-B400F/ZF;8806097057413;EAN;107,08;0;11;update;0.00;0.00
HW-B650F/ZF;8806097069225;EAN;220,50;1;11;update;0.00;0.00
HW-C400/ZF;8806094881578;EAN;159,72;65;11;update;0.00;0.00
HW-Q930F/ZF;8806097108931;EAN;738,57;0;11;update;0.00;0.00
HW-Q990F/ZF;8806097108085;EAN;1020,49;0;11;update;0.00;0.00
HW-QS700F/ZF;8806097107804;EAN;400,29;0;11;update;0.00;0.00
CROSSDRIFTBLACK;8435430627190;EAN;10,80;0;11;update;0.00;0.00
CROSSDRIFTWHITE;8435430627213;EAN;10,19;11;11;update;0.00;0.00
CROSSDRIFTMINT;8435430627237;EAN;10,80;12;11;update;0.00;0.00
CROSSFLIPBLACK;8435430627077;EAN;10,78;28;11;update;0.00;0.00
CROSSFLIPWHITE;8435430627091;EAN;10,19;17;11;update;0.00;0.00
CROSSFLIPPINK;8435430627138;EAN;10,80;15;11;update;0.00;0.00
CROSSGLIDEBLACK;8435430627152;EAN;11,98;18;11;update;0.00;0.00
CROSSGLIDEWHITE;8435430627176;EAN;11,98;9;11;update;0.00;0.00
CROSSSTEPBLACK;8435430627275;EAN;11,98;10;11;update;0.00;0.00
CROSSSTEPWHITE;8435430627299;EAN;11,19;4;11;update;0.00;0.00
WILDBASH;8435430627060;EAN;140,15;0;11;update;0.00;0.00
SKYCHARMPRO;8435430626070;EAN;66,12;2;11;update;0.00;0.00
SB210;8435430626926;EAN;17,59;4;11;update;0.00;0.00
SB500-BT;8435430626902;EAN;40,51;3;11;update;0.00;0.00
MS120USB;8435430626988;EAN;23,62;5;11;update;0.00;0.00
VOX605USBC;8435430626667;EAN;24,36;8;11;update;0.00;0.00
XPRESSCAM2000;8435430626728;EAN;36,80;9;11;update;0.00;0.00
981-000589;5099206057333;EAN;24,65;0;11;update;0.00;0.00
981-000818;5099206085718;EAN;99,36;5;11;update;0.00;0.00
981-000943;5099206091788;EAN;137,27;8;11;update;0.00;0.00
981-000854;5099206088580;EAN;241,30;0;11;update;0.00;0.00
960-001592;5099206112520;EAN;34,34;95;11;update;0.00;0.00
960-001360;0097855162045;EAN;89,24;21;11;update;0.00;0.00
QBH4265GL;6941948702042;EAN;52,60;38;11;update;0.00;0.00
QBH4370GL;6941948709164;EAN;52,02;26;11;update;0.00;0.00
QBH4372GL;6941948709171;EAN;52,02;29;11;update;0.00;0.00
QBH4344EU;6941948707375;EAN;118,20;7;11;update;0.00;0.00
BHR080FGL;6932554436902;EAN;158,08;3;11;update;0.00;0.00
BHR08OLGL;6932554471880;EAN;28,06;4;11;update;0.00;0.00
BHR08OMGL;6932554471897;EAN;28,56;2;11;update;0.00;0.00
MWW63ZM/A;0195949544309;EAN;680,98;0;11;update;0.00;0.00
MWW73ZM/A;0195949544446;EAN;680,98;0;11;update;0.00;0.00
MWW83ZM/A;0195949544583;EAN;680,98;0;11;update;0.00;0.00
BHR08JTGL;6932554464233;EAN;25,67;4;11;update;0.00;0.00
BHR08JUGL;6932554464240;EAN;25,67;3;11;update;0.00;0.00
H1F0H06BW101;5055387668737;EAN;1420,09;18;11;update;0.00;0.00
10.35.0004;8433281017252;EAN;31,01;17;11;update;0.00;0.00
QBH4257GL;6941948703391;EAN;81,13;39;11;update;0.00;0.00
QBH4269GL;6941948702349;EAN;23,49;198;11;update;0.00;0.00
QBH4378GL;6941948709201;EAN;23,71;23;11;update;0.00;0.00
QBH4380GL;6941948709218;EAN;23,31;31;11;update;0.00;0.00
GAB55AEL2-00-G;4719331809898;EAN;155,55;0;11;update;0.00;0.00
GAB55GMX2-00-G11;4719331810702;EAN;122,53;0;11;update;0.00;0.00
911-7C95-017;4719072758417;EAN;109,86;16;11;update;0.00;0.00
9MB55MAEL-00-13;4719331809546;EAN;108,30;107;11;update;0.00;0.00
911-7D46-003;4719072925024;EAN;87,27;98;11;update;0.00;21.00
90-MXBDK0-A0UAYZ;4710483931598;EAN;108,70;0;11;update;0.00;0.00
90-MXBEG0-A0UAYZ;4710483932793;EAN;78,80;0;11;update;0.00;0.00
90-MXB9N0-A0UAYZ;4717677337617;EAN;63,48;0;11;update;0.00;0.00
90-MXBDJ0-A0UAYZ;4710483931635;EAN;86,02;0;11;update;0.00;0.00
GAA52MS2H-00-G;4719331809720;EAN;70,32;7;11;update;0.00;0.00
90MB17N0-M0EAY0;4711081152132;EAN;95,47;0;11;update;0.00;0.00
90MB14V0-M0EAY0;4718017758284;EAN;96,95;24;11;update;0.00;0.00
B760M DS3H DDR4;4719331850876;EAN;105,91;11;11;update;0.00;21.00
90-MXBL40-A0UAYZ;4710483942020;EAN;95,34;71;11;update;0.00;0.00
90-MXBKA0-A0UAYZ;4710483940965;EAN;179,84;0;11;update;0.00;0.00
A520M K V2 1.0;4719331852771;EAN;61,97;153;11;update;0.00;0.00
Z790 AORUS ELITE AX;4719331849467;EAN;276,42;0;11;update;0.00;0.00
B760M H DDR4 G10;4719331854645;EAN;81,41;9;11;update;0.00;0.00
H610M K DDR4 G10;4719331851675;EAN;69,42;83;11;update;0.00;0.00
911-7E29-001;4711377128889;EAN;121,48;0;11;update;0.00;0.00
90-MXBE60-A0UAYZ;4710483932311;EAN;60,37;38;11;update;0.00;0.00
90-MXBJJ0-A0UAYZ;4710483939914;EAN;68,63;18;11;update;0.00;0.00
90-MXBM00-A0UAYZ;4710483943126;EAN;87,37;0;11;update;0.00;0.00
911-7D48-007;4711377002660;EAN;72,21;1;11;update;0.00;0.00
90MB1E80-M0EAY0;4711387113189;EAN;82,24;0;11;update;0.00;0.00
90-MXBMQ0-A0UAYZ;4710483944192;EAN;70,86;0;11;update;0.00;0.00
90-MXBJM0-A0UAYZ;4710483940958;EAN;169,32;0;11;update;0.00;0.00
911-7E26-001;4711377098052;EAN;194,93;0;11;update;0.00;0.00
911-7D98-001;4711377028363;EAN;151,32;96;11;update;0.00;0.00
911-7E02-009;4711377086578;EAN;115,63;98;11;update;0.00;0.00
911-D98-007R;4711377086561;EAN;166,79;41;11;update;0.00;21.00
90-MXBLA0-A0UAYZ;4710483942693;EAN;120,59;25;11;update;0.00;0.00
A620M H;4719331855512;EAN;88,51;92;11;update;0.00;0.00
B650 GAMING X AX V2 G10;4719331860073;EAN;164,84;10;11;update;0.00;21.00
911-7E16-003;4711377170345;EAN;300,20;0;11;update;0.00;0.00
H610M S2H V3 DDR4;4719331859732;EAN;79,50;31;11;update;0.00;0.00
90-MXBMS0-A0UAYZ;4710483943768;EAN;107,30;34;11;update;0.00;0.00
B760M D3HP 1.0;4719331864347;EAN;112,97;12;11;update;0.00;0.00
90-MXBK20-A0UAYZ;4710483940910;EAN;161,81;51;11;update;0.00;0.00
90-MXBMJ0-A0UAYZ;4710483943485;EAN;108,63;36;11;update;0.00;0.00
90-MXBMV0-A0UAYZ;4710483943829;EAN;129,89;28;11;update;0.00;0.00
90-MXBPZ0-A0UAYZ;4710483949326;EAN;220,12;0;11;update;0.00;0.00
90-MXBQ00-A0UAYZ;4710483949333;EAN;250,87;0;11;update;0.00;0.00
90-MXBP60-A0UAYZ;4710483947544;EAN;218,84;0;11;update;0.00;0.00
90-MXBE90-A0UAYZ;4710483932755;EAN;103,30;29;11;update;0.00;0.00
90-MXBN90-A0UAYZ;4710483944598;EAN;203,02;25;11;update;0.00;0.00
X870 EAGLE WIFI7;4719331864996;EAN;287,91;0;11;update;0.00;0.00
Z890 EAGLE WIFI7;4719331864927;EAN;303,24;0;11;update;0.00;0.00
Z890 GAMING X WIFI7;4719331864941;EAN;291,64;4;11;update;0.00;0.00
Z890M GAMING;4719331865160;EAN;232,18;0;11;update;0.00;0.00
B650M D3HP AX;4719331859510;EAN;141,42;0;11;update;0.00;0.00
B650 UD AX 1.0 Y1;4719331863944;EAN;168,52;0;11;update;0.00;0.00
90-MXBE50-A0UAYZ;4710483932267;EAN;65,39;4;11;update;0.00;0.00
B650M S2H;4719331856298;EAN;116,45;7;11;update;0.00;0.00
90-MXBML0-A0UAYZ;4710483943775;EAN;76,68;52;11;update;0.00;0.00
90-MXBJH0-A0UAYZ;4710483939860;EAN;76,68;0;11;update;0.00;0.00
90MB1A10-M0EAY0;4711081565499;EAN;84,79;21;11;update;0.00;0.00
H610M H V3 DDR4;4719331859718;EAN;74,16;175;11;update;0.00;0.00
B850 GAMING WF6;4719331866631;EAN;202,28;3;11;update;0.00;0.00
B850M D3HP;4719331867058;EAN;156,90;2;11;update;0.00;0.00
9MB86D3H6-00-G10;4719331867515;EAN;174,77;19;11;update;0.00;21.00
B860 A ELITE WF7 ICE;4719331866846;EAN;208,76;7;11;update;0.00;0.00
B860 GAMING X WIFI6E;4719331866532;EAN;208,99;0;11;update;0.00;0.00
B760M D3HP DDR4 1.0;4719331862848;EAN;97,74;67;11;update;0.00;0.00
Z890 A ELITE WF7 ICE;4719331865221;EAN;290,72;0;11;update;0.00;0.00
Z790 D AX G10;4719331860592;EAN;189,23;17;11;update;0.00;21.00
90-MXBSZ-A0UAYZ;4711581490642;EAN;6,26;0;11;update;0.00;0.00
90-MXBM50-A0UAYZ;4710483943478;EAN;79,37;62;11;update;0.00;0.00
90-MXBP70-A0UAYZ;4710483946929;EAN;70,41;0;11;update;0.00;0.00
90-MXBN00-A0UAYZ;4710483944215;EAN;103,13;17;11;update;0.00;0.00
9MB65MDHP-00-G12;4719331857851;EAN;120,37;429;11;update;0.00;0.00
B650 EAGLE AX G10;4719331860158;EAN;154,84;12;11;update;0.00;21.00
B550M K 1.0;4719331852764;EAN;84,06;18;11;update;0.00;21.00
911-7E49-08S;4711377253536;EAN;594,76;17;11;update;0.00;0.00
H610M S2H V2;4719331859817;EAN;71,09;65;11;update;0.00;0.00
B760ME1.0;4719331856052;EAN;97,43;174;11;update;0.00;0.00
B760MD3HPWIFI61.0;4719331867638;EAN;128,65;3;11;update;0.00;0.00
H610MKV21.0;4719331860134;EAN;68,66;225;11;update;0.00;0.00
B760MDS3HGEN5;4719331872793;EAN;112,58;1;11;update;0.00;0.00
B860M EAGLE V2;4719331869656;EAN;150,35;14;11;update;0.00;0.00
911-7D48-019;4711377125147;EAN;82,51;98;11;update;0.00;0.00
9MB76S355-00-G10;4719331872892;EAN;139,02;44;11;update;0.00;21.00
PRIME H610M-K;4711387336328;EAN;87,44;38;11;update;0.00;0.00
A620M GAMING X;4719331854096;EAN;124,30;5;11;update;0.00;21.00
90-MXBSZ0-A0UAYZ;4711581490833;EAN;91,80;0;11;update;0.00;0.00
B760GAMINGXGEN5;4719331872120;EAN;153,44;9;11;update;0.00;0.00
9MH810MH-00-G10;4719331869540;EAN;108,03;69;11;update;0.00;0.00
9MH810MK-00-G10;4719331868697;EAN;90,56;8;11;update;0.00;0.00
9MH81MSH-00-G10;4719331869168;EAN;97,41;0;11;update;0.00;0.00
90MB1G20-M0EAYC;4711387293911;EAN;93,43;45;11;update;0.00;0.00
9MB65MGPW-00-G11;4719331862213;EAN;146,03;23;11;update;0.00;21.00
Z790EAGLE;4719331860981;EAN;187,86;0;11;update;0.00;0.00
H610MD3W;4719331877804;EAN;84,72;46;11;update;0.00;0.00
911-7E70-002;4711377347600;EAN;271,85;15;11;update;0.00;21.00
90MB1CJ0-M1EAY0;4711081937227;EAN;228,97;0;11;update;0.00;0.00
B760M DS3H WF6E;4719331872809;EAN;152,48;0;11;update;0.00;0.00
B760 GAMING X GEN5;4719331873448;EAN;146,06;0;11;update;0.00;0.00
90MB1BS0-M0EAYC;4711081923411;EAN;161,42;0;11;update;0.00;0.00
B760M G X DDR4 GEN5;4719331874087;EAN;138,30;16;11;update;0.00;0.00
911-7E06-028;4711377134712;EAN;247,26;3;11;update;0.00;0.00
9MB55EG-00-G10;4719331868208;EAN;104,71;16;11;update;0.00;21.00
90MB1CW0-M1EAY0;4711081970309;EAN;134,76;12;11;update;0.00;0.00
90-MXBN40-A0UAYZ;4710483944529;EAN;686,95;2;11;update;0.00;0.00
90-MXBMH0-A0UAYZ;4710483945199;EAN;6,26;0;11;update;0.00;0.00
90-MXBKH-A0UAYZ;4710483941368;EAN;6,26;0;11;update;0.00;0.00
90-MXBTG0-A0UAYZ;4711581492509;EAN;6,26;0;11;update;0.00;0.00
90-MXBP90-A0UAYZ;4710483947421;EAN;6,26;0;11;update;0.00;0.00
90-MXBPA0-A0UAYZ;4710483947445;EAN;455,61;2;11;update;0.00;0.00
90-MXBPX0-A0UAYZ;4710483949654;EAN;390,48;0;11;update;0.00;0.00
90-MXBTE-A0UAYZ;4711581492066;EAN;6,26;0;11;update;0.00;0.00
90-MXBT2-A0UAYZ;4710483942754;EAN;6,26;0;11;update;0.00;0.00
90-MXBPP0-A0UAYZ;4710483949357;EAN;312,04;17;11;update;0.00;0.00
90-MXBPJ0-A0UAYZ;4710483949340;EAN;292,10;4;11;update;0.00;0.00
90-MXBTA-A0UAYZ;4711581491823;EAN;6,26;0;11;update;0.00;0.00
90-MXBT6-A0UAYZ;4710483942310;EAN;221,48;0;11;update;0.00;0.00
90-MXBQT0-A0UAYZ;4711581490079;EAN;244,22;11;11;update;0.00;0.00
90-MXBQS0-A0UAYZ;4711581490062;EAN;230,96;21;11;update;0.00;0.00
90-MXBQU0-A0UAYZ;4711581490154;EAN;220,32;0;11;update;0.00;0.00
90-MXBQL0-A0UAYZ;4711581490178;EAN;192,39;19;11;update;0.00;0.00
90-MXBQK0-A0UAYZ;4711581490161;EAN;176,42;17;11;update;0.00;0.00
90-MXBQN0-A0UAYZ;4711581490192;EAN;183,09;5;11;update;0.00;0.00
90-MXBQM0-A0UAYZ;4711581490185;EAN;167,13;9;11;update;0.00;0.00
90-MXBL10-A0UAYZ;4710483940750;EAN;172,44;26;11;update;0.00;0.00
90-MXBGH0-A0UAYZ;4710483935190;EAN;6,26;0;11;update;0.00;0.00
90-MXBCY0-A0UAYZ;4710483931499;EAN;106,64;18;11;update;0.00;0.00
90-MXB8B0-A0UAYZ;4717677336252;EAN;6,26;0;11;update;0.00;0.00
90-MXBS30-A0UAYZ;4711581490482;EAN;6,26;0;11;update;0.00;0.00
90-MXBS20-A0UAYZ;4711581490499;EAN;6,26;0;11;update;0.00;0.00
90-MXBR70-A0UAYZ;4711581490352;EAN;6,26;0;11;update;0.00;0.00
90-MXBR60-A0UAYZ;4711581490345;EAN;6,26;0;11;update;0.00;0.00
90-MXBR90-A0UAYZ;4711581490376;EAN;6,26;0;11;update;0.00;0.00
90-MXBR80-A0UAYZ;4711581490390;EAN;6,26;0;11;update;0.00;0.00
90-MXBSH-A0UAYZ;4711581490765;EAN;140,55;7;11;update;0.00;0.00
90-MXBSG-A0UAYZ;4711581490758;EAN;131,24;23;11;update;0.00;0.00
90-MXBLP0-A0UAYZ;4710483943096;EAN;140,55;4;11;update;0.00;0.00
90-MXBSW-A0UAYZ;4711581490956;EAN;6,26;0;11;update;0.00;0.00
90-MXBSV-A0UAYZ;4711581490949;EAN;6,26;0;11;update;0.00;0.00
90-MXBSY-A0UAYZ;4711581490970;EAN;6,26;0;11;update;0.00;0.00
90-MXBSX-A0UAYZ;4711581490963;EAN;6,26;0;11;update;0.00;0.00
90-MXBSU-A0UAYZ;4711581490826;EAN;6,26;0;11;update;0.00;0.00
90-MXBST -A0UAYZ;4711581490819;EAN;6,26;0;11;update;0.00;0.00
90-MXBSR0-A0UAYZ;4711581490802;EAN;6,26;0;11;update;0.00;0.00
90-MXB8F0-A0UAYZ;4717677336276;EAN;6,26;0;11;update;0.00;0.00
90-MXBDU0-A0UAYZ;4710483932076;EAN;6,26;0;11;update;0.00;0.00
90-MXBQR0-A0UAYZ;4711581490130;EAN;6,26;0;11;update;0.00;0.00
90-MXBMP0-A0UAYZ;4710483944253;EAN;6,26;0;11;update;0.00;0.00
90-MXBT50-A0UAYZ;4710483942747;EAN;6,26;0;11;update;0.00;0.00
90-MXBDH0-A0UAYZ;4710483931727;EAN;6,26;0;11;update;0.00;0.00
90-MXBP30-A0UAYZ;4710483946981;EAN;6,26;0;11;update;0.00;0.00
90-MXBGU0-A0UAYZ;4710483936685;EAN;6,26;0;11;update;0.00;0.00
90-MXBBH0-A0UAYZ;4717677339765;EAN;6,26;0;11;update;0.00;0.00
90-MXBBJ0-A0UAYZ;4717677339895;EAN;6,26;0;11;update;0.00;0.00
90-MXBPL0-A0UAYZ;4710483949661;EAN;6,26;0;11;update;0.00;0.00
90-MXBPR0-A0UAYZ;4710483949685;EAN;6,26;0;11;update;0.00;0.00
90-MXBPQ0-A0UAYZ;4710483949692;EAN;6,26;0;11;update;0.00;0.00
90-MXBPS0-A0UAYZ;4710483949708;EAN;6,26;0;11;update;0.00;0.00
90-MXBPB0-A0UAYZ;4710483949647;EAN;325,34;13;11;update;0.00;0.00
90-MXBPG0-A0UAYZ;4710483947513;EAN;6,26;0;11;update;0.00;0.00
90-MXBPF0-A0UAYZ;4710483947520;EAN;292,44;0;11;update;0.00;0.00
90-MXBPE0-A0UAYZ;4710483949715;EAN;6,26;0;11;update;0.00;0.00
90-MXBQC0-A0UAYZ;4710483947476;EAN;6,26;0;11;update;0.00;0.00
90-MXBP50-A0UAYZ;4710483947537;EAN;6,26;0;11;update;0.00;0.00
90-MXBR20-A0UAYZ;4711581490116;EAN;265,61;0;11;update;0.00;0.00
90-MXBR30-A0UAYZ;4711581490123;EAN;6,26;0;11;update;0.00;0.00
90-MXBQV0-A0UAYZ;4711581490147;EAN;214,99;3;11;update;0.00;0.00
90-MXBRK0-A0UAYZ;4711581490239;EAN;185,60;0;11;update;0.00;0.00
90-MXBRM0-A0UAYZ;4711581490222;EAN;167,14;0;11;update;0.00;0.00
90-MXBRL0-A0UAYZ;4711581490253;EAN;6,26;0;11;update;0.00;0.00
90-MXBRN0-A0UAYZ;4711581490246;EAN;6,26;0;11;update;0.00;0.00
90-MXBKD0-A0UAYZ;4710483940859;EAN;6,26;0;11;update;0.00;0.00
90-MXBJX0-A0UAYZ;4710483940989;EAN;6,26;0;11;update;0.00;0.00
90-MXBL50-A0UAYZ;4710483941504;EAN;6,26;0;11;update;0.00;0.00
90-MXBKS0-A0UAYZ;4710483942044;EAN;141,88;32;11;update;0.00;0.00
90-MXBFS0-A0UAYZ;4710483934827;EAN;6,26;0;11;update;0.00;0.00
90-MXBPK0-A0UAYZ;4710483949722;EAN;6,26;0;11;update;0.00;0.00
90-MXBQG0-A0UAYZ;4711581490208;EAN;192,70;0;11;update;0.00;0.00
90-MXBQF0-A0UAYZ;4711581490215;EAN;6,26;0;11;update;0.00;0.00
90-MXBRT0-A0UAYZ;4711581490314;EAN;6,26;0;11;update;0.00;0.00
90-MXBRQ0-A0UAYZ;4711581490284;EAN;6,26;0;11;update;0.00;0.00
90-MXBRP0-A0UAYZ;4711581490277;EAN;6,26;0;11;update;0.00;0.00
90-MXBRS0-A0UAYZ;4711581490307;EAN;6,26;0;11;update;0.00;0.00
90-MXBRR0-A0UAYZ;4711581490291;EAN;6,26;0;11;update;0.00;0.00
90-MXBSF-A0UAYZ;4711581490734;EAN;6,26;0;11;update;0.00;0.00
90-MXBSE-A0UAYZ;4711581490727;EAN;6,26;0;11;update;0.00;0.00
90-MXBRX0-A0UAYZ;4711581490406;EAN;132,48;0;11;update;0.00;0.00
90-MXBS00-A0UAYZ;4711581490437;EAN;6,26;0;11;update;0.00;0.00
90-MXBS6-A0UAYZ;4711581490659;EAN;6,26;0;11;update;0.00;0.00
90-MXBL70-A0UAYZ;4710483941795;EAN;6,26;0;11;update;0.00;0.00
90-MXBLH0-A0UAYZ;4710483942723;EAN;143,20;27;11;update;0.00;0.00
90-MXBTR0-A0UAYZ;4711581492356;EAN;6,26;0;11;update;0.00;0.00
90-MXBHK0-A0UAYZ;4710483936555;EAN;6,26;0;11;update;0.00;0.00
90-MXBPN0-A0UAYZ;4710483949739;EAN;6,26;0;11;update;0.00;0.00
90-MXBRZ0-A0UAYZ;4711581490420;EAN;6,26;0;11;update;0.00;0.00
90-MXBQQ0-A0UAYZ;4711581490321;EAN;6,26;0;11;update;0.00;0.00
90-MXBNM0-A0UAYZ;4710483946660;EAN;6,26;0;11;update;0.00;0.00
90-MXBKE0-A0UAYZ;4710483941054;EAN;6,26;0;11;update;0.00;0.00
90-MXBNN0-A0UAYZ;4710483946677;EAN;6,26;0;11;update;0.00;0.00
90-MXBKY0-A0CAYZ;4710483942242;EAN;6,26;0;11;update;0.00;0.00
Z890 A ELITE WIFI7;4719331864507;EAN;288,11;43;11;update;0.00;0.00
9MB55MDSR-00-G10;4719331870454;EAN;100,74;7;11;update;0.00;0.00
X870 GAMING WIFI6;4719331865399;EAN;238,17;5;11;update;0.00;0.00
X870 A Elite WiFi7;4719331864811;EAN;315,04;2;11;update;0.00;0.00
X870 AORUS STEALTH;4719331878801;EAN;384,84;1;11;update;0.00;0.00
X870 A STEALTH ICE;4719331873097;EAN;390,64;0;11;update;0.00;0.00
X870E AERO X WOOD;4719331878481;EAN;467,50;1;11;update;0.00;0.00
9MH61M3W4-00-G10;4719331865245;EAN;88,73;4;11;update;0.00;0.00
910-001356;5099206018112;EAN;35,82;6;11;update;0.00;0.00
910-001793;5099206021860;EAN;12,34;16;11;update;0.00;0.00
910-001949;5099206023901;EAN;46,29;0;11;update;0.00;0.00
910-002237;5099206028845;EAN;20,10;4;11;update;0.00;0.00
910-002235;5099206027275;EAN;19,20;5;11;update;0.00;0.00
910-002236;5099206028838;EAN;19,61;6;11;update;0.00;0.00
910-002201;5099206027169;EAN;29,14;71;11;update;0.00;0.00
910-003357;5099206041271;EAN;12,88;5;11;update;0.00;0.00
FLAME;8435430603965;EAN;10,72;19;11;update;0.00;0.00
MIST;8435430603927;EAN;11,27;10;11;update;0.00;0.00
910-004287;5099206052543;EAN;33,85;27;11;update;0.00;21.00
HAZEGREY;8435430605082;EAN;16,16;1;11;update;0.00;0.00
FLAME RED;8435430606195;EAN;10,79;4;11;update;0.00;0.00
FLAME BLUE;8435430606171;EAN;10,80;10;11;update;0.00;0.00
910-004424;5099206062856;EAN;23,01;31;11;update;0.00;21.00
910-004641;5099206062870;EAN;19,55;9;11;update;0.00;0.00
910-004640;5099206062863;EAN;19,05;1;11;update;0.00;0.00
910-002496;5099206029347;EAN;39,51;0;11;update;0.00;0.00
910-004910;5099206066687;EAN;52,23;0;11;update;0.00;0.00
910-004909;5099206066670;EAN;24,92;0;11;update;0.00;0.00
910-004642;5099206062887;EAN;20,97;1;11;update;0.00;21.00
CH-9311011-EU;0843591080743;EAN;84,32;0;11;update;0.00;0.00
CH-9307011-EU;0843591061933;EAN;90,73;0;11;update;0.00;0.00
910-003360;5099206041288;EAN;12,97;12;11;update;0.00;0.00
BOW WHITE;8435430613476;EAN;20,58;0;11;update;0.00;0.00
BOW BLACK;8435430613452;EAN;20,55;5;11;update;0.00;0.00
910-004791;5099206065086;EAN;65,40;16;11;update;0.00;0.00
CH-9301111-EU;0840006606321;EAN;45,40;0;11;update;0.00;0.00
910-005448;5099206081901;EAN;98,73;0;11;update;0.00;0.00
CH-9304211-EU;0840006616214;EAN;121,31;0;11;update;0.00;0.00
910-002238;5099206027282;EAN;20,50;3;11;update;0.00;0.00
23507;8713439235074;EAN;54,92;0;11;update;0.00;0.00
910-005907;5099206091849;EAN;20,27;0;11;update;0.00;0.00
910-005906;5099206091832;EAN;19,92;0;11;update;0.00;0.00
CREW BLACK;8435430618808;EAN;13,94;6;11;update;0.00;0.00
CREW RED;8435430618822;EAN;13,88;0;11;update;0.00;0.00
CH-930C111-EU;0840006626954;EAN;58,05;4;11;update;0.00;0.00
910-004878;5099206066199;EAN;27,03;28;11;update;0.00;21.00
910-004798;5099206065062;EAN;18,45;0;11;update;0.00;0.00
CH-9319411-EU2;0840006657644;EAN;174,01;0;11;update;0.00;0.00
910-005508;5099206080539;EAN;19,13;11;11;update;0.00;21.00
910-005990;5099206092952;EAN;115,43;0;11;update;0.00;0.00
910-005881;5099206090460;EAN;164,79;0;11;update;0.00;0.00
CH-9319511-EU2;0840006658740;EAN;174,01;0;11;update;0.00;0.00
24657;8713439246575;EAN;11,91;180;11;update;0.00;0.00
910-006559;5099206103726;EAN;124,10;0;11;update;0.00;0.00
910-006034;5099206093065;EAN;40,62;4;11;update;0.00;0.00
V0L79AA;0889894813145;EAN;42,20;0;11;update;0.00;0.00
910-006652;5099206104242;EAN;14,47;5;11;update;0.00;0.00
EVORUSTICE;8435430621679;EAN;17,71;0;11;update;0.00;0.00
EVORUSTBLACK;8435430621631;EAN;18,17;0;11;update;0.00;0.00
910-007119;5099206111998;EAN;25,66;7;11;update;0.00;0.00
910-006473;5099206099784;EAN;72,03;0;11;update;0.00;0.00
DEWWHITE;8435430623949;EAN;14,40;8;11;update;0.00;0.00
DEWGRAY;8435430623925;EAN;14,32;30;11;update;0.00;0.00
BEE BLACK;8435430623284;EAN;14,80;6;11;update;0.00;0.00
910-006236;5099206097179;EAN;43,91;98;11;update;0.00;0.00
25144;8713439251449;EAN;34,58;72;11;update;0.00;0.00
EVOMOKSHA;8435430623178;EAN;28,08;13;11;update;0.00;0.00
SHELL-RB;8435430623703;EAN;22,90;0;11;update;0.00;0.00
INFINITY-RB;8435430623673;EAN;40,64;0;11;update;0.00;0.00
FOGPROGREEN;8435430624939;EAN;12,42;18;11;update;0.00;0.00
FOGPROPINK;8435430624915;EAN;12,42;8;11;update;0.00;0.00
FOGPROBLUE;8435430624892;EAN;12,42;0;11;update;0.00;0.00
FOGPROBLACK;8435430624878;EAN;12,42;5;11;update;0.00;0.00
NXKROMKEOS;8436587970665;EAN;19,03;0;11;update;0.00;0.00
NXKROMKOMET;8436587974311;EAN;30,71;19;11;update;0.00;21.00
910-005784;5099206088702;EAN;44,32;7;11;update;0.00;0.00
CH-931F000-WW;0084044048311;EAN;77,91;0;11;update;0.00;0.00
CH-930F000-WW;0840440483106;EAN;58,69;6;11;update;0.00;0.00
910-005823;5099206089235;EAN;33,60;1;11;update;0.00;0.00
910-005824;5099206089242;EAN;33,60;19;11;update;0.00;0.00
910-005471;5099206080270;EAN;55,76;1;11;update;0.00;0.00
910-005282;5099206077829;EAN;61,73;0;11;update;0.00;0.00
910-006929;5099206111721;EAN;104,20;18;11;update;0.00;0.00
MOTHGRAY;8435430623352;EAN;12,32;6;11;update;0.00;0.00
MOTHICE;8435430623390;EAN;12,32;6;11;update;0.00;0.00
DEWLILAC;8435430623963;EAN;14,40;0;11;update;0.00;0.00
EVOSPOOK;8435430624274;EAN;22,27;15;11;update;0.00;0.00
EVOPEEP;8435430624236;EAN;33,84;1;11;update;0.00;0.00
EVOMIX;8435430624250;EAN;28,20;4;11;update;0.00;0.00
EVOJOT;8435430624298;EAN;22,49;0;11;update;0.00;0.00
24727;8713439247275;EAN;24,46;0;11;update;0.00;0.00
910-006474;5099206099807;EAN;75,50;0;11;update;0.00;0.00
910-005633;5099206083394;EAN;107,40;0;11;update;0.00;0.00
BHR8916GL;6941812792988;EAN;17,38;0;11;update;0.00;0.00
BHR8911GL;6941812792858;EAN;27,06;9;11;update;0.00;0.00
BHR8869GL;6941812792421;EAN;19,90;0;11;update;0.00;0.00
910-006520;5099206100589;EAN;48,40;35;11;update;0.00;0.00
COO-MOU-W03-B;8436624420085;EAN;30,80;1;11;update;0.00;0.00
COO-MOU-W03-W;8436624420092;EAN;30,77;8;11;update;0.00;0.00
COO-MOU-W02-B;8436624420054;EAN;18,42;3;11;update;0.00;0.00
COO-MOU-W02-W;8436624420061;EAN;18,42;8;11;update;0.00;0.00
COO-MOU-W01-B;8436624420030;EAN;16,35;0;11;update;0.00;0.00
COO-MOU-W02-G;8436624420078;EAN;17,43;6;11;update;0.00;0.00
COO-MOU-W01-W;8436624420047;EAN;16,35;8;11;update;0.00;0.00
UK505451;6974560220243;EAN;17,03;0;11;update;0.00;0.00
910-006867;5099206108790;EAN;20,02;2;11;update;0.00;0.00
X7Q44AA;0190780030585;EAN;24,03;2;11;update;0.00;0.00
956-000008;5099206097513;EAN;25,13;0;11;update;0.00;0.00
910-007029;5099206111622;EAN;59,87;63;11;update;0.00;0.00
CH-931G000-WW;0840006668985;EAN;289,31;32;11;update;0.00;0.00
CH-931G001-WW;0840006649533;EAN;148,38;3;11;update;0.00;0.00
910-005470;5099206080263;EAN;63,08;0;11;update;0.00;0.00
910-006255;5099206097247;EAN;46,51;98;11;update;0.00;0.00
25145;8713439251456;EAN;50,18;2;11;update;0.00;0.00
LUSH-RB;8435430627572;EAN;33,73;8;11;update;0.00;0.00
910-005905;5099206091825;EAN;19,16;5;11;update;0.00;0.00
910-004913;5099206066717;EAN;42,51;10;11;update;0.00;0.00
910-006866;5099206108776;EAN;21,57;0;11;update;0.00;0.00
910-005908;5099206091856;EAN;19,71;2;11;update;0.00;0.00
910-007182;5099206117631;EAN;34,50;32;11;update;0.00;0.00
910-007013;5099206110441;EAN;31,64;1;11;update;0.00;0.00
FLAME-C;8435430624717;EAN;11,79;8;11;update;0.00;0.00
SAMSARA;8435430624359;EAN;38,87;7;11;update;0.00;0.00
MUSK;8435430624311;EAN;21,24;0;11;update;0.00;0.00
SMOG-RB;8435430619096;EAN;29,49;7;11;update;0.00;0.00
EASYGAMMA-B2C;8435430621013;EAN;7,46;0;11;update;0.00;0.00
COO-RAT01B-U;8436624423611;EAN;10,47;18;11;update;0.00;0.00
DGS-1005D;0790069252686;EAN;25,59;21;11;update;0.00;0.00
DGS-1008D;0790069252747;EAN;32,28;11;11;update;0.00;0.00
DGS-1016D/E;0790069269974;EAN;106,25;2;11;update;0.00;0.00
DGS-1024D/E;0790069269912;EAN;139,03;4;11;update;0.00;0.00
DEM-311GT;0790069248153;EAN;42,98;7;11;update;0.00;0.00
SMCHPAVH-ETH;17228;EAN;52,15;0;11;update;0.00;0.00
3000002;17486;EAN;27,09;0;11;update;0.00;0.00
DEM-211;17955;EAN;132,06;0;11;update;0.00;0.00
DEM-310GT;0790069248146;EAN;56,50;0;11;update;0.00;0.00
3000003;20064;EAN;38,56;0;11;update;0.00;0.00
DES-1008D;0790069217715;EAN;21,73;29;11;update;0.00;0.00
BR2U18;21886;EAN;35,86;1;11;update;0.00;0.00
201110;23172;EAN;161,43;0;11;update;0.00;0.00
TL-WN821N;6935364050368;EAN;17,23;14;11;update;0.00;0.00
TL-SG1005D;6935364091798;EAN;22,28;2;11;update;0.00;0.00
TL-SG1008D;6935364092313;EAN;29,90;3;11;update;0.00;0.00
TL-SG1016;6935364020095;EAN;83,50;2;11;update;0.00;21.00
TL-SG1024;6935364020101;EAN;108,09;22;11;update;0.00;0.00
TL-SF1005D;6935364020064;EAN;16,56;2;11;update;0.00;0.00
TL-SF1008D;6935364020071;EAN;18,96;0;11;update;0.00;0.00
TL-SF1016D;6935364020293;EAN;40,07;1;11;update;0.00;0.00
TL-WN722N;6935364050467;EAN;17,88;0;11;update;0.00;0.00
202100;23531;EAN;176,09;0;11;update;0.00;0.00
202110;23538;EAN;199,12;0;11;update;0.00;0.00
101000;23541;EAN;692,75;0;11;update;0.00;0.00
108000;23546;EAN;863,66;0;11;update;0.00;0.00
TL-WN781ND;6935364050511;EAN;18,13;9;11;update;0.00;0.00
10.31.0102;8433281001251;EAN;19,18;0;11;update;0.00;0.00
10.31.0101;8433281001244;EAN;11,01;2;11;update;0.00;0.00
DGS-1008P/E;0790069344176;EAN;68,30;1;11;update;0.00;0.00
TL-SG1024D;6935364020620;EAN;105,02;9;11;update;0.00;0.00
3060001;25982;EAN;14,18;13;11;update;0.00;0.00
DWA-121;0790069347481;EAN;15,06;2;11;update;0.00;0.00
TL-WN822N;6935364050542;EAN;22,22;17;11;update;0.00;0.00
TL-SF1008P;6935364021665;EAN;52,24;2;11;update;0.00;21.00
TL-WN881ND;6935364050573;EAN;23,31;26;11;update;0.00;0.00
TL-MR3020;6935364082345;EAN;34,98;4;11;update;0.00;0.00
DUB-1340;0790069345494;EAN;60,87;2;11;update;0.00;0.00
10.31.1002;8433281005945;EAN;11,82;1;11;update;0.00;0.00
DGS-105/E;0790069368226;EAN;25,80;30;11;update;0.00;0.00
DGS-108/E;0790069368240;EAN;31,46;21;11;update;0.00;0.00
TG-3468;6935364001049;EAN;19,51;72;11;update;0.00;0.00
10.31.1001;8433281005938;EAN;9,14;3;11;update;0.00;0.00
GO-SW-5G;0790069365676;EAN;23,18;32;11;update;0.00;0.00
GO-SW-8G;0790069365690;EAN;30,22;22;11;update;0.00;0.00
TL-WN725N;6935364050719;EAN;14,76;16;11;update;0.00;0.00
TL-PA4010KIT;6935364031985;EAN;53,97;1;11;update;0.00;0.00
TL-WR841N;6935364051242;EAN;27,59;2;11;update;0.00;0.00
TL-WA850RE;6935364070199;EAN;24,75;3;11;update;0.00;0.00
DWA-182;0790069382239;EAN;41,27;0;11;update;0.00;0.00
3090003;30883;EAN;22,86;1;11;update;0.00;0.00
TL-PA4010PKIT;6935364031848;EAN;64,06;3;11;update;0.00;0.00
TL-WN823N;6935364050696;EAN;18,02;1;11;update;0.00;0.00
TL-WPA4220KIT;6935364032258;EAN;71,91;5;11;update;0.00;0.00
GO-SW-8E;0790069388286;EAN;16,33;1;11;update;0.00;0.00
DWA-171;0790069392276;EAN;29,03;0;11;update;0.00;0.00
DES-1005P;0790069370908;EAN;65,35;6;11;update;0.00;0.00
GO-SW-5E;0790069388262;EAN;14,48;2;11;update;0.00;0.00
TL-WA854RE;6935364071325;EAN;27,37;31;11;update;0.00;21.00
TL-WA860RE;6935364071158;EAN;32,25;2;11;update;0.00;0.00
GO-SW-24G;0790069396625;EAN;99,24;7;11;update;0.00;0.00
DEM-CB100S;0790069361708;EAN;191,46;0;11;update;0.00;0.00
ARCHER T2U;6935364089917;EAN;20,86;17;11;update;0.00;0.00
DPE-101GI;0790069341335;EAN;46,50;0;11;update;0.00;0.00
DUB-1312;0790069398858;EAN;32,70;0;11;update;0.00;0.00
SG3210;6935364006396;EAN;132,64;0;11;update;0.00;0.00
DEM-431XT;0790069353130;EAN;204,92;10;11;update;0.00;0.00
MC200CM;6935364030438;EAN;43,57;0;11;update;0.00;0.00
TL-SG1016D;6935364020613;EAN;75,85;52;11;update;0.00;0.00
MC100CM;6935364030391;EAN;38,97;0;11;update;0.00;0.00
3002001;35903;EAN;27,70;0;11;update;0.00;0.00
10.21.0503;8433281004290;EAN;7,96;1;11;update;0.00;0.00
RE200;6935364071295;EAN;34,51;0;11;update;0.00;0.00
TL-WPA4220 TKIT;6935364032531;EAN;135,79;10;11;update;0.00;21.00
GO-SW-16G;0790069396618;EAN;75,78;3;11;update;0.00;0.00
DAP-1620;0790069419379;EAN;54,09;11;11;update;0.00;0.00
UH400;6935364091477;EAN;19,03;0;11;update;0.00;0.00
DXS-1210-10TS;37975;EAN;1344,56;0;11;update;0.00;0.00
TL-SG108E;6935364021856;EAN;37,18;30;11;update;0.00;0.00
UE300;6935364091743;EAN;20,14;63;11;update;0.00;0.00
TL-MR6400;6935364086848;EAN;91,57;7;11;update;0.00;0.00
DGS-1008MP;0790069420337;EAN;138,19;5;11;update;0.00;0.00
DWA-582;0790069410567;EAN;50,92;0;11;update;0.00;0.00
CPE210;6935364071677;EAN;57,09;68;11;update;0.00;21.00
DPE-301GI;0790069416668;EAN;63,61;0;11;update;0.00;0.00
PSM-12V-38-B;0790069426049;EAN;25,92;1;11;update;0.00;0.00
3050001;39603;EAN;27,83;33;11;update;0.00;0.00
200000;39850;EAN;73,12;0;11;update;0.00;0.00
TL-SG1048;6935364021559;EAN;329,24;4;11;update;0.00;0.00
TL-WR802N;6935364071714;EAN;28,62;9;11;update;0.00;0.00
ARCHER MR200;6935364086855;EAN;97,75;38;11;update;0.00;0.00
POE-24-24W;0810354023033;EAN;20,27;0;11;update;0.00;0.00
LBE-M5-23;0810354022326;EAN;60,73;18;11;update;0.00;0.00
LOCOM5;0810354022340;EAN;82,85;0;11;update;0.00;0.00
LOCOM2;0810354022333;EAN;63,44;4;11;update;0.00;0.00
UAP-AC-LR;40569;EAN;159,59;0;11;update;0.00;0.00
UAP-AC-PRO;0810354023514;EAN;196,10;1;11;update;0.00;0.00
US-24;0810354024771;EAN;267,65;0;11;update;0.00;0.00
PBE-M5-300;0810354022616;EAN;96,56;0;11;update;0.00;0.00
PBE-M5-400;0810354022623;EAN;113,13;0;11;update;0.00;0.00
DAP-2610;0790069430855;EAN;168,46;0;11;update;0.00;0.00
PSM-12V-55-B;0790069426063;EAN;25,93;0;11;update;0.00;0.00
POE-24-12W;0810354022982;EAN;14,99;0;11;update;0.00;0.00
POE-48-24W-G;0810354023088;EAN;22,39;0;11;update;0.00;0.00
SM321B;6935364030520;EAN;26,70;0;11;update;0.00;0.00
SM321A;6935364030513;EAN;65,78;0;11;update;0.00;0.00
DAP-1325;0790069430305;EAN;26,56;5;11;update;0.00;0.00
POE-48-24W;0810354023064;EAN;20,82;18;11;update;0.00;0.00
3050000;41533;EAN;68,24;0;11;update;0.00;0.00
119000;41758;EAN;813,31;0;11;update;0.00;0.00
UAP-AC-M;0810354025792;EAN;123,86;0;11;update;0.00;0.00
NSM5;0810354022548;EAN;108,07;0;11;update;0.00;0.00
DAP-1610;0790069434518;EAN;42,60;2;11;update;0.00;0.00
MC210CS;6935364030445;EAN;42,06;0;11;update;0.00;0.00
POE-24-12W-G;0810354023002;EAN;20,38;0;11;update;0.00;0.00
121000;43271;EAN;1026,51;0;11;update;0.00;0.00
30701500;43310;EAN;14,10;18;11;update;0.00;0.00
PBE-5AC-Gen2;0810354026720;EAN;142,17;0;11;update;0.00;0.00
10.21.3124;8433281005907;EAN;29,71;0;11;update;0.00;0.00
DAP-2680;0790069438950;EAN;247,99;0;11;update;0.00;0.00
DPE-301GS;0790069416675;EAN;52,39;7;11;update;0.00;0.00
MC110CS .;6935364030407;EAN;41,51;0;11;update;0.00;0.00
DGS-712;44102;EAN;62,36;0;11;update;0.00;0.00
DWA-172;0790069405495;EAN;35,88;1;11;update;0.00;0.00
EAP225-Outdoor;6935364083571;EAN;98,36;0;11;update;0.00;0.00
202120;44773;EAN;217,04;0;11;update;0.00;0.00
OC200;6935364084233;EAN;121,91;29;11;update;0.00;0.00
RB941-2nD-TC;4752224003102;EAN;31,73;18;11;update;0.00;0.00
QMP-LHG;2502111614544;EAN;14,20;21;11;update;0.00;0.00
RB750Gr3;4752224002761;EAN;67,50;38;11;update;0.00;0.00
RB4011iGS+RM;4752224002730;EAN;227,76;6;11;update;0.00;0.00
RB931-2nD;4752224003065;EAN;31,41;0;11;update;0.00;0.00
RB760iGS;4752224002785;EAN;86,18;0;11;update;0.00;0.00
123010;46123;EAN;762,36;0;11;update;0.00;0.00
201100;46384;EAN;138,40;0;11;update;0.00;0.00
101010;46525;EAN;621,44;0;11;update;0.00;0.00
UAP-AC-PRO-5;0810354025464;EAN;791,70;0;11;update;0.00;0.00
DGS-1005P/E;0790069440984;EAN;66,01;2;11;update;0.00;0.00
DPE-302GE;0790069435461;EAN;118,86;0;11;update;0.00;0.00
UCK-G2-PLUS;0817882024532;EAN;381,80;0;11;update;0.00;0.00
201050;47471;EAN;122,19;0;11;update;0.00;0.00
A109-0341;8436574703511;EAN;16,40;2;11;update;0.00;0.00
10.21.4218;8433281008755;EAN;31,18;1;11;update;0.00;0.00
ARCHER T2U NANO;6935364099978;EAN;20,82;96;11;update;0.00;0.00
DWR-932;0790069405983;EAN;60,77;0;11;update;0.00;0.00
DEM-432XT;48937;EAN;342,93;7;11;update;0.00;0.00
202130;48983;EAN;227,39;1;11;update;0.00;0.00
201130;48985;EAN;236,10;0;11;update;0.00;0.00
201120;49026;EAN;202,77;1;11;update;0.00;0.00
104010;49173;EAN;925,81;0;11;update;0.00;0.00
ARCHER C20;6935364080730;EAN;41,20;0;11;update;0.00;0.00
DECO M4 3-PACK V2;6935364085407;EAN;158,51;10;11;update;0.00;0.00
A138-0295;8436574702941;EAN;7,51;18;11;update;0.00;0.00
A142-0310;8436574703092;EAN;10,83;0;11;update;0.00;0.00
A138-0294;8436574702934;EAN;7,13;3;11;update;0.00;0.00
DUB-M530;0790069447822;EAN;51,46;0;11;update;0.00;0.00
TL-WA801N;6935364052461;EAN;32,24;2;11;update;0.00;0.00
TL-WA855RE;6935364099305;EAN;29,35;0;11;update;0.00;0.00
A138-0290;8436574702897;EAN;7,36;44;11;update;0.00;0.00
A138-0291;8436574702903;EAN;9,07;1;11;update;0.00;0.00
A138-0292;8436574702910;EAN;11,90;4;11;update;0.00;0.00
A138-0293;8436574702927;EAN;8,02;1;11;update;0.00;0.00
A139-0298;8436574702972;EAN;8,15;2;11;update;0.00;0.00
A139-0299;8436574702989;EAN;7,48;19;11;update;0.00;0.00
A139-0300;8436574702996;EAN;8,01;1;11;update;0.00;0.00
A139-0301;8436574703009;EAN;7,93;3;11;update;0.00;0.00
A139-0302;8436574703016;EAN;8,72;0;11;update;0.00;0.00
A139-0303;8436574703023;EAN;8,49;4;11;update;0.00;0.00
A139-0304;8436574703030;EAN;9,62;8;11;update;0.00;0.00
A140-0306;8436574703054;EAN;7,49;50;11;update;0.00;0.00
A141-0307;8436574703061;EAN;21,76;0;11;update;0.00;0.00
A141-0308;8436574703078;EAN;28,49;10;11;update;0.00;0.00
A141-0309;8436574703085;EAN;11,70;2;11;update;0.00;0.00
A142-0311;8436574703108;EAN;18,61;0;11;update;0.00;0.00
A142-0315;8436574703146;EAN;9,70;3;11;update;0.00;0.00
A142-0316;8436574703153;EAN;13,04;10;11;update;0.00;0.00
UDM-PRO;0817882027373;EAN;545,62;0;11;update;0.00;0.00
TL-SG108S;6935364083526;EAN;30,91;5;11;update;0.00;0.00
ARCHER T4U V2;6935364097318;EAN;35,48;8;11;update;0.00;0.00
M7350;6935364080525;EAN;76,85;2;11;update;0.00;0.00
TAPO P100;4897098681619;EAN;18,88;12;11;update;0.00;0.00
TL-WPA8631P KIT;6935364052539;EAN;151,78;6;11;update;0.00;0.00
3091002;50816;EAN;29,08;0;11;update;0.00;0.00
3090004;50992;EAN;22,01;2;11;update;0.00;0.00
TL-SG1016PE;6935364098865;EAN;155,70;0;11;update;0.00;0.00
DGS-1100-08V2/E;0790069453410;EAN;49,19;0;11;update;0.00;0.00
A151-0405;8436574704402;EAN;8,06;17;11;update;0.00;0.00
A151-0406;8436574704419;EAN;8,69;1;11;update;0.00;0.00
TL-WA1201;6935364084035;EAN;66,73;1;11;update;0.00;0.00
DGS-1100-05V2/E;0790069453403;EAN;41,56;1;11;update;0.00;0.00
DUB-M420;0790069447761;EAN;47,44;8;11;update;0.00;0.00
20.PP.66.42;6940533544074;EAN;114,09;0;11;update;0.00;0.00
20.PP.88.42;6940533544098;EAN;113,65;0;11;update;0.00;0.00
3060004;51553;EAN;8,24;0;11;update;0.00;0.00
3060003;51554;EAN;7,22;0;11;update;0.00;0.00
30711500;51558;EAN;14,66;0;11;update;0.00;0.00
3000007;51559;EAN;39,38;0;11;update;0.00;0.00
30701100;51560;EAN;11,40;0;11;update;0.00;0.00
30704100;51564;EAN;17,93;2;11;update;0.00;0.00
30700500;51565;EAN;12,49;0;11;update;0.00;0.00
3041300;51566;EAN;77,93;0;11;update;0.00;0.00
3021300;51569;EAN;36,78;0;11;update;0.00;0.00
3022100;51570;EAN;42,72;0;11;update;0.00;0.00
3021600;51571;EAN;43,91;0;11;update;0.00;0.00
3030300-1;51572;EAN;46,51;0;11;update;0.00;0.00
3030600;51573;EAN;58,01;8;11;update;0.00;0.00
3030301;51574;EAN;28,69;0;11;update;0.00;0.00
3030601;51575;EAN;47,48;0;11;update;0.00;0.00
3032000;51576;EAN;30,92;0;11;update;0.00;0.00
3012701;51578;EAN;29,31;0;11;update;0.00;0.00
3012102;51579;EAN;17,38;1;11;update;0.00;0.00
3013700;51583;EAN;30,83;0;11;update;0.00;0.00
3013800;51584;EAN;35,96;0;11;update;0.00;0.00
3031001;51585;EAN;52,69;0;11;update;0.00;0.00
3090000;51588;EAN;66,83;0;11;update;0.00;0.00
3031500;51594;EAN;16,31;0;11;update;0.00;0.00
3002000;51597;EAN;20,17;0;11;update;0.00;0.00
3000001;51599;EAN;27,94;0;11;update;0.00;0.00
3000009;51601;EAN;63,77;0;11;update;0.00;0.00
3000006;51602;EAN;44,98;0;11;update;0.00;0.00
3000004;51603;EAN;83,34;0;11;update;0.00;0.00
3091003;51604;EAN;8,43;0;11;update;0.00;0.00
3052000;51605;EAN;24,01;0;11;update;0.00;0.00
3040005;51610;EAN;10,12;0;11;update;0.00;0.00
3040004;51611;EAN;29,19;0;11;update;0.00;0.00
3081000;51612;EAN;68,87;0;11;update;0.00;0.00
3081001;51613;EAN;77,02;0;11;update;0.00;0.00
3081007;51614;EAN;124,92;0;11;update;0.00;0.00
3081004;51615;EAN;99,96;0;11;update;0.00;0.00
3081005;51616;EAN;88,73;0;11;update;0.00;0.00
3081003;51617;EAN;93,66;0;11;update;0.00;0.00
3081002;51618;EAN;94,01;0;11;update;0.00;0.00
3081006;51619;EAN;112,34;0;11;update;0.00;0.00
504011;51620;EAN;255,90;0;11;update;0.00;0.00
504001;51621;EAN;208,80;0;11;update;0.00;0.00
506011;51622;EAN;278,41;0;11;update;0.00;0.00
506001;51623;EAN;156,97;0;11;update;0.00;0.00
433200;51624;EAN;100,86;0;11;update;0.00;0.00
454400;51625;EAN;128,98;0;11;update;0.00;0.00
456300;51626;EAN;127,10;0;11;update;0.00;0.00
467500;51627;EAN;163,15;0;11;update;0.00;0.00
468300;51628;EAN;156,76;0;11;update;0.00;0.00
468500;51629;EAN;221,33;0;11;update;0.00;0.00
410200;51630;EAN;85,85;0;11;update;0.00;0.00
461200;51631;EAN;102,59;0;11;update;0.00;0.00
461500;51632;EAN;139,81;0;11;update;0.00;0.00
80.66.06;6940533543756;EAN;249,27;0;11;update;0.00;0.00
203100;51635;EAN;203,20;0;11;update;0.00;0.00
204100;51636;EAN;151,06;0;11;update;0.00;0.00
206001;51637;EAN;210,08;0;11;update;0.00;0.00
207001;51638;EAN;148,48;0;11;update;0.00;0.00
208001;51639;EAN;179,93;0;11;update;0.00;0.00
204110;51643;EAN;177,88;0;11;update;0.00;0.00
203120;51644;EAN;258,34;0;11;update;0.00;0.00
203130;51645;EAN;237,67;0;11;update;0.00;0.00
201040;51646;EAN;229,38;0;11;update;0.00;0.00
202140;51647;EAN;252,46;2;11;update;0.00;0.00
80.64.12;6940533543732;EAN;232,14;0;11;update;0.00;0.00
80.66.12;6940533543770;EAN;281,23;0;11;update;0.00;0.00
80.64.15;6940533543749;EAN;270,27;0;11;update;0.00;0.00
103000;51655;EAN;793,96;0;11;update;0.00;0.00
123000;51656;EAN;663,87;0;11;update;0.00;0.00
122000;51657;EAN;820,09;0;11;update;0.00;0.00
122010;51658;EAN;716,10;0;11;update;0.00;0.00
120000;51662;EAN;945,76;0;11;update;0.00;0.00
120010;51663;EAN;752,17;0;11;update;0.00;0.00
119010;51664;EAN;847,61;0;11;update;0.00;0.00
124000;51665;EAN;1120,65;0;11;update;0.00;0.00
124010;51666;EAN;805,87;0;11;update;0.00;0.00
F80.66.42;6940533543862;EAN;859,46;0;11;update;0.00;0.00
108010;51673;EAN;1069,71;0;11;update;0.00;0.00
106000;51674;EAN;867,65;0;11;update;0.00;0.00
121020;51675;EAN;751,73;0;11;update;0.00;0.00
121010;51676;EAN;995,01;0;11;update;0.00;0.00
111020;51677;EAN;1227,65;0;11;update;0.00;0.00
111000;51678;EAN;1200,48;0;11;update;0.00;0.00
117000-1;51679;EAN;1106,82;0;11;update;0.00;0.00
117020;51680;EAN;1349,90;0;11;update;0.00;0.00
117010;51681;EAN;1054,24;0;11;update;0.00;0.00
109000;51682;EAN;1312,54;0;11;update;0.00;0.00
109020;51683;EAN;1164,81;0;11;update;0.00;0.00
109010;51684;EAN;1224,24;0;11;update;0.00;0.00
113020;51689;EAN;1084,13;0;11;update;0.00;0.00
113010;51690;EAN;1057,75;0;11;update;0.00;0.00
112000;51691;EAN;978,02;0;11;update;0.00;0.00
112020;51692;EAN;963,96;0;11;update;0.00;0.00
112010;51693;EAN;979,64;0;11;update;0.00;0.00
60016020;51694;EAN;40,67;0;11;update;0.00;0.00
60004020;51695;EAN;29,65;0;11;update;0.00;0.00
60008020;51696;EAN;35,08;0;11;update;0.00;0.00
U6-LR;0810010073389;EAN;252,80;0;11;update;0.00;0.00
USW-PRO-48-POE;0817882027656;EAN;1398,17;1;11;update;0.00;0.00
DGS-108GL;0790069458583;EAN;35,13;9;11;update;0.00;0.00
DGS-105GL;0790069458576;EAN;27,36;17;11;update;0.00;0.00
DGS-1100-10MPV2;51773;EAN;229,04;0;11;update;0.00;0.00
DGS-1016S/E;0790069455261;EAN;100,55;0;11;update;0.00;0.00
DAP-3666;0790069443367;EAN;195,36;0;11;update;0.00;0.00
DAP-2682;0790069443756;EAN;299,75;0;11;update;0.00;0.00
DGS-2000-28;51878;EAN;309,70;0;11;update;0.00;0.00
DGS-2000-10P;0790069460470;EAN;326,88;0;11;update;0.00;0.00
DGS-2000-52MP;0790069460555;EAN;1215,08;0;11;update;0.00;0.00
DWR-2101;790069454332;EAN;625,25;0;11;update;0.00;0.00
3030002-1;51969;EAN;25,92;0;11;update;0.00;0.00
TAPO P100(2-PACK);6935364072766;EAN;33,45;5;11;update;0.00;0.00
SM5110-SR;6935364006297;EAN;31,29;0;11;update;0.00;0.00
DECO M4(2-PACK);6935364085391;EAN;104,51;0;11;update;0.00;0.00
DNH-100;0790069451980;EAN;220,46;0;11;update;0.00;0.00
USW-PRO-24-POE;0817882027649;EAN;928,48;0;11;update;0.00;0.00
ARCHER T3U PLUS;6935364053413;EAN;28,34;3;11;update;0.00;0.00
USW-FLEX;52487;EAN;136,30;3;11;update;0.00;0.00
DS120J;4711174723744;EAN;138,66;0;11;update;0.00;0.00
DGS-3130-54S/SI;52532;EAN;2164,57;0;11;update;0.00;0.00
RB3011UiAS-RM;4752224002686;EAN;203,07;0;11;update;0.00;0.00
A141-0509;8436574705713;EAN;28,41;0;11;update;0.00;0.00
DAP-2662;0790069443633;EAN;220,28;0;11;update;0.00;0.00
R15;0790069459573;EAN;54,96;0;11;update;0.00;0.00
ARCHER T3U;6935364083830;EAN;27,62;2;11;update;0.00;0.00
EAP225;6935364096915;EAN;94,27;62;11;update;0.00;0.00
USW-PRO-48;0810010070616;EAN;709,10;7;11;update;0.00;21.00
DGS-1100-05PDV2;0790069453298;EAN;95,01;62;11;update;0.00;0.00
DAP-X2850;790069456947;EAN;406,65;0;11;update;0.00;0.00
DWA-X1850;0790069462283;EAN;77,65;7;11;update;0.00;0.00
DWA-181;0790069450600;EAN;37,96;0;11;update;0.00;0.00
M15-2;790069461187;EAN;137,03;0;11;update;0.00;0.00
M15-3;790069461217;EAN;162,22;0;11;update;0.00;0.00
DUB-E250;0790069457494;EAN;50,77;0;11;update;0.00;0.00
DMS-106XT;790069459818;EAN;258,41;0;11;update;0.00;0.00
COO-DOCK-02;8436556142468;EAN;26,27;0;11;update;0.00;0.00
TAPO C310;6935364010911;EAN;59,51;0;11;update;0.00;0.00
EW12;6932392828327;EAN;181,41;0;11;update;0.00;0.00
G1016D;6932392831471;EAN;75,75;0;11;update;0.00;0.00
G5328P-24-410W;6932849431742;EAN;406,08;0;11;update;0.00;0.00
G5312F;6932392831907;EAN;133,65;0;11;update;0.00;0.00
G5324-16F;6932392831976;EAN;266,17;0;11;update;0.00;0.00
TL-PA7017 KIT;6935364089054;EAN;58,87;0;11;update;0.00;0.00
TL-WPA7517 KIT;6935364052584;EAN;93,52;98;11;update;0.00;0.00
SG2428P;6935364030650;EAN;342,88;0;11;update;0.00;0.00
PSE30G-AT;6932392831433;EAN;26,61;17;11;update;0.00;0.00
ER605;6935364089597;EAN;76,66;2;11;update;0.00;0.00
ARCHER C6_V3;6935364088903;EAN;55,36;0;11;update;0.00;0.00
G1024G;6932392831181;EAN;109,33;5;11;update;0.00;0.00
TL-SG105E;6935364022037;EAN;28,85;2;11;update;0.00;0.00
DGS-1100-08PV2/E;0790069467813;EAN;129,13;1;11;update;0.00;0.00
ARCHER TX50E;6935364052867;EAN;50,45;1;11;update;0.00;0.00
ARCHER T4E;6935364089931;EAN;35,06;2;11;update;0.00;0.00
10.21.4124;8433281012059;EAN;38,12;7;11;update;0.00;0.00
ARCHER T4U PLUS;6935364072636;EAN;39,36;1;11;update;0.00;0.00
TL-SG1024DE;6935364021245;EAN;120,70;4;11;update;0.00;0.00
DAP-X2810;0790069456923;EAN;148,93;0;11;update;0.00;0.00
G3310P-8-150W;6932392835165;EAN;155,64;3;11;update;0.00;0.00
G1118P-16-250W;6932392831921;EAN;224,67;1;11;update;0.00;0.00
G1126P-24-410W;6932392831938;EAN;330,34;1;11;update;0.00;0.00
G1105P-4-63W;6932392831457;EAN;46,39;2;11;update;0.00;0.00
FP-12U;8422521220880;EAN;434,55;0;11;update;0.00;0.00
FP-18U;8422521220910;EAN;492,86;0;11;update;0.00;0.00
FRA-10U;8422521220385;EAN;575,02;0;11;update;0.00;0.00
FRA-30U;8422521220118;EAN;831,50;0;11;update;0.00;0.00
FRW2-6006;8422521000598;EAN;274,83;0;11;update;0.00;0.00
FRW-4504;8422521000536;EAN;154,55;0;11;update;0.00;0.00
FRW-4506;8422521000543;EAN;193,27;0;11;update;0.00;0.00
FRW-FAN;8422521000659;EAN;23,52;0;11;update;0.00;0.00
DGS-1210-10P/E;0790069467721;EAN;210,31;0;11;update;0.00;0.00
DGS-1210-10MP/E;55302;EAN;154,38;0;11;update;0.00;0.00
DGS-1210-28/E;0790069467769;EAN;241,52;0;11;update;0.00;0.00
DGS-1210-28P/E;0790069467783;EAN;386,01;0;11;update;0.00;0.00
DGS-1210-20/E;0790069467745;EAN;213,50;0;11;update;0.00;0.00
DGS-1250-28XMP/E;0790069467882;EAN;669,34;0;11;update;0.00;0.00
DGS-1210-08P/E;0790069467691;EAN;210,31;0;11;update;0.00;0.00
DGS-1250-28X/E;0790069467875;EAN;330,54;0;11;update;0.00;0.00
U-POE+;0817882027205;EAN;25,99;85;11;update;0.00;0.00
ARCHER TXE75E;4897098687383;EAN;71,73;1;11;update;0.00;0.00
DGS-1210-52MP/E;0790069467806;EAN;763,04;0;11;update;0.00;0.00
DGS-1510-52X/E;0790069467950;EAN;1017,56;10;11;update;0.00;0.00
DGS-1210-48/E;0790069468551;EAN;491,31;0;11;update;0.00;0.00
TAPO P110;4897098682432;EAN;20,51;0;11;update;0.00;0.00
DGS-1210-26/E;0790069469664;EAN;209,55;0;11;update;0.00;0.00
Tapo S210;4897098682548;EAN;32,97;0;11;update;0.00;0.00
UE306;4897098687376;EAN;20,36;3;11;update;0.00;0.00
DGS-1210-52/E;0790069467790;EAN;447,73;0;11;update;0.00;0.00
DAP-2622;0790069457814;EAN;106,81;0;11;update;0.00;0.00
DWA-185;0790069470974;EAN;42,59;1;11;update;0.00;0.00
DS923+;4711174724451;EAN;812,44;0;11;update;0.00;0.00
DGS-1210-24P/E;0790069468537;EAN;533,61;0;11;update;0.00;0.00
DWA-X582;0790069470981;EAN;60,59;0;11;update;0.00;0.00
EAP653;4897098685235;EAN;114,22;0;11;update;0.00;0.00
TS-431K;4713213516799;EAN;467,49;0;11;update;0.00;0.00
A139-0656;8436574707731;EAN;11,04;21;11;update;0.00;0.00
A139-0657;8436574707748;EAN;13,67;2;11;update;0.00;0.00
TS-133;4711103080603;EAN;213,67;54;11;update;0.00;0.00
TL-SG1210P;6935364052980;EAN;92,36;0;11;update;0.00;0.00
TL-WPA8631P;6935364052522;EAN;115,78;0;11;update;0.00;0.00
U-POE;0817882024976;EAN;16,48;0;11;update;0.00;0.00
DGS-3130-30PS/SI;56446;EAN;1715,96;0;11;update;0.00;0.00
DGS-1100-24V2/E;0790069467844;EAN;165,69;0;11;update;0.00;0.00
DGS-1100-24PV2/E;0790069467837;EAN;305,59;0;11;update;0.00;0.00
DGS-1210-16/E;0790069467738;EAN;191,61;0;11;update;0.00;0.00
G1110P-8-150W;6932392835196;EAN;111,76;1;11;update;0.00;0.00
DUB-E130;0790069437786;EAN;26,56;5;11;update;0.00;0.00
DUB-2325;0790069468575;EAN;77,65;1;11;update;0.00;0.00
DXS-1210-12SC/E;790069467646;EAN;2251,66;0;11;update;0.00;0.00
DGS-1210-10/E;56801;EAN;122,22;0;11;update;0.00;0.00
CPE710;6935364089702;EAN;108,47;4;11;update;0.00;21.00
DUB-2327;0790069468582;EAN;68,59;0;11;update;0.00;0.00
DGS-1510-28X/E;0790069467974;EAN;535,44;0;11;update;0.00;0.00
DS223;4711174724772;EAN;356,23;1;11;update;0.00;0.00
DS723+;4711174724444;EAN;643,23;0;11;update;0.00;0.00
RACK-6U-10INCH;8435325459820;EAN;74,73;0;11;update;0.00;0.00
DGS-1100-26MPV2/E;56943;EAN;538,34;0;11;update;0.00;0.00
DGS-1520-52MP/E;0790069472046;EAN;2269,31;0;11;update;0.00;0.00
U6-PRO;0810010076830;EAN;213,78;36;11;update;0.00;0.00
DGS-3130-54PS/E;57004;EAN;2495,45;0;11;update;0.00;0.00
CPE510;6935364070922;EAN;74,00;7;11;update;0.00;21.00
UB5A;4897098687802;EAN;18,61;67;11;update;0.00;0.00
DGS-1520-52/E;0790069472039;EAN;1377,82;6;11;update;0.00;0.00
ARCHER T2E;6935364006518;EAN;29,36;4;11;update;0.00;0.00
DGS-1100-10MPV2/E;57559;EAN;247,10;0;11;update;0.00;0.00
DMS-105/E;0790069469305;EAN;120,59;0;11;update;0.00;0.00
DMS-108/E;0790069469459;EAN;146,15;0;11;update;0.00;0.00
G403;0790069466014;EAN;81,54;0;11;update;0.00;0.00
G415;790069465994;EAN;132,23;0;11;update;0.00;0.00
M32-2;790069463235;EAN;170,02;0;11;update;0.00;0.00
M32-3;790069463266;EAN;221,01;0;11;update;0.00;0.00
R32;0790069466151;EAN;134,83;0;11;update;0.00;0.00
DES-1016D;0790069221279;EAN;63,96;33;11;update;0.00;0.00
TL-PA7017P KIT;6935364089078;EAN;73,12;71;11;update;0.00;21.00
DGS-1210-28MP/E;0790069467776;EAN;715,60;8;11;update;0.00;0.00
DGS-3130-30TS/E;57736;EAN;1119,85;0;11;update;0.00;0.00
DGS-3130-30S/E;57737;EAN;1353,44;0;11;update;0.00;0.00
DGS-3130-54S/E;57738;EAN;2164,57;0;11;update;0.00;0.00
USW-48;0810010072481;EAN;545,34;0;11;update;0.00;0.00
DS223J;4711174724765;EAN;263,90;0;11;update;0.00;0.00
POE4818G;4895252501872;EAN;23,62;0;11;update;0.00;0.00
DES-1005D;0790069217524;EAN;17,33;2;11;update;0.00;0.00
UNVR;0810010073051;EAN;380,82;0;11;update;0.00;0.00
TL-SX1008;6935364030919;EAN;398,36;3;11;update;0.00;0.00
3030300;58439;EAN;35,17;0;11;update;0.00;0.00
BHR6766GL;6941812703410;EAN;42,77;0;11;update;0.00;0.00
BHR6398GL;6934177794469;EAN;45,35;0;11;update;0.00;0.00
DS423;4711174724918;EAN;501,23;11;11;update;0.00;0.00
DS224+;4711174725250;EAN;527,08;0;11;update;0.00;0.00
G1008M;6932392835271;EAN;31,73;0;11;update;0.00;0.00
TAPO TC65;4897098687635;EAN;56,86;2;11;update;0.00;0.00
TAPO C500;4897098685860;EAN;63,14;0;11;update;0.00;0.00
TX9ProV1.0;6932849426366;EAN;63,07;0;11;update;0.00;0.00
3101014-1;58996;EAN;252,94;0;11;update;0.00;0.00
M20-POE;6932392828235;EAN;85,98;7;11;update;0.00;0.00
DEM-410T;0790069442353;EAN;279,10;4;11;update;0.00;0.00
DXS-1210-16TC;0790069428548;EAN;2207,72;0;11;update;0.00;0.00
AS3302T v2;4710474831517;EAN;301,44;0;11;update;0.00;0.00
AS3304T v2;4710474831524;EAN;437,52;0;11;update;0.00;0.00
AS5402T;4710474831494;EAN;519,96;0;11;update;0.00;0.00
AS5404T;4710474831500;EAN;695,71;0;11;update;0.00;0.00
AS6702T;4710474831425;EAN;605,49;1;11;update;0.00;0.00
U7-PRO;0810084693650;EAN;234,64;0;11;update;0.00;0.00
M20-8G-POE;6932392828730;EAN;120,25;0;11;update;0.00;0.00
DGS-3130-54TS/E;0790069470028;EAN;1816,77;0;11;update;0.00;0.00
AS6704T;4710474831432;EAN;798,45;0;11;update;0.00;0.00
DAP-X3060;790069472930;EAN;157,06;0;11;update;0.00;0.00
DGS-1510-28XMP/E;0790069467943;EAN;1386,44;0;11;update;0.00;0.00
EAP110;6935364091620;EAN;45,35;0;11;update;0.00;0.00
DVB4398GL;6941948701441;EAN;20,75;3;11;update;0.00;0.00
RP3 PRO;6932849438833;EAN;36,25;0;11;update;0.00;0.00
TX201;4897098687833;EAN;28,43;0;11;update;0.00;0.00
DXS-1210-28S;790069456817;EAN;2571,01;0;11;update;0.00;0.00
DGS-3130-30PS/E;0790069469947;EAN;1006,22;0;11;update;0.00;0.00
G1016G;6932392831235;EAN;75,57;11;11;update;0.00;0.00
DIS-200G-12PS;0790069433504;EAN;758,55;2;11;update;0.00;0.00
TL-SG1005P;6935364083212;EAN;50,23;5;11;update;0.00;0.00
UK52094;8436617920011;EAN;40,46;6;11;update;0.00;0.00
UK51921;8436617920653;EAN;98,22;0;11;update;0.00;0.00
DGS-1520-28MP/E;0790069472008;EAN;1303,91;11;11;update;0.00;0.00
DXS-3410-32SY;790069473494;EAN;2848,52;0;11;update;0.00;0.00
MP510KIT;6935364072698;EAN;60,29;1;11;update;0.00;0.00
EAP653 UR;8885020620566;EAN;152,62;13;11;update;0.00;0.00
G2210P-8-102W;6932392835295;EAN;121,04;38;11;update;0.00;0.00
ARCHER TX20E;4897098688809;EAN;34,27;0;11;update;0.00;0.00
DAP-X3060OU;0790069473586;EAN;296,72;0;11;update;0.00;0.00
DGS-1250-52XMP/E;0790069467905;EAN;1080,83;0;11;update;0.00;0.00
DWL-8620AP;0790069441219;EAN;556,71;0;11;update;0.00;0.00
DEM-CB100S28;0790069456879;EAN;90,92;0;11;update;0.00;0.00
EAP610-OUTDOOR;6935364010232;EAN;206,39;0;11;update;0.00;0.00
DECO X10 2-PACK;4895252503173;EAN;139,00;53;11;update;0.00;21.00
Deco S7 3-PACK;6935364073022;EAN;210,61;5;11;update;0.00;21.00
ARCHER AX53;4897098683088;EAN;89,31;0;11;update;0.00;0.00
RE505X;6935364089511;EAN;71,39;1;11;update;0.00;0.00
TL-WPA7617 KIT;6935364010935;EAN;104,51;30;11;update;0.00;0.00
TL-MR100;6935364088804;EAN;73,96;78;11;update;0.00;21.00
TAPO TC70;4897098681718;EAN;31,18;150;11;update;0.00;0.00
TC82 KIT;8885020621617;EAN;71,17;23;11;update;0.00;0.00
T2U PLUS;6935364099862;EAN;25,87;0;11;update;0.00;0.00
ARCHER AX12;4895252500875;EAN;55,61;1;11;update;0.00;0.00
EX141;4895252502312;EAN;68,73;1;11;update;0.00;0.00
M7010;4897098683378;EAN;53,18;55;11;update;0.00;0.00
RE315;6935364072445;EAN;48,64;98;11;update;0.00;21.00
TL-SG105S;6935364083519;EAN;26,12;0;11;update;0.00;0.00
BHR6816EU;6941812704325;EAN;57,70;3;11;update;0.00;0.00
BHR8303GL;6941812775004;EAN;50,85;1;11;update;0.00;0.00
MR500;4897098682845;EAN;151,04;9;11;update;0.00;0.00
TC 40;4895252505832;EAN;55,61;38;11;update;0.00;0.00
TC71;4895252502497;EAN;34,62;13;11;update;0.00;0.00
SG2210P;6935364030698;EAN;144,94;0;11;update;0.00;0.00
DS124;4711174725014;EAN;203,86;0;11;update;0.00;0.00
MB112-4G;6957939001841;EAN;46,75;0;11;update;0.00;0.00
HALO H80X 3-PACK;6957939000837;EAN;146,12;82;11;update;0.00;0.00
HALO H50G 3-PACK;6935364006662;EAN;120,84;67;11;update;0.00;21.00
HALO H50G 2-PACK;6935364006600;EAN;80,89;4;11;update;0.00;21.00
MP500 KIT;6935364072681;EAN;48,43;0;11;update;0.00;0.00
ME60X;6957939001308;EAN;39,25;2;11;update;0.00;0.00
ME30;6957939002480;EAN;39,92;0;11;update;0.00;0.00
ME10;6957939000301;EAN;18,70;60;11;update;0.00;0.00
MW300RE;6957939000462;EAN;22,20;6;11;update;0.00;0.00
DWR-960;790069460111;EAN;177,10;10;11;update;0.00;0.00
G416;790069465703;EAN;165,04;0;11;update;0.00;0.00
DWM-222/R;790069473852;EAN;73,52;0;11;update;0.00;0.00
RS422+;4711174724475;EAN;984,02;0;11;update;0.00;0.00
DCS-8620LH;0790069462498;EAN;113,44;0;11;update;0.00;0.00
DCS-6100LHV2/E;0790069466724;EAN;58,91;0;11;update;0.00;0.00
DCS-6501LH/EC1;0790069475269;EAN;58,01;0;11;update;0.00;0.00
TX401;6935364072827;EAN;115,22;13;11;update;0.00;0.00
M30/E;0790069472824;EAN;111,17;0;11;update;0.00;0.00
E33;6932849425253;EAN;48,90;11;11;update;0.00;0.00
AX18U;0790069475511;EAN;43,60;2;11;update;0.00;0.00
MS105GS;6957939001315;EAN;17,90;0;11;update;0.00;0.00
MS108GS;6957939001339;EAN;25,48;16;11;update;0.00;0.00
MS108G;6935364099626;EAN;23,20;8;11;update;0.00;21.00
MR80X;6957939000431;EAN;48,08;0;11;update;0.00;0.00
ER8411;4897098683309;EAN;582,65;1;11;update;0.00;0.00
EAP772;8885020623055;EAN;235,56;6;11;update;0.00;0.00
EAP723;8885020623031;EAN;131,13;0;11;update;0.00;0.00
EAP650;4897098683545;EAN;136,73;0;11;update;0.00;0.00
EAP610;4897098687772;EAN;117,65;1;11;update;0.00;0.00
EAP223;4895252500509;EAN;83,52;0;11;update;0.00;0.00
SG2005P-PD;4897098689486;EAN;114,01;3;11;update;0.00;0.00
SG3452;6935364010751;EAN;465,39;0;11;update;0.00;0.00
SG2218;6935364006419;EAN;166,44;0;11;update;0.00;0.00
U7-LITE;0810084698747;EAN;130,29;0;11;update;0.00;0.00
U6+;0810084691090;EAN;136,60;3;11;update;0.00;0.00
UDM-PRO-MAX;0810084693254;EAN;753,33;0;11;update;0.00;0.00
LS105G;6935364085445;EAN;20,90;25;11;update;0.00;0.00
TL-SG116;6935364084325;EAN;71,48;0;11;update;0.00;0.00
POE-24-24W-G;0810354023538;EAN;24,83;0;11;update;0.00;0.00
U6-IW;0810010077493;EAN;260,10;3;11;update;0.00;0.00
CPE13_MS-5AC;6932392828693;EAN;106,19;0;11;update;0.00;0.00
UACC-OM-MM-10G-D;2518061717082;EAN;66,92;0;11;update;0.00;0.00
EAP725-Wall;8885020626353;EAN;191,02;0;11;update;0.00;0.00
EAP615-WALL;4897098683606;EAN;108,47;6;11;update;0.00;21.00
EAP230-Wall;6935364089481;EAN;80,44;5;11;update;0.00;0.00
EAP772-Outdoor;1210002602280;EAN;275,48;0;11;update;0.00;0.00
EAP650-Outdoor;4897098683552;EAN;198,70;0;11;update;0.00;0.00
EAP211-Bridge KIT;8885020627053;EAN;181,72;1;11;update;0.00;0.00
SG3452P;6935364006273;EAN;815,03;0;11;update;0.00;0.00
SG3428MP;6935364010737;EAN;475,15;0;11;update;0.00;0.00
SG2008P;6935364072957;EAN;117,14;5;11;update;0.00;0.00
ES206GP;1210002600644;EAN;68,15;1;11;update;0.00;0.00
ES205GP;8885020620931;EAN;62,01;0;11;update;0.00;0.00
SG2008;6935364010546;EAN;107,38;7;11;update;0.00;21.00
ES205G;8885020620917;EAN;37,44;0;11;update;0.00;0.00
POE260S;4895252502220;EAN;34,38;1;11;update;0.00;0.00
POE150S;6935364030506;EAN;23,60;1;11;update;0.00;0.00
MC220L;6935364030476;EAN;28,22;48;11;update;0.00;0.00
SM5310-T;4897098687758;EAN;63,55;0;11;update;0.00;0.00
SM311LM;6935364030209;EAN;26,70;0;11;update;0.00;0.00
CPE610;6935364081027;EAN;75,85;3;11;update;0.00;0.00
TL-SG1218MP;6935364072155;EAN;218,66;0;11;update;0.00;0.00
TL-SG1016DE;6935364021269;EAN;87,72;1;11;update;0.00;0.00
TAPO P115;4897098687406;EAN;27,20;1;11;update;0.00;0.00
TX20U PLUS;4897098687888;EAN;44,07;8;11;update;0.00;0.00
RS822RP+;4711174724758;EAN;1941,24;0;11;update;0.00;0.00
AC12;6957939000479;EAN;29,01;48;11;update;0.00;0.00
TAPO T30 KIT;8885020624670;EAN;85,62;6;11;update;0.00;0.00
DECO X50-5G-1-PACK;4897098687949;EAN;434,14;2;11;update;0.00;0.00
DGS-1510-20/E;0790069467912;EAN;399,34;6;11;update;0.00;0.00
DGS-1510-28P/E;0790069467936;EAN;920,75;2;11;update;0.00;0.00
DGS-1100-16V2/E;0790069467820;EAN;179,44;3;11;update;0.00;0.00
G530V2;790069479083;EAN;315,96;0;11;update;0.00;0.00
AX9U;0790069475634;EAN;28,10;3;11;update;0.00;0.00
AC13U;0790069475740;EAN;26,49;2;11;update;0.00;0.00
DS225+;4711174726387;EAN;478,46;13;11;update;0.00;0.00
MS105G;6935364099619;EAN;18,87;41;11;update;0.00;21.00
DGS-1026MP;0790069426667;EAN;550,82;0;11;update;0.00;0.00
AS6810T;4710474831593;EAN;2420,75;0;11;update;0.00;0.00
AS1202T;4710474831937;EAN;218,23;0;11;update;0.00;0.00
AS1204T;4710474831944;EAN;370,65;0;11;update;0.00;0.00
HALO H60X 2-PAC;6957939001285;EAN;75,10;0;11;update;0.00;0.00
HALO H80X 2-PAC;6957939000691;EAN;104,39;0;11;update;0.00;0.00
BHR6619GL;6934177799921;EAN;56,20;51;11;update;0.00;0.00
BHR9166EU;6941812799161;EAN;61,40;11;11;update;0.00;0.00
BHR8301GL;6941812774984;EAN;71,34;0;11;update;0.00;0.00
BHR7747GL;6941812748244;EAN;162,35;0;11;update;0.00;0.00
TL-SG1005LP;6935364052720;EAN;41,34;0;11;update;0.00;0.00
AS6706T;4710474831449;EAN;1016,08;0;11;update;0.00;0.00
AS6804T;4710474831555;EAN;1763,46;0;11;update;0.00;0.00
AS6806T;4710474831562;EAN;2042,81;0;11;update;0.00;0.00
AS6808T;4710474831586;EAN;2289,29;0;11;update;0.00;0.00
Archer GE550;8885020625530;EAN;345,34;1;11;update;0.00;21.00
Archer GE230;1210002601771;EAN;162,11;19;11;update;0.00;21.00
ARCHER GXE75;4897098683514;EAN;161,99;0;11;update;0.00;0.00
TS-855X-8G;4711103084007;EAN;2482,27;0;11;update;0.00;0.00
OC220;1210002602457;EAN;184,56;0;11;update;0.00;0.00
AN3U;0790069475863;EAN;18,40;6;11;update;0.00;0.00
D501;790069475412;EAN;431,40;0;11;update;0.00;0.00
DAP-E9560;790069477355;EAN;340,36;1;11;update;0.00;0.00
DBR-330;790069478659;EAN;126,50;2;11;update;0.00;0.00
DBR-330-G;790069477973;EAN;364,36;0;11;update;0.00;0.00
DBR-560;790069479830;EAN;222,43;1;11;update;0.00;0.00
DBR-600-P/E;790069477409;EAN;267,41;0;11;update;0.00;0.00
DBR-700;790069477430;EAN;297,64;0;11;update;0.00;0.00
DBR-X3000-AP;790069477379;EAN;120,46;1;11;update;0.00;0.00
DCS-8526LH/E;790069476310;EAN;126,07;0;11;update;0.00;0.00
DGS-1010MP/E;0790069474101;EAN;137,67;0;11;update;0.00;0.00
DGS-1018P/E;0790069477058;EAN;192,40;1;11;update;0.00;0.00
DGS-1026P/E;790069477065;EAN;337,52;0;11;update;0.00;0.00
DGS-1530-10/E;790069474644;EAN;562,12;0;11;update;0.00;0.00
DGS-1530-20/E;790069474620;EAN;681,13;0;11;update;0.00;0.00
DGS-1530-28/E;790069473593;EAN;856,14;2;11;update;0.00;0.00
DGS-1530-28P/E;790069474590;EAN;1341,57;0;11;update;0.00;0.00
DGS-1530-28S/E;790069474446;EAN;1264,93;1;11;update;0.00;0.00
DGS-1530-52/E;790069474521;EAN;1354,81;1;11;update;0.00;0.00
DGS-1530-52P/E;790069474507;EAN;2328,48;1;11;update;0.00;0.00
DMS-1016/E;790069477027;EAN;366,30;0;11;update;0.00;0.00
DMS-1024/E;790069477041;EAN;495,62;0;11;update;0.00;0.00
DMS-105;790069469305;EAN;121,73;16;11;update;0.00;0.00
DMS-107;790069470240;EAN;139,01;1;11;update;0.00;0.00
DMS-108;790069469459;EAN;153,41;10;11;update;0.00;0.00
DMS-108P/E;790069476839;EAN;186,48;6;11;update;0.00;0.00
DMS-1100-10TP;790069437168;EAN;927,35;0;11;update;0.00;0.00
DMS-1250-10S/E;790069473678;EAN;380,69;1;11;update;0.00;0.00
DMS-1250-10SP/E;790069472435;EAN;524,54;0;11;update;0.00;0.00
DMS-1250-10SPL/E;790069473746;EAN;451,15;0;11;update;0.00;0.00
DMS-1250-12/E;790069476631;EAN;461,72;0;11;update;0.00;0.00
DMS-1250-12TP/E;790069472442;EAN;654,03;0;11;update;0.00;0.00
DMS-1250-18P/E;790069476655;EAN;830,93;0;11;update;0.00;0.00
DMS-1250-28/E;790069476662;EAN;659,86;0;11;update;0.00;0.00
DMS-1250-28P/E;790069476679;EAN;970,51;0;11;update;0.00;0.00
DMS-3130-30PS;790069467172;EAN;4316,75;0;11;update;0.00;0.00
DMS-3130-30TS;790069467554;EAN;3021,98;0;11;update;0.00;0.00
DNH-1000;0790069479373;EAN;263,54;0;11;update;0.00;0.00
DNH-3000;790069479441;EAN;639,64;0;11;update;0.00;0.00
DOM-311-TSO;790069475177;EAN;222,43;0;11;update;0.00;0.00
DSS-200G-10MP;790069468063;EAN;279,99;0;11;update;0.00;0.00
DSS-200G-10MPP;790069468070;EAN;337,52;0;11;update;0.00;0.00
DSS-200G-28MP;790069471803;EAN;594,93;0;11;update;0.00;0.00
DSS-200G-28MPP;790069471810;EAN;769,12;0;11;update;0.00;0.00
DTM-550-G;790069480706;EAN;583,54;0;11;update;0.00;0.00
DUP-A01;790069478215;EAN;67,90;2;11;update;0.00;0.00
DWM-222W/R;0790069476983;EAN;67,90;2;11;update;0.00;0.00
DWM-311;790069475238;EAN;136,75;0;11;update;0.00;0.00
DWM-311-G;790069469718;EAN;392,19;0;11;update;0.00;0.00
DWM-311-GP/E;790069476723;EAN;438,15;0;11;update;0.00;0.00
DWM-311-TP/E;790069476716;EAN;184,02;0;11;update;0.00;0.00
DWM-313;790069462528;EAN;178,14;2;11;update;0.00;0.00
DWM-314-G;790069475245;EAN;420,43;0;11;update;0.00;0.00
DWM-314-GP;790069475283;EAN;461,78;0;11;update;0.00;0.00
DWM-314-T;790069476686;EAN;172,20;0;11;update;0.00;0.00
DWM-314-TP;790069476693;EAN;219,49;0;11;update;0.00;0.00
DWM-530-T;790069476709;EAN;228,94;0;11;update;0.00;0.00
DWM-550-G;790069475290;EAN;538,61;0;11;update;0.00;0.00
DWP-1010/KT;790069473364;EAN;524,54;0;11;update;0.00;0.00
DWR-932W;0790069477003;EAN;56,86;6;11;update;0.00;0.00
DXS-1210-10MP/E;790069476624;EAN;941,73;3;11;update;0.00;0.00
DXS-1210-10TS/E;790069467639;EAN;1488,41;0;11;update;0.00;0.00
DXS-1210-12TC/E;790069467653;EAN;1876,85;0;11;update;0.00;0.00
DXS-1210-16TC/E;790069467660;EAN;2207,72;0;11;update;0.00;0.00
DXS-1210-28T;790069456800;EAN;3023,54;1;11;update;0.00;0.00
DXS-1250-28YP/E;790069478598;EAN;3574,41;0;11;update;0.00;0.00
DXS-3130-28/E;790069476945;EAN;4105,08;0;11;update;0.00;0.00
DXS-3130-28P/E;790069474125;EAN;4322,49;0;11;update;0.00;0.00
DXS-3410-32XY;790069473517;EAN;4172,87;0;11;update;0.00;0.00
E30/E;790069473951;EAN;82,90;0;11;update;0.00;0.00
F518;790069477461;EAN;247,71;0;11;update;0.00;0.00
F530/B1;790069476884;EAN;366,30;0;11;update;0.00;0.00
G403C/E;790069476860;EAN;103,08;0;11;update;0.00;0.00
G530;790069476020;EAN;373,50;0;11;update;0.00;0.00
G572;790069479878;EAN;550,98;0;11;update;0.00;0.00
M30-2;790069472831;EAN;150,50;1;11;update;0.00;0.00
M36/E;790069470400;EAN;107,19;0;11;update;0.00;0.00
M60;790069474668;EAN;157,70;3;11;update;0.00;0.00
M60-2;790069474675;EAN;307,33;0;11;update;0.00;0.00
M95;790069476501;EAN;287,18;0;11;update;0.00;0.00
R15/E;0790069459566;EAN;60,72;0;11;update;0.00;0.00
R95;790069476495;EAN;287,18;0;11;update;0.00;0.00
TL-SG1008P;6935364021160;EAN;51,35;5;11;update;0.00;0.00
TS-216G;4711103085066;EAN;361,38;26;11;update;0.00;0.00
LS105GP;4895252504545;EAN;39,52;15;11;update;0.00;0.00
EAP113-OUTDOOR;4895252503494;EAN;51,52;0;11;update;0.00;0.00
VJB-240;1210002603058;EAN;29,56;0;11;update;0.00;0.00
ARCHER TX1800U NANO;8885020627343;EAN;33,76;0;11;update;0.00;0.00
DECO X10 3-PACK;4895252502480;EAN;166,34;3;11;update;0.00;0.00
RE300;6935364085520;EAN;45,02;32;11;update;0.00;0.00
RE705X;4897098683347;EAN;93,10;13;11;update;0.00;0.00
TC60;4897098681695;EAN;36,86;0;11;update;0.00;0.00
SG2218P;4897098689509;EAN;298,52;0;11;update;0.00;0.00
DS925+;4711174726004;EAN;862,07;2;11;update;0.00;0.00
LS1005G;6935364085469;EAN;19,66;9;11;update;0.00;0.00
MR6400;1210002609296;EAN;86,87;0;11;update;0.00;0.00
CPE6S;6932392828952;EAN;76,55;0;11;update;0.00;0.00
ER706WP-4G;8885020627428;EAN;367,65;0;11;update;0.00;0.00
R8R49A;0190017602424;EAN;187,12;0;11;update;0.00;0.00
ER703WP-4G-Outdoor;8885020626858;EAN;262,30;18;11;update;0.00;21.00
CSS326-24G-2S+RM;4752224002334;EAN;172,77;5;11;update;0.00;0.00
SG2210MP;6935364030674;EAN;205,92;0;11;update;0.00;0.00
SG3428;6935364010713;EAN;261,82;0;11;update;0.00;0.00
ES224G;1210002600705;EAN;135,34;5;11;update;0.00;21.00
EAP655-WALL;4897098683576;EAN;121,91;0;11;update;0.00;0.00
EAP660 HD;4895252506167;EAN;313,88;11;11;update;0.00;0.00
UACC-POE+-2.5G;0810084699461;EAN;35,18;0;11;update;0.00;0.00
DECO BE25 2-PACK;8885020620689;EAN;258,48;91;11;update;0.00;21.00
DECO X55 2-PACK;4897098683002;EAN;185,12;0;11;update;0.00;0.00
Archer MR402;8885020625752;EAN;92,62;0;11;update;0.00;0.00
TL-SG1005P-PD;4895252501117;EAN;47,82;22;11;update;0.00;0.00
TL-SG108-M2;6935364052904;EAN;97,28;0;11;update;0.00;0.00
TL-WR1502X;4895252503449;EAN;53,67;0;11;update;0.00;0.00
TC42;8885020627398;EAN;78,45;3;11;update;0.00;0.00
C320WS;4897098687031;EAN;62,35;3;11;update;0.00;0.00
USB-AX55 NANO;4711081760795;EAN;39,54;0;11;update;0.00;0.00
RP-N12;4716659987468;EAN;28,93;3;11;update;0.00;0.00
4G-N16;4711081469490;EAN;56,66;38;11;update;0.00;0.00
RT-AX52 PRO;4711387891971;EAN;75,82;2;11;update;0.00;0.00
RT-AX53U;4711081059875;EAN;63,87;4;11;update;0.00;0.00
RT-AX57 GO;4711387193792;EAN;71,76;10;11;update;0.00;0.00
RT-BE82U;4711387627655;EAN;204,90;4;11;update;0.00;0.00
SG3428XMP;6935364030773;EAN;582,65;0;11;update;0.00;0.00
TL-MR6400 EU;1210002609661;EAN;85,75;0;11;update;0.00;0.00
MC220L V;1210002611077;EAN;28,22;10;11;update;0.00;0.00
POE160S;1210002617284;EAN;30,72;2;11;update;0.00;0.00
TL-SG1428PE;1210002617123;EAN;283,17;0;11;update;0.00;0.00
DAP-X3060W;0790069477348;EAN;178,88;0;11;update;0.00;0.00
TAPO A201;8885020620405;EAN;29,77;0;11;update;0.00;0.00
121001;65500;EAN;783,02;0;11;update;0.00;0.00
EAP215-BRIDGE KIT;1210002603744;EAN;198,70;7;11;update;0.00;0.00
DS725+ 8TB;8435797000414;EAN;1282,29;0;11;update;0.00;0.00
UF-SPLITTER-16;0817882026826;EAN;36,93;1;11;update;0.00;0.00
UF-SPLITTER-8;0817882026819;EAN;23,20;1;11;update;0.00;0.00
SM311LS;1210002612043;EAN;25,01;2;11;update;0.00;0.00
TL-SG116P;4895252500301;EAN;134,36;4;11;update;0.00;0.00
LS108G;1210002616232;EAN;29,07;16;11;update;0.00;0.00
U7-LR;0810177161929;EAN;212,51;25;11;update;0.00;0.00
ER7206;1210002611220;EAN;112,70;2;11;update;0.00;0.00
TL-SG105-M2.;1210002612654;EAN;61,71;8;11;update;0.00;0.00
E15/E;0790069459436;EAN;63,61;0;11;update;0.00;0.00
DES-1024D;0790069246111;EAN;72,82;1;11;update;0.00;0.00
DUB-E100;0790069245954;EAN;20,88;0;11;update;0.00;0.00
COO-TGH3W-2;8436556140389;EAN;9,26;29;11;update;0.00;0.00
51792;6940533542087;EAN;9,78;0;11;update;0.00;0.00
NXHUMMERH212;8436532164323;EAN;28,47;21;11;update;0.00;0.00
51789;6940533542049;EAN;9,44;4;11;update;0.00;0.00
51790;6940533542056;EAN;10,10;0;11;update;0.00;0.00
51791;6940533542063;EAN;9,69;0;11;update;0.00;0.00
COO-VAU120-3;8436556142956;EAN;10,90;0;11;update;0.00;0.00
51796;6940533542681;EAN;11,47;0;11;update;0.00;0.00
51798;6940533542711;EAN;12,21;0;11;update;0.00;0.00
51799;6940533542728;EAN;12,39;0;11;update;0.00;0.00
831101;6940533542414;EAN;16,65;0;11;update;0.00;0.00
831102;6940533542445;EAN;12,12;2;11;update;0.00;0.00
832301;6940533542322;EAN;31,20;0;11;update;0.00;0.00
832403;6940533542339;EAN;37,24;0;11;update;0.00;0.00
832501;6940533542353;EAN;60,97;0;11;update;0.00;0.00
834102;6940533542407;EAN;10,53;0;11;update;0.00;0.00
CT-9010001-WW;0843591074506;EAN;13,65;2;11;update;0.00;0.00
CT-9010002-WW;0843591074513;EAN;20,66;0;11;update;0.00;0.00
51801;6940533544951;EAN;22,98;0;11;update;0.00;0.00
DP-MCAL-GA;6933412708483;EAN;13,80;26;11;update;0.00;0.00
R-AK400-BKNNMN-G-1;6933412727446;EAN;40,04;169;11;update;0.00;0.00
R-AK400-WHNNMN-G-1;6933412727422;EAN;45,61;30;11;update;0.00;0.00
R-AG200-BKNNMN-G;6933412727903;EAN;20,72;170;11;update;0.00;0.00
R-AG300-BKNNMN-G;6933412727897;EAN;24,72;133;11;update;0.00;0.00
R-AK400-BKNNMN-G-2;6933412727804;EAN;47,02;25;11;update;0.00;0.00
R-AK620-BKNNMT-G-1;6933412727842;EAN;82,12;276;11;update;0.00;0.00
R-AG400-BKNNMN-G-1;6933412727590;EAN;32,74;139;11;update;0.00;0.00
R-LS520-BKAMNT-G-1;6933412727484;EAN;87,70;0;11;update;0.00;0.00
R-AK500-WHNNMT-G;6933412727965;EAN;69,43;16;11;update;0.00;0.00
R-AK500-BKNNMT-G-1;6933412727972;EAN;69,43;49;11;update;0.00;0.00
R-LS520-WHAMNT-G-1;6933412727651;EAN;103,31;39;11;update;0.00;0.00
RL-KN28E-B1;5056547202211;EAN;162,11;0;11;update;0.00;0.00
RL-KR280-W1;5056547202679;EAN;146,60;0;11;update;0.00;0.00
UK532023;6974560220403;EAN;14,52;0;11;update;0.00;0.00
CX-9052006-WW;0843591081382;EAN;41,49;0;11;update;0.00;0.00
CX-9052027-WW;0843591081597;EAN;41,49;6;11;update;0.00;0.00
R-LS520-WHAMMM-G-1;6933412727996;EAN;73,84;0;11;update;0.00;0.00
R-ASN4-BKNNMT-G;6933412728092;EAN;114,15;16;11;update;0.00;0.00
R-AN600-BKNNMN-G;6933412728146;EAN;57,26;20;11;update;0.00;0.00
UK351101;6974560220915;EAN;63,88;0;11;update;0.00;0.00
UK352101;6974560220922;EAN;73,83;35;11;update;0.00;0.00
UK353101;6974560220939;EAN;85,44;17;11;update;0.00;0.00
AB832406;6974560222612;EAN;43,10;8;11;update;0.00;0.00
AB832407;6974560222629;EAN;45,46;9;11;update;0.00;0.00
AB311001B;6974560222858;EAN;32,16;0;11;update;0.00;0.00
AB311001W;6974560222926;EAN;31,85;6;11;update;0.00;0.00
AB831104;6974560222384;EAN;15,97;0;11;update;0.00;0.00
AB831105;6974560222391;EAN;35,20;11;11;update;0.00;0.00
AB831106;6974560222407;EAN;43,44;1;11;update;0.00;0.00
CO-9051001-WW;0840006697930;EAN;65,87;0;11;update;0.00;0.00
CO-9051002-WW;0840006697947;EAN;217,89;0;11;update;0.00;0.00
CO-9051004-WW;0840006697961;EAN;163,87;0;11;update;0.00;0.00
CO-9051005-WW;0840006697978;EAN;62,22;0;11;update;0.00;0.00
CO-9051006-WW;0840006697985;EAN;203,56;0;11;update;0.00;0.00
CO-9051007-WW;0840006697992;EAN;78,26;0;11;update;0.00;0.00
CO-9051008-WW;0840006698005;EAN;163,87;0;11;update;0.00;0.00
80.80.25;6940533543503;EAN;16,46;4;11;update;0.00;0.00
UK532002;6974560220649;EAN;14,63;25;11;update;0.00;0.00
CX-9020021-WW;0840006600848;EAN;318,65;0;11;update;0.00;0.00
R-ASN4-WHNNMT-G;6933412728382;EAN;114,15;22;11;update;0.00;0.00
DG-KRL120-3-AR;8436556144110;EAN;63,51;0;11;update;0.00;0.00
CX-9025001-WW;0840006669357;EAN;201,72;0;11;update;0.00;0.00
R-AK500-WHADMN-G;6933412728276;EAN;81,25;16;11;update;0.00;0.00
VK-AIODR240B;5298003820076;EAN;149,78;4;11;update;0.00;0.00
VK-AIODR240W;5298003820106;EAN;149,78;8;11;update;0.00;0.00
VK-AIODR360B;5298003820083;EAN;202,17;0;11;update;0.00;0.00
VK-AIOSY240B;5298003820137;EAN;210,66;13;11;update;0.00;0.00
VK-AIOSY240W;5298003820151;EAN;210,88;9;11;update;0.00;0.00
VK-AIRSL125B;5298003820175;EAN;68,76;0;11;update;0.00;0.00
VK-AIRSL125W;5298003820182;EAN;68,76;0;11;update;0.00;0.00
VK-FANX12FB;5298003820250;EAN;40,96;0;11;update;0.00;0.00
CT-9010011-WW;0840006692843;EAN;135,25;0;11;update;0.00;0.00
R-LX550-BKDSNC-G-1;6933412728771;EAN;163,16;69;11;update;0.00;0.00
VK-AIOJR240B;5298003820014;EAN;147,94;0;11;update;0.00;0.00
VK-AIOJR240W;5298003820045;EAN;77,78;0;11;update;0.00;0.00
VK-AIOJR360B;5298003820021;EAN;160,28;0;11;update;0.00;0.00
VK-AIOJR360W;5298003820052;EAN;164,49;0;11;update;0.00;0.00
VK-AIODR360W;5298003820113;EAN;188,71;0;11;update;0.00;0.00
VK-AIOSY360B;5298003820144;EAN;299,46;0;11;update;0.00;0.00
VK-AIOSY360W;5298003820168;EAN;248,01;0;11;update;0.00;0.00
CT-9010010-WW;0840006692379;EAN;27,31;16;11;update;0.00;0.00
FAN-HYTE-Q60-BW;1220000350649;EAN;160,56;4;11;update;0.00;0.00
FAN-HYTE-FP12-BW-3NP;1220000350670;EAN;82,99;4;11;update;0.00;0.00
CO-9050170-WW;0840006669944;EAN;52,62;0;11;update;0.00;0.00
CO-9050171-WW;0840006669951;EAN;120,47;0;11;update;0.00;0.00
CO-9050174-WW;0840006679134;EAN;60,24;0;11;update;0.00;0.00
CO-9050175-WW;0840006679141;EAN;93,76;0;11;update;0.00;0.00
R-LT240-BKAMNC-G-1;6933412728894;EAN;103,39;35;11;update;0.00;0.00
R-LT240-WHAMNC-G-1;6933412728900;EAN;88,44;33;11;update;0.00;0.00
R-LT360-WHAMNC-G-1;6933412728924;EAN;110,99;10;11;update;0.00;0.00
VK-FANV12RB;5298003820236;EAN;6,98;0;11;update;0.00;0.00
VK-FANV12FW;5298003820229;EAN;25,22;0;11;update;0.00;0.00
VK-FANV12FB;5298003820212;EAN;31,40;0;11;update;0.00;0.00
VK-FANV12RW;5298003820243;EAN;25,22;0;11;update;0.00;0.00
CO-9050180-WW;0840006684121;EAN;27,30;3;11;update;0.00;0.00
CO-9050181-WW;0840006684138;EAN;61,20;0;11;update;0.00;0.00
CO-9050184-WW;0840006684169;EAN;25,65;0;11;update;0.00;0.00
CO-9050185-WW;0840006684176;EAN;57,26;0;11;update;0.00;0.00
CO-9050189-WW;0840006684213;EAN;40,57;5;11;update;0.00;0.00
CO-9050193-WW;0840006684251;EAN;40,13;1;11;update;0.00;0.00
CW-9060088-WW;0840006687528;EAN;117,76;3;11;update;0.00;0.00
CW-9060089-WW;0840006687535;EAN;159,83;0;11;update;0.00;0.00
CW-9060092-WW;0840006687566;EAN;131,38;4;11;update;0.00;0.00
CW-9060093-WW;0840006687573;EAN;159,13;7;11;update;0.00;0.00
CW-9060094-WW;0840006687580;EAN;130,94;4;11;update;0.00;0.00
CW-9060095-WW;0840006687597;EAN;161,12;3;11;update;0.00;0.00
CT-9010015-WW;0840006687832;EAN;20,48;16;11;update;0.00;0.00
CW-9061016-WW;0840006685418;EAN;197,43;0;11;update;0.00;0.00
CW-9061020-WW;0840006685456;EAN;195,79;1;11;update;0.00;0.00
CW-9061018-WW;0840006685432;EAN;235,29;3;11;update;0.00;0.00
CW-9061021-WW;0840006685463;EAN;232,89;4;11;update;0.00;0.00
R-LX240-WHDSNMCP-G-1;6933412729068;EAN;161,43;0;11;update;0.00;0.00
R-LX750-BKADSNC-G-1;6933412728887;EAN;204,78;0;11;update;0.00;0.00
R-LX360-WHDSNMCP-G-1;6933412729075;EAN;202,88;0;11;update;0.00;0.00
R-ASN4-BKNVMD-G;6933412729136;EAN;157,39;27;11;update;0.00;0.00
CW-9061022-WW;0840440482949;EAN;312,85;5;11;update;0.00;0.00
CW-9061025-WW;0840440482970;EAN;336,29;5;11;update;0.00;0.00
CW-9061023-WW;0840440482956;EAN;339,56;0;11;update;0.00;0.00
CW-9061026-WW;0840440482987;EAN;337,54;1;11;update;0.00;0.00
NXHUMMERM360ARGB;8436587973925;EAN;120,38;0;11;update;0.00;0.00
NXHUMMERM360ARGBW;8436587974199;EAN;124,47;1;11;update;0.00;21.00
NXHUMMERM240ARGB;8436587975431;EAN;88,99;5;11;update;0.00;0.00
NXHUMMERM240ARGBW;8436587975448;EAN;88,52;0;11;update;0.00;0.00
CO-9051009-WW;0840006680833;EAN;46,99;0;11;update;0.00;0.00
CO-9051010-WW;0840006680840;EAN;114,80;0;11;update;0.00;0.00
CO-9051017-WW;0840006680918;EAN;46,57;0;11;update;0.00;0.00
CO-9051021-WW;0840006680956;EAN;44,30;0;11;update;0.00;0.00
CO-9051018-WW;0840006680925;EAN;122,21;1;11;update;0.00;0.00
CO-9051022-WW;0840006680963;EAN;132,71;0;11;update;0.00;0.00
CO-9051023-WW;0840006680970;EAN;6,98;0;11;update;0.00;0.00
VK-AIOA360B;5298003820892;EAN;117,99;8;11;update;0.00;0.00
VK-AIOA360W;5298003820922;EAN;117,99;158;11;update;0.00;0.00
VK-AIOVL240B;5298003821196;EAN;131,16;22;11;update;0.00;0.00
VK-AIOVL240W;5298003821172;EAN;133,67;13;11;update;0.00;0.00
VK-AIOVL360W;5298003821189;EAN;148,44;9;11;update;0.00;0.00
VK-AIOVL360B;5298003821202;EAN;146,44;4;11;update;0.00;0.00
R-AK620-BKAPMN-G;6933412728818;EAN;99,37;51;11;update;0.00;0.00
80.40.28;6940533543480;EAN;17,15;0;11;update;0.00;0.00
80.60.25;6940533543497;EAN;14,10;0;11;update;0.00;0.00
80.120,25;6940533543510;EAN;14,93;14;11;update;0.00;0.00
UK352102;6974560221189;EAN;78,44;0;11;update;0.00;0.00
UK353102;6974560221202;EAN;81,12;1;11;update;0.00;0.00
UK532022;6974560220380;EAN;16,01;98;11;update;0.00;0.00
AB324011;8436617920431;EAN;137,01;1;11;update;0.00;0.00
AB324012;8436617920448;EAN;127,37;0;11;update;0.00;0.00
AB336011;8436617920455;EAN;157,60;5;11;update;0.00;0.00
AB336012;8436617920462;EAN;157,60;23;11;update;0.00;0.00
VK-AIOA240B;5298003820878;EAN;106,87;0;11;update;0.00;0.00
VK-AIOA240W;5298003820908;EAN;106,87;24;11;update;0.00;0.00
NXHUMMERH400;8436587975288;EAN;46,93;0;11;update;0.00;0.00
NXHUMMERH500;8436587975301;EAN;42,67;18;11;update;0.00;0.00
GP-AORUS WATERFORCE II 360;4719331554002;EAN;122,55;38;11;update;0.00;21.00
EXWC-FX-1120R-B;6977277361551;EAN;62,52;16;11;update;0.00;0.00
EXWC-FX-1120R-W;6977277368635;EAN;63,47;51;11;update;0.00;0.00
EXWC-VX-1240R-B;6977277360523;EAN;79,92;77;11;update;0.00;0.00
EXWC-VX-1240R-W;6977277362435;EAN;81,02;15;11;update;0.00;0.00
EXWC-VX-1360R-B;6977277369724;EAN;100,80;78;11;update;0.00;0.00
EXWC-VX-1360R-W;6977277363357;EAN;97,65;72;11;update;0.00;0.00
CO-9051025-WW;0840006682882;EAN;53,33;0;11;update;0.00;0.00
CO-9051026-WW;0840006682899;EAN;140,69;0;11;update;0.00;0.00
CO-9051029-WW;0840006682929;EAN;55,28;0;11;update;0.00;0.00
CO-9051030-WW;0840006682936;EAN;165,66;0;11;update;0.00;0.00
CO-9051049-WW;0840006688686;EAN;50,78;17;11;update;0.00;0.00
CO-9051050-WW;0840006688693;EAN;142,54;0;11;update;0.00;0.00
CO-9051053-WW;0840006688723;EAN;54,19;4;11;update;0.00;0.00
CO-9051054-WW;0840006688730;EAN;141,35;1;11;update;0.00;0.00
GP-AORUS WATERFORCE II 240;4719331553999;EAN;102,88;33;11;update;0.00;21.00
COO-VA-12AR02;8436556143069;EAN;12,84;6;11;update;0.00;0.00
R-LE240-BKAMMC-G-2;6933412729211;EAN;75,67;126;11;update;0.00;0.00
R-LE240-WHAMMN-G-2;6933412729297;EAN;74,47;4;11;update;0.00;0.00
R-LE360-BKAMMC-G-2;6933412729228;EAN;89,70;82;11;update;0.00;0.00
R-LE360-WHAMMN-G-2;6933412729303;EAN;93,28;28;11;update;0.00;0.00
R-AG400-BKAMMN-GJD;6933412729310;EAN;36,13;255;11;update;0.00;0.00
R-AG400-WHAMMN-GJD;6933412729327;EAN;36,11;51;11;update;0.00;0.00
R-AG620-BKAMMN-GJD;6933412729242;EAN;65,25;12;11;update;0.00;0.00
R-AG620-WHAMMN-GJD;6933412729235;EAN;65,25;29;11;update;0.00;0.00
R-FL12R-BKAPN1-G;6933412785156;EAN;36,06;0;11;update;0.00;0.00
R-FL12R-WHAPN1-G;6933412785163;EAN;36,06;27;11;update;0.00;0.00
COO-VCPU-4-ARB;8436624420153;EAN;29,16;5;11;update;0.00;0.00
28400-GM36I-2CWR;4719331555344;EAN;106,20;13;11;update;0.00;0.00
28400-GM360-2CBR;4719331555337;EAN;98,58;0;11;update;0.00;0.00
VK-SUR125B;0529800382018;EAN;41,42;34;11;update;0.00;0.00
VK-SUR125W;0529800382025;EAN;41,42;31;11;update;0.00;0.00
AB324013;8436617920998;EAN;65,79;0;11;update;0.00;0.00
AB336013;8436617920974;EAN;79,57;0;11;update;0.00;0.00
S1200;62189;EAN;11,87;24;11;update;0.00;0.00
S1700;62190;EAN;11,87;0;11;update;0.00;0.00
AMD4;62191;EAN;11,98;18;11;update;0.00;0.00
R-AG500-BKAMMN-GJD;6933412729334;EAN;42,76;44;11;update;0.00;0.00
28400-GM240-1CBR;4719331555856;EAN;90,16;13;11;update;0.00;0.00
EXAC-VT-100-R-B;6977277369182;EAN;39,39;52;11;update;0.00;0.00
EXAC-VT-100-R-W;6977277369274;EAN;39,39;35;11;update;0.00;0.00
EXAC-VT-300-R-B;6977277369281;EAN;57,89;49;11;update;0.00;0.00
EXAC-VT-300-R-W;6977277369199;EAN;57,89;31;11;update;0.00;0.00
EXAC-GL-100-R-B;6977277369298;EAN;53,25;0;11;update;0.00;0.00
EXAC-GL-100-R-W;6977277369205;EAN;53,25;0;11;update;0.00;0.00
EXAC-GL-300-R-B;6977277369595;EAN;67,13;0;11;update;0.00;0.00
EXAC-GL-300-R-W;6977277369519;EAN;67,13;0;11;update;0.00;0.00
COO-KRL120-4-ARB;8436624420122;EAN;44,83;0;11;update;0.00;0.00
COO-KRL240-4-ARB;8436624420139;EAN;63,06;0;11;update;0.00;0.00
COO-VAU-ARX4;8436624420962;EAN;32,10;2;11;update;0.00;0.00
COO-VA-12AR02W;8436624420726;EAN;12,67;3;11;update;0.00;0.00
COO-KRL240-4-ARW;8436624420146;EAN;62,88;6;11;update;0.00;0.00
R-LQ360-BKLSMW-G-1;6933412729167;EAN;175,90;0;11;update;0.00;0.00
R-LQ360-WHDSMC-G-1;6933412729280;EAN;154,44;0;11;update;0.00;0.00
R-FL12-BKAPN3-G;6933412711087;EAN;70,58;0;11;update;0.00;0.00
RR-FL12-WHAPN3-G;6933412711094;EAN;70,58;0;11;update;0.00;0.00
R-ASN4-WHNVNN-GJD;6933412729433;EAN;127,90;2;11;update;0.00;0.00
UK324101;8436617921209;EAN;28,97;0;11;update;0.00;0.00
R-LM240-BKDMMC-1;6933412729457;EAN;89,13;53;11;update;0.00;0.00
WH R-LM240-WHDMMC-1;6933412729464;EAN;86,02;0;11;update;0.00;0.00
R-LM360-BKDMMC-1;6933412729471;EAN;109,46;29;11;update;0.00;0.00
R-LM360-WHDMMC-1;6933412729488;EAN;105,57;0;11;update;0.00;0.00
R-LQ240-BKLSMW-G-1;6933412729150;EAN;136,56;15;11;update;0.00;0.00
R-LQ240-WHDSMC-G-1;6933412729273;EAN;143,98;2;11;update;0.00;0.00
R-ASN4-BKNVNN-GJD;6933412729761;EAN;127,90;23;11;update;0.00;0.00
R-FL12-BKAPN1-G;6933412711063;EAN;28,62;45;11;update;0.00;0.00
R-FL12SE-BKAPN3-G;6933412785316;EAN;31,24;6;11;update;0.00;0.00
EXFN-12CS1-B;6977277360196;EAN;16,24;40;11;update;0.00;0.00
EXFN-12CS1-W;6977277360202;EAN;16,24;48;11;update;0.00;0.00
EXFN-12C11-B;6977277360240;EAN;16,24;54;11;update;0.00;0.00
EXFN-12C11-W;6977277360257;EAN;16,24;51;11;update;0.00;0.00
CW-9061031-WW;0840440400332;EAN;173,98;4;11;update;0.00;0.00
CW-9061033-WW;0840440400356;EAN;215,24;0;11;update;0.00;0.00
R-SPT360-BKDSMP-G-1;6933412729631;EAN;218,12;10;11;update;0.00;0.00
R-LQ360-BKASMC-G-1;6933412729808;EAN;144,48;10;11;update;0.00;0.00
R-LQ360-WHASMC-G-1;6933412729815;EAN;150,29;4;11;update;0.00;0.00
AK620G2-BKNNMN-GJD-1;6933412729716;EAN;90,06;32;11;update;0.00;0.00
AK500G2-BKNNMN-GJD-1;6933412729686;EAN;73,92;18;11;update;0.00;0.00
AK400G2-BKNNMN-GJD-1;6933412729679;EAN;62,48;34;11;update;0.00;0.00
R-AK620G2-BKNNMN-GJ;6933412729693;EAN;84,44;11;11;update;0.00;0.00
R-AK620G2-WHNNMN-GJD;6933412729709;EAN;84,44;4;11;update;0.00;0.00
R-AK400G2-BKNNMN-GJ;6933412729655;EAN;51,06;21;11;update;0.00;0.00
R-AK400G2-WHNNMN-GJD;6933412729662;EAN;51,06;10;11;update;0.00;0.00
R-AK620-BKADMN-GJD;6933412729518;EAN;70,10;13;11;update;0.00;0.00
R-AK400-BKADMN-GJD;6933412729495;EAN;39,46;12;11;update;0.00;0.00
GP-GIGABYTEEAGLE360I;4719331557126;EAN;98,46;6;11;update;0.00;0.00
28400-EA360-1CBR;4719331557119;EAN;98,97;33;11;update;0.00;0.00
COO-TGZ8W-2;8436624423604;EAN;10,61;8;11;update;0.00;0.00
920-002550;5099206020580;EAN;30,82;19;11;update;0.00;0.00
920-002518;5099206021372;EAN;22,99;32;11;update;0.00;0.00
920-002499;5099206020825;EAN;23,06;26;11;update;0.00;0.00
920-003159;5099206029835;EAN;34,36;2;11;update;0.00;0.00
920-003978;5099206033542;EAN;52,69;0;11;update;0.00;0.00
920-004513;5099206039193;EAN;40,43;1;11;update;0.00;0.00
920-003746;5099206032927;EAN;43,38;0;11;update;0.00;0.00
920-007137;5099206059351;EAN;50,10;7;11;update;0.00;0.00
920-007919;5099206063914;EAN;42,65;14;11;update;0.00;0.00
910-004861;5099206070011;EAN;138,39;0;11;update;0.00;0.00
SPIKE;8435430612219;EAN;17,50;1;11;update;0.00;0.00
22221;8713439222210;EAN;20,12;1;11;update;0.00;0.00
920-008680;5099206077423;EAN;69,65;12;11;update;0.00;0.00
920-008228;5099206066892;EAN;123,10;0;11;update;0.00;0.00
KM6300-SP;4719331551193;EAN;22,43;1;11;update;0.00;0.00
COO-TEW01-BK;8436556148743;EAN;23,72;25;11;update;0.00;0.00
23982;8713439239829;EAN;19,55;179;11;update;0.00;0.00
920-009198;5099206086548;EAN;65,32;2;11;update;0.00;0.00
920-009199;5099206086555;EAN;67,84;18;11;update;0.00;21.00
PCC-KTR-001;8436556143380;EAN;13,60;27;11;update;0.00;0.00
CH-9226765-ES;0840006631736;EAN;90,73;0;11;update;0.00;0.00
920-009798;5099206092419;EAN;49,79;1;11;update;0.00;0.00
920-009822;5099206092570;EAN;50,84;98;11;update;0.00;0.00
50542;6940533542223;EAN;17,95;5;11;update;0.00;0.00
920-010105;5099206094949;EAN;130,18;92;11;update;0.00;0.00
CH-9189010-ES;0840006652861;EAN;247,82;0;11;update;0.00;0.00
COO-KTR-01U;8436556141706;EAN;15,99;16;11;update;0.00;0.00
UK505447;6974560220212;EAN;33,51;0;11;update;0.00;0.00
UK505445;6974560220304;EAN;27,50;4;11;update;0.00;0.00
UK505443;6974560220168;EAN;24,65;8;11;update;0.00;0.00
UK505449;6974560220229;EAN;23,80;0;11;update;0.00;0.00
EUPHORIAKIT;8435430619072;EAN;21,40;3;11;update;0.00;0.00
CH-9226C65-ES;0840006666493;EAN;71,50;2;11;update;0.00;0.00
CH-91D401L-ES;0840006667278;EAN;214,49;0;11;update;0.00;0.00
NXKROMKASICTKL;8436587972713;EAN;36,43;10;11;update;0.00;0.00
NXKROMKREATORSP;8436587974489;EAN;51,27;43;11;update;0.00;0.00
NXKROMKRNL;8436532166709;EAN;59,80;32;11;update;0.00;21.00
NXKROMKLSTRSP;8436587971532;EAN;50,94;0;11;update;0.00;0.00
NXKROMKENYA;8436587973895;EAN;54,43;0;11;update;0.00;0.00
COO-TEC04DNI;8436556141980;EAN;32,24;17;11;update;0.00;0.00
920-010998;5099206105188;EAN;112,76;0;11;update;0.00;0.00
CH-914901E-ES;0840006678892;EAN;201,16;2;11;update;0.00;0.00
CH-911911E-ES;0840006678748;EAN;135,55;0;11;update;0.00;0.00
MWR53Y/A;0195949484612;EAN;568,49;14;11;update;0.00;0.00
FANTASYKITBLUE;8435430625417;EAN;33,27;14;11;update;0.00;0.00
FANTASYKITPINK;8435430625455;EAN;50,23;0;11;update;0.00;0.00
ECLIPSEKIT;8435430625011;EAN;62,84;3;11;update;0.00;0.00
920-012227;5099206115651;EAN;75,19;25;11;update;0.00;21.00
CH-910971E-ES;0840006665656;EAN;135,55;0;11;update;0.00;0.00
NXKROMKERNELPROSP;8436587975165;EAN;79,77;5;11;update;0.00;0.00
50543;6940533542636;EAN;73,73;0;11;update;0.00;0.00
50534;6940533541943;EAN;16,61;0;11;update;0.00;0.00
805T1AA;0197497176926;EAN;32,35;23;11;update;0.00;0.00
664R5AA;0196548244157;EAN;29,58;83;11;update;0.00;0.00
240J7AA;0196786788062;EAN;27,97;0;11;update;0.00;0.00
2V9E6AA;0197029648808;EAN;43,99;0;11;update;0.00;0.00
3L1E7AA;0195908430049;EAN;43,84;60;11;update;0.00;0.00
9SR36AA;0194721887719;EAN;7,46;0;11;update;0.00;0.00
9SR37AA;0194721888204;EAN;33,57;0;11;update;0.00;0.00
1Y4D0UT;0198122958016;EAN;42,45;210;11;update;0.00;0.00
286J4AA;0195161118944;EAN;42,20;0;11;update;0.00;0.00
805T2AA;0197497177367;EAN;42,20;12;11;update;0.00;0.00
3L1F0AA;0195908430889;EAN;71,16;0;11;update;0.00;0.00
CH-9216065-ES;0840440490432;EAN;72,16;1;11;update;0.00;0.00
920-010917;5099206105546;EAN;60,55;98;11;update;0.00;0.00
UK50545;8436617921261;EAN;17,73;2;11;update;0.00;0.00
920-010930;5099206104457;EAN;276,24;1;11;update;0.00;0.00
920-013543;5099206130807;EAN;38,10;3;11;update;0.00;0.00
COO-KTR-03W;8436624420023;EAN;19,80;21;11;update;0.00;0.00
580-ADGS;5397063710034;EAN;28,27;0;11;update;0.00;0.00
DG-TEC65-RGB;8436556141690;EAN;20,88;9;11;update;0.00;0.00
BHR6100GL;6934177787089;EAN;35,43;0;11;update;0.00;0.00
HARMONYKIT;8435430627473;EAN;25,90;7;11;update;0.00;0.00
COO-TEW02-BKB;8436624422324;EAN;55,76;3;11;update;0.00;0.00
COO-TEW02-BKW;8436624422331;EAN;55,76;2;11;update;0.00;0.00
MGYX4Y/A;0195950745610;EAN;470,08;98;11;update;0.00;0.00
SPECTRA;8435430625707;EAN;18,60;2;11;update;0.00;0.00
FUNKYV4SPANISH;8435430626469;EAN;14,01;20;11;update;0.00;0.00
HERITAGE;8435430628319;EAN;17,50;3;11;update;0.00;0.00
COCOAKITV2;8435430626544;EAN;17,50;18;11;update;0.00;0.00
DG-KTRAA-15;8437011128188;EAN;35,79;6;11;update;0.00;0.00
TAJ16100;15453;EAN;47,98;0;11;update;0.00;0.00
GV-N710D3-2GL 2.0;4719331316464;EAN;78,83;15;11;update;0.00;0.00
GV-N710D5L-00-G;4719331301606;EAN;62,87;0;11;update;0.00;0.00
DP ZT-T16520J-10L;4895173621888;EAN;193,16;0;11;update;0.00;0.00
90YV0GH6-M0NA00;4711081772453;EAN;290,53;38;11;update;0.00;0.00
ZT-A30500K-10M;4895173626524;EAN;353,50;19;11;update;0.00;0.00
912-V812-025;4711377176828;EAN;238,94;0;11;update;0.00;0.00
912-V809-4287;4711377084796;EAN;241,45;0;11;update;0.00;0.00
90YV0I70-M0NA00;4711081869696;EAN;63,03;0;11;update;0.00;0.00
90YV0JH8-M0NA00;4711387602812;EAN;613,53;0;11;update;0.00;0.00
90YV0JC7-M0NA00;4711387473184;EAN;378,56;0;11;update;0.00;0.00
90YV0K60-M0NA00;4711387470633;EAN;260,91;71;11;update;0.00;0.00
GV-N3050WF2OCV2-6GD;4719331355081;EAN;255,86;84;11;update;0.00;0.00
GV-N5080WF3OC-16GB;4719331355845;EAN;1254,61;0;11;update;0.00;0.00
GV-N5080GAMING OC-16;4719331355494;EAN;1654,97;6;11;update;0.00;0.00
9VN507TGO-00-G10;4719331355562;EAN;1239,83;1;11;update;0.00;0.00
9VN507TWO-00-G10;4719331355579;EAN;1205,40;13;11;update;0.00;0.00
9VN5090GO-00-G10;4719331355791;EAN;3389,56;0;11;update;0.00;0.00
9VR907XTGO-00-G10;4719331355524;EAN;828,14;1;11;update;0.00;0.00
GV-N5070GAMING OC-12;4719331355722;EAN;749,73;25;11;update;0.00;0.00
9VN5070WO-00-G10;4719331355715;EAN;760,52;24;11;update;0.00;0.00
90-GA5NZZ-00UANF;4711581490475;EAN;778,61;0;11;update;0.00;0.00
90YV0ALA-M0NA00;4711387418680;EAN;68,17;0;11;update;0.00;0.00
GV-N5070EAGLE OC-12G;4719331355760;EAN;746,44;11;11;update;0.00;0.00
912-V812-037;4711377211475;EAN;115,35;54;11;update;0.00;21.00
9VN507TW-00-G10;4719331356002;EAN;923,88;0;11;update;0.00;0.00
90-GA5EZZ-00UANF;4711581490468;EAN;673,76;0;11;update;0.00;0.00
GV-N506TGAMING OC-16;4719331356026;EAN;707,73;0;11;update;0.00;0.00
GV-N506TGAMING OC-8G;4719331356019;EAN;463,76;12;11;update;0.00;0.00
GV-N506TWF2OC-8GD;4719331356057;EAN;450,05;7;11;update;0.00;0.00
90YV0J49-M0NA00;4711387459232;EAN;516,78;0;11;update;0.00;0.00
9VN5090WO-00-G10;4719331355838;EAN;3035,91;0;11;update;0.00;0.00
9VN5060AO-00-G10;4719331356415;EAN;449,91;0;11;update;0.00;0.00
9VN5060WO-00-G10;4719331356323;EAN;415,82;0;11;update;0.00;0.00
9VR9068XGO-00-G10;4719331356231;EAN;413,57;5;11;update;0.00;0.00
GV-N506TWF2OC-16GD;4719331356064;EAN;629,73;0;11;update;0.00;0.00
912-V537-002;4711377344272;EAN;413,42;98;11;update;0.00;21.00
GV-N506TWF2MAXOC-16G;4719331356675;EAN;805,58;0;11;update;0.00;0.00
90YV0N12-M0NA00;4711636057899;EAN;424,89;12;11;update;0.00;0.00
GV-N5080AORUSMICE-16;4719331355692;EAN;1860,14;0;11;update;0.00;0.00
GV-N5060WF2MAX OC-8GD;4719331356699;EAN;397,76;33;11;update;0.00;21.00
90YV06N2-M0NA00;4716659990390;EAN;88,97;235;11;update;0.00;0.00
GV-N5090AORUSM-32GD;4719331355807;EAN;3287,51;0;11;update;0.00;0.00
90YV0AT0-M0NA00;4712900743333;EAN;101,96;282;11;update;0.00;0.00
GV-N5050WF2OC-8GD;4719331356743;EAN;355,52;49;11;update;0.00;21.00
90YV0LY0-M0NA00;4711387890325;EAN;3263,27;0;11;update;0.00;0.00
90YV0MH2-M0NA00;4711387994054;EAN;757,34;1;11;update;0.00;0.00
GV-N507TWF3OCV2-16GD;4719331357023;EAN;1155,76;18;11;update;0.00;0.00
912-V812-213;4711377265584;EAN;256,41;98;11;update;0.00;21.00
GV-N507TEAGLEOCICE16;4719331355869;EAN;1208,79;8;11;update;0.00;0.00
AM-5G17-90;0810354020902;EAN;94,44;5;11;update;0.00;21.00
AF11-Complete-LB;0817882027632;EAN;1203,49;11;11;update;0.00;21.00
HORN-5-45;0817882022712;EAN;90,45;6;11;update;0.00;21.00
911-7C56-031;4719072731885;EAN;136,90;27;11;update;0.00;21.00
GMB66MS3H-00;4719331830328;EAN;126,33;1;11;update;0.00;21.00
911-7C95-008;4719072733698;EAN;125,35;63;11;update;0.00;21.00
911-7C96-001;4719072749927;EAN;64,16;98;11;update;0.00;21.00
911-7D14-001;4719072755492;EAN;70,24;87;11;update;0.00;21.00
B760 DS3H DDR4;4719331850746;EAN;155,41;1;11;update;0.00;21.00
911-7E02-001;4711377030991;EAN;106,69;13;11;update;0.00;21.00
911-7E06-010;4711377015738;EAN;219,29;58;11;update;0.00;21.00
911-7C56-08S;4719072733667;EAN;129,30;3;11;update;0.00;21.00
911-D99-017R;4711377154017;EAN;157,15;98;11;update;0.00;21.00
911-D46-075R;4719072942663;EAN;94,37;98;11;update;0.00;21.00
911-7E64-001;4711377337977;EAN;121,67;95;11;update;0.00;21.00
9MB76ME65-00-G10;4719331872069;EAN;184,67;17;11;update;0.00;21.00
911-7E53-001;4711377402859;EAN;248,94;41;11;update;0.00;21.00
9MH61MH52-00-G10;4719331859985;EAN;76,41;98;11;update;0.00;21.00
9MB76S365-00-G10;4719331872939;EAN;152,35;4;11;update;0.00;21.00
9MB76GX65-00-G10;4719331871673;EAN;162,17;4;11;update;0.00;21.00
9MB55MDHR-00-G;4719331869908;EAN;110,83;60;11;update;0.00;21.00
911-7C56-085;4711377376143;EAN;144,81;45;11;update;0.00;21.00
911-7E36-001;4711377397216;EAN;91,47;98;11;update;0.00;21.00
911-7E96-001;4711377417501;EAN;128,16;4;11;update;0.00;21.00
911-7E93-001;4711377404167;EAN;159,79;83;11;update;0.00;21.00
9MB65EG-00-10;4719331863081;EAN;144,75;2;11;update;0.00;21.00
911-7E54-006;4711377291545;EAN;272,74;18;11;update;0.00;21.00
90MB1I50-M0EAY0;4711387759103;EAN;241,99;1;11;update;0.00;21.00
9MX87GX7-00-10;4719331865368;EAN;269,64;31;11;update;0.00;21.00
90MB1F50-M0EAYC;4711387236772;EAN;148,76;20;11;update;0.00;21.00
601-7E57-02S;4711377286596;EAN;175,12;4;11;update;0.00;21.00
601-7E57-03S;4711377286589;EAN;173,85;41;11;update;0.00;21.00
911-7E56-06S;4711377286046;EAN;211,94;97;11;update;0.00;21.00
911-7E56-05S;4711377285438;EAN;215,44;98;11;update;0.00;21.00
601-7E62-01S;4711377290616;EAN;318,19;19;11;update;0.00;21.00
911-7E39-06S;4711377279642;EAN;256,84;33;11;update;0.00;21.00
911-7E41-11S;4711377289764;EAN;238,88;9;11;update;0.00;21.00
911-7E41-13S;4711377289757;EAN;214,68;5;11;update;0.00;21.00
601-7E42-02S;4711377286558;EAN;236,21;5;11;update;0.00;21.00
601-7E42-01S;4711377286565;EAN;279,59;14;11;update;0.00;21.00
90MB1IW0-M0EAY0;4711387740309;EAN;559,08;6;11;update;0.00;21.00
90MB1FR0-M0EAY0;4711387206812;EAN;175,23;8;11;update;0.00;21.00
911-7E34-12S;4711377257701;EAN;272,42;5;11;update;0.00;21.00
Z790 EAGLE AX G10;4719331860998;EAN;191,03;25;11;update;0.00;21.00
007E29-002R;4711377193887;EAN;147,63;84;11;update;0.00;21.00
911-7E61-001;4711377321150;EAN;269,58;15;11;update;0.00;21.00
007E70-001R;4711377347594;EAN;258,08;1;11;update;0.00;21.00
911-7E77-003;4711377361811;EAN;162,38;34;11;update;0.00;21.00
911-7E77-002;4711377361804;EAN;156,52;11;11;update;0.00;21.00
911-7E76-002;4711377360166;EAN;113,74;98;11;update;0.00;21.00
911-7E80-001;4711377365321;EAN;175,51;52;11;update;0.00;21.00
911-7E81-001;4711377365345;EAN;165,45;34;11;update;0.00;21.00
911-7E66-001;4711377347570;EAN;198,58;20;11;update;0.00;21.00
9MB86EGW6-00-G10;4719331866822;EAN;187,29;6;11;update;0.00;21.00
9MB86MGM6-00-G10;4719331867133;EAN;186,05;23;11;update;0.00;21.00
601-7E59-02S;4711377290630;EAN;438,45;8;11;update;0.00;21.00
601-7E59-04S;4711377291927;EAN;349,08;53;11;update;0.00;21.00
90MB1J20-M0EAY0;4711387797143;EAN;175,23;3;11;update;0.00;21.00
90MB1IZ0-M0EAY0;4711387797273;EAN;180,79;1;11;update;0.00;21.00
9VN5070EOI-00-G10;4719331355777;EAN;821,95;14;11;update;0.00;21.00
912-V536-001;4711377338868;EAN;499,28;98;11;update;0.00;21.00
912-V532-003;4711377308229;EAN;776,06;37;11;update;0.00;21.00
GV-N5070AERO OC-12GD;4719331355852;EAN;824,73;2;11;update;0.00;21.00
912-V532-029;4711377303927;EAN;840,03;36;11;update;0.00;21.00
912-V531-083;4711377301589;EAN;1109,85;29;11;update;0.00;21.00
912-V531-005;4711377292160;EAN;1596,62;17;11;update;0.00;21.00
9VN506TAO8-00-G10;4719331356040;EAN;532,66;27;11;update;0.00;21.00
9VN506TEO8-00-G10;4719331356101;EAN;503,72;44;11;update;0.00;21.00
9VN5070AM-00-G10;4719331355753;EAN;927,65;3;11;update;0.00;21.00
912-V537-005;4711377342544;EAN;408,81;47;11;update;0.00;21.00
912-V812-056;4711377265591;EAN;253,11;60;11;update;0.00;21.00
912-V531-428;4711377309219;EAN;1517,35;14;11;update;0.00;21.00
GV-R9060XTGAMING-8GD;4719331356361;EAN;432,53;4;11;update;0.00;21.00
912-V536-004;4711377341394;EAN;495,11;4;11;update;0.00;21.00
912-V538-001;4711377379946;EAN;364,38;44;11;update;0.00;21.00
GV-N506TWF2MAX OC-8GD;4719331356682;EAN;527,10;43;11;update;0.00;21.00
912-V809-3817;4719072561420;EAN;108,30;98;11;update;0.00;21.00
EC1645;8054392619762;EAN;13,89;3;11;update;0.00;21.00
A104-0039;8436574700381;EAN;16,13;6;11;update;0.00;21.00
DS-30000-1;4016032309390;EAN;31,29;21;11;update;0.00;21.00
CCUSBRECEPTACLE;8716309011174;EAN;10,43;98;11;update;0.00;21.00
PCE-US3-002;5901969418163;EAN;17,51;14;11;update;0.00;21.00
NC-0100-01;5901969418699;EAN;13,34;3;11;update;0.00;21.00
PCE-US3-004;5901969424539;EAN;24,02;37;11;update;0.00;21.00
NC-1000-02;5901969418712;EAN;20,08;39;11;update;0.00;21.00
EW3286;8052101433401;EAN;39,76;20;11;update;0.00;21.00
AKB868ES;5063194000855;EAN;111,87;8;11;update;0.00;21.00
AKB862ES;5063194002200;EAN;45,53;50;11;update;0.00;21.00
AKM610ES;5063194002187;EAN;40,43;30;11;update;0.00;21.00
MKB-800;8435602907631;EAN;58,59;8;11;update;0.00;21.00
NKG-2208;5901969445008;EAN;55,96;39;11;update;0.00;21.00
75261478;4711085946942;EAN;74,32;67;11;update;0.00;21.00
NXKROMKALISTASP;8436587975028;EAN;24,86;98;11;update;0.00;21.00
75261468;4711085946843;EAN;88,93;21;11;update;0.00;21.00
AKM622ES;5063194002071;EAN;35,36;8;11;update;0.00;21.00
SUBKBC-DCOPW1;8436586743437;EAN;64,63;18;11;update;0.00;21.00
SUBKBC-DCOPW2;8436586743444;EAN;64,54;13;11;update;0.00;21.00
90XB0440-BKM030;4712900617764;EAN;53,82;1;11;update;0.00;21.00
KM555-BLK-SPN;5397184821879;EAN;75,60;2;11;update;0.00;21.00
4X31R64484;0195892116684;EAN;59,49;3;11;update;0.00;21.00
4Y41R64665;0195892116196;EAN;32,80;47;11;update;0.00;21.00
4X31R64432;0195892115434;EAN;42,83;40;11;update;0.00;21.00
NKL-1830;5901969432138;EAN;31,29;4;11;update;0.00;21.00
NXKROMKASIC;8436587972027;EAN;44,65;30;11;update;0.00;21.00
NKG-1817;5901969432008;EAN;21,27;29;11;update;0.00;21.00
NKG-1621;5901969425925;EAN;21,95;56;11;update;0.00;21.00
PAC010026;8436545693049;EAN;69,68;5;11;update;0.00;21.00
NKG-1622;5901969425932;EAN;24,28;11;11;update;0.00;21.00
NKG-1729;5901969426991;EAN;21,32;62;11;update;0.00;21.00
KB-U-103-ES;8716309092845;EAN;14,77;98;11;update;0.00;21.00
NXKROMKRNLTKL;8436532166716;EAN;68,85;40;11;update;0.00;21.00
NKG-1818;5901969432015;EAN;42,57;2;11;update;0.00;21.00
KBS-ECLIPSE-M500-ES;8716309125031;EAN;70,16;1;11;update;0.00;21.00
SUBKB-3MIE310;8436586742669;EAN;64,63;6;11;update;0.00;21.00
SUBKB-3MIE300;8436586742652;EAN;64,63;1;11;update;0.00;21.00
NKL-2052;5901969443011;EAN;50,65;15;11;update;0.00;21.00
SUBKBC-OCO020;8436586742171;EAN;31,64;11;11;update;0.00;21.00
SUBKBC-CSSW10;8436586742379;EAN;23,57;98;11;update;0.00;21.00
EW3007;8052101430370;EAN;22,56;1;11;update;0.00;21.00
EW3002;8052101430349;EAN;18,86;14;11;update;0.00;21.00
PL3319;8052101430400;EAN;23,39;14;11;update;0.00;21.00
EW3112;8054392618161;EAN;16,19;24;11;update;0.00;21.00
EW3256;8054392616846;EAN;26,24;3;11;update;0.00;21.00
EW3281;8052101431896;EAN;22,86;6;11;update;0.00;21.00
EW3006;8052101430363;EAN;22,56;18;11;update;0.00;21.00
NMY-2049;5901969439243;EAN;28,33;14;11;update;0.00;21.00
AMB582GL;5051794034530;EAN;51,04;18;11;update;0.00;21.00
AMB586GL;5063194000176;EAN;66,32;4;11;update;0.00;21.00
GMO-DMS-WDOOBK-01;4713227529549;EAN;61,73;8;11;update;0.00;21.00
GMO-DMS-HYOOBK-01;4713227529556;EAN;120,95;15;11;update;0.00;21.00
EW3245;8056045875945;EAN;26,42;4;11;update;0.00;21.00
EW3158;8054392610943;EAN;23,01;21;11;update;0.00;21.00
EW3223;8054392610028;EAN;15,48;6;11;update;0.00;21.00
EW3157;8054392610936;EAN;21,13;68;11;update;0.00;21.00
EW3156;8054392610417;EAN;19,24;18;11;update;0.00;21.00
EW3159;8052101430455;EAN;14,77;54;11;update;0.00;21.00
EW3300;8052101431247;EAN;12,98;40;11;update;0.00;21.00
NMY-1972;5901969436655;EAN;25,84;19;11;update;0.00;21.00
NMG-2114;5901969443950;EAN;37,79;10;11;update;0.00;21.00
SUBMO-B2BS001;8436586742393;EAN;13,62;98;11;update;0.00;21.00
SUBMO-B2SW011;8436586742539;EAN;16,41;46;11;update;0.00;21.00
SUBMO-RFM0001;8436586741976;EAN;17,52;76;11;update;0.00;21.00
SUBMO-DFLAT21;8436586742256;EAN;20,79;11;11;update;0.00;21.00
SUBMO-LDFLAT1;8436586742027;EAN;26,27;9;11;update;0.00;21.00
SUBMO-LDFLAT2;8436586742034;EAN;26,27;23;11;update;0.00;21.00
NMY-2000;5901969437959;EAN;14,72;10;11;update;0.00;21.00
MUSW-4BS-01;8716309117425;EAN;15,81;29;11;update;0.00;21.00
MUSW-4B-01-W;8716309104159;EAN;15,45;23;11;update;0.00;21.00
MUSW-4B-01;8716309103855;EAN;15,45;55;11;update;0.00;21.00
MUSW-4B-04;8716309103930;EAN;14,97;36;11;update;0.00;21.00
NMY-1874;5901969432855;EAN;17,84;32;11;update;0.00;21.00
MUS-ERGO-03;8716309109000;EAN;25,13;7;11;update;0.00;21.00
MUSW-4B-05;8716309121828;EAN;16,36;16;11;update;0.00;21.00
NMG-1839;5901969432220;EAN;39,48;10;11;update;0.00;21.00
NMG-1842;5901969432251;EAN;43,16;15;11;update;0.00;21.00
MUS-U-01;8716309085373;EAN;12,22;98;11;update;0.00;21.00
MUSG-001-R;8716309081900;EAN;16,31;9;11;update;0.00;21.00
MUSWB2;8716309079648;EAN;21,91;12;11;update;0.00;21.00
AMW50EU;5051794003543;EAN;31,16;7;11;update;0.00;21.00
MUS-ERGO-01;8716309104890;EAN;19,36;98;11;update;0.00;21.00
MUSW-ERGO-01;8716309104876;EAN;22,89;57;11;update;0.00;21.00
MUS-3B-01;8716309104258;EAN;14,16;5;11;update;0.00;21.00
MUS-3B-02;8716309104265;EAN;13,38;32;11;update;0.00;21.00
MUS-6B-01;8716309104296;EAN;13,43;24;11;update;0.00;21.00
AMU75EU;5051794002737;EAN;25,82;48;11;update;0.00;21.00
NMG-1770;5901969431407;EAN;23,27;3;11;update;0.00;21.00
NMG-1713;5901969426830;EAN;23,27;3;11;update;0.00;21.00
NMY-1798;5901969431681;EAN;14,72;27;11;update;0.00;21.00
NMY-1799;5901969431698;EAN;14,75;87;11;update;0.00;21.00
GM-M6980X;4719331543303;EAN;54,14;1;11;update;0.00;21.00
NMG-1321;5901969412949;EAN;29,19;23;11;update;0.00;21.00
NMG-1572;5901969425437;EAN;25,79;13;11;update;0.00;21.00
AMW584GL;5051794034257;EAN;64,58;18;11;update;0.00;21.00
AMU81AMGL;5051794041743;EAN;25,48;12;11;update;0.00;21.00
AMB581GL;5051794034523;EAN;45,15;4;11;update;0.00;21.00
MUSW-4BSC-01;8716309119061;EAN;17,30;15;11;update;0.00;21.00
NXKROMKICK;8436587971853;EAN;39,86;18;11;update;0.00;21.00
NMY-1651;5901969426212;EAN;15,48;8;11;update;0.00;21.00
570-AAMH;5397063811885;EAN;25,84;3;11;update;0.00;21.00
570-AAIR;5397063763665;EAN;23,45;7;11;update;0.00;21.00
BHR8849GL;6941812792223;EAN;24,85;22;11;update;0.00;21.00
90XB0450-BMU000;4712900660173;EAN;26,32;8;11;update;0.00;21.00
MUSGW-6BL-02;8716309133210;EAN;20,27;8;11;update;0.00;21.00
910-007015;5099206110427;EAN;34,78;45;11;update;0.00;21.00
NMG-2194;5901969444858;EAN;60,27;9;11;update;0.00;21.00
NMY-2272;5901969445879;EAN;27,05;7;11;update;0.00;21.00
SUBMO-EDCUR02;8436586743000;EAN;20,79;13;11;update;0.00;21.00
SUBMO-EDCUR01;8436586742997;EAN;20,79;48;11;update;0.00;21.00
SUBMO-EDGVW02;8436586743062;EAN;31,68;15;11;update;0.00;21.00
SUBMO-EDGVW01;8436586743055;EAN;31,68;5;11;update;0.00;21.00
SUBMO-EDNVW01;8436586743079;EAN;42,71;8;11;update;0.00;21.00
SUBMO-EDGVU02;8436586743048;EAN;24,08;10;11;update;0.00;21.00
NMY-2001;5901969437966;EAN;15,40;3;11;update;0.00;21.00
NMY-2002;5901969437973;EAN;15,37;5;11;update;0.00;21.00
NMY-2188;5901969444797;EAN;15,37;7;11;update;0.00;21.00
NXKROMKLEVERWH;8436587974946;EAN;44,65;3;11;update;0.00;21.00
NXKROMKLEVERBK;8436587974915;EAN;44,65;20;11;update;0.00;21.00
NMG-2189;5901969444803;EAN;34,99;15;11;update;0.00;21.00
NMG-2191;5901969444827;EAN;46,83;13;11;update;0.00;21.00
NMG-2192;5901969444834;EAN;46,79;39;11;update;0.00;21.00
NMG-2090;5901969443400;EAN;72,73;8;11;update;0.00;21.00
BHR8915GL;6941812792995;EAN;20,02;5;11;update;0.00;21.00
MUSG-RAGNAR-RX400;8716309121309;EAN;22,28;3;11;update;0.00;21.00
MUSW-ERGO-03;8716309108997;EAN;22,09;21;11;update;0.00;21.00
4Y50R20864;0192563496083;EAN;28,74;36;11;update;0.00;21.00
4Y50R20863;0192330828895;EAN;21,43;65;11;update;0.00;21.00
4X30M56887;0190940968260;EAN;31,23;17;11;update;0.00;21.00
4Y51J62544;0195892054498;EAN;44,21;12;11;update;0.00;21.00
NMY-2258;5901969445732;EAN;23,39;3;11;update;0.00;21.00
WP-L-11;8716309134200;EAN;22,79;7;11;update;0.00;21.00
INF-55006;8434257011465;EAN;17,93;2;11;update;0.00;21.00
MP-GAME-XL;8716309090995;EAN;17,45;16;11;update;0.00;21.00
MP-GAMEPRO-L;8716309091008;EAN;14,93;3;11;update;0.00;21.00
NXKROMKNTXL;8436532164224;EAN;27,18;10;11;update;0.00;21.00
MP-GAME-L;8716309086196;EAN;15,03;29;11;update;0.00;21.00
MP-GAME-S;8716309086219;EAN;12,08;38;11;update;0.00;21.00
MP-GAMEPRO-XL;8716309094146;EAN;18,18;2;11;update;0.00;21.00
MP-GAME-M;8716309086202;EAN;13,14;6;11;update;0.00;21.00
MP-GAMEPRO-M;8716309091015;EAN;12,85;8;11;update;0.00;21.00
MP-GAMEPRO-S;8716309091022;EAN;12,02;2;11;update;0.00;21.00
NPG-1800;5901969431704;EAN;28,46;18;11;update;0.00;21.00
NPG-1738;5901969431087;EAN;15,35;17;11;update;0.00;21.00
4044951032198;4044951032198;EAN;29,74;1;11;update;0.00;21.00
4044951032204;4044951032204;EAN;30,23;1;11;update;0.00;21.00
NPG-1706;5901969426762;EAN;29,12;15;11;update;0.00;21.00
NPG-0659;5901969400892;EAN;17,47;9;11;update;0.00;21.00
NPG-0658;5901969400885;EAN;15,30;2;11;update;0.00;21.00
NPG-0660;5901969400908;EAN;24,93;13;11;update;0.00;21.00
NPG-0657;5901969400878;EAN;13,61;4;11;update;0.00;21.00
NPG-1346;5901969417210;EAN;18,23;29;11;update;0.00;21.00
NPF-0784;5901969402940;EAN;17,21;86;11;update;0.00;21.00
NPO-1457;5901969420340;EAN;22,19;16;11;update;0.00;21.00
NPF-0783;5901969402933;EAN;16,01;98;11;update;0.00;21.00
NPP-0379;5908257125505;EAN;10,74;98;11;update;0.00;21.00
NPO-1119;5901969410761;EAN;20,79;13;11;update;0.00;21.00
NPG-2099;5901969443721;EAN;15,20;5;11;update;0.00;21.00
NPG-2098;5901969443714;EAN;15,48;12;11;update;0.00;21.00
NPG-2110;5901969443837;EAN;25,77;5;11;update;0.00;21.00
SUBMP-03HP001;8436586742850;EAN;19,71;4;11;update;0.00;21.00
EW3181;8056045875938;EAN;15,81;33;11;update;0.00;21.00
NPO-2087;5901969443370;EAN;13,53;10;11;update;0.00;21.00
NPO-2085;5901969443356;EAN;13,53;32;11;update;0.00;21.00
NPP-2045;5901969439168;EAN;10,69;31;11;update;0.00;21.00
NPG-2044;5901969439151;EAN;24,98;17;11;update;0.00;21.00
NPG-2026;5901969438932;EAN;25,05;6;11;update;0.00;21.00
DRMADKATXL;8436587974236;EAN;39,81;42;11;update;0.00;21.00
MP-GEL-GR;8716309096584;EAN;14,77;11;11;update;0.00;21.00
MP-GEL-BK;8716309101134;EAN;14,77;98;11;update;0.00;21.00
MP-GEL-B;8716309101127;EAN;14,77;38;11;update;0.00;21.00
MP-ERGO-01;8716309114851;EAN;13,14;6;11;update;0.00;21.00
MP-GAMELED-L;8716309110730;EAN;27,65;31;11;update;0.00;21.00
MP-GAMELED-M;8716309110716;EAN;19,89;4;11;update;0.00;21.00
NPP-2039;5901969439083;EAN;11,06;10;11;update;0.00;21.00
SUB-MP-10WAL01;8436586740474;EAN;32,85;2;11;update;0.00;21.00
NPO-2242;5901969445572;EAN;19,77;2;11;update;0.00;21.00
4044951039524;4044951039524;EAN;30,73;4;11;update;0.00;21.00
75261488;4711085947314;EAN;25,97;12;11;update;0.00;21.00
75261489;4711085947321;EAN;25,97;8;11;update;0.00;21.00
MP-S-BK-M;8716309128636;EAN;10,64;98;11;update;0.00;21.00
SUBMP-01PUW07;8436586743673;EAN;19,41;71;11;update;0.00;21.00
SUBMP-01PUW08;8436586743680;EAN;19,41;77;11;update;0.00;21.00
DRMADKATXLP;8436587975790;EAN;39,81;63;11;update;0.00;21.00
DRMADKATXLG;8436587975806;EAN;39,81;87;11;update;0.00;21.00
94C17E9;0197498936819;EAN;215,36;25;11;update;0.00;21.00
27U421A-B;8806096323809;EAN;149,31;75;11;update;0.00;21.00
LS24D302GAUXEN;8806095803067;EAN;128,92;10;11;update;0.00;21.00
VA270-H-2;0766907033236;EAN;123,92;5;11;update;0.00;21.00
LS57CG952NUXEN;8806094972252;EAN;2925,53;11;11;update;0.00;21.00
LS27D302GAUXEN;8806095803036;EAN;149,64;58;11;update;0.00;21.00
20VM0-GS25F2BM-1EUS;4719331866259;EAN;159,22;37;11;update;0.00;21.00
VP3881A;0766907013573;EAN;1739,38;2;11;update;0.00;21.00
20VM0-GS32QCABM-1EUR;4719331863548;EAN;348,89;28;11;update;0.00;21.00
DELL-P2425H;5397184821701;EAN;200,94;7;11;update;0.00;21.00
DELL-P2425HE;5397184821725;EAN;299,15;18;11;update;0.00;21.00
VA220-H;0766907026931;EAN;93,62;98;11;update;0.00;21.00
20VM0-MO34WQ2BT-1EKR;4719331858926;EAN;1124,16;17;11;update;0.00;21.00
LS27D700EAUXEN;8806095541761;EAN;363,45;7;11;update;0.00;21.00
VG2409U-2;0766907028768;EAN;263,68;43;11;update;0.00;21.00
20VM0-FO27Q5PBA-1EKR;4719331867751;EAN;1234,23;1;11;update;0.00;21.00
LS27FG502EUXEN;8806097817796;EAN;383,85;8;11;update;0.00;21.00
VA24E2-H;0766907039252;EAN;104,31;98;11;update;0.00;21.00
27G610A-B;8806096597187;EAN;264,77;21;11;update;0.00;21.00
LS49DG934SUXEN;8806095700656;EAN;1880,17;33;11;update;0.00;21.00
DELL-E2725HM;5397184962442;EAN;165,57;15;11;update;0.00;21.00
29U511A-B;8806096534601;EAN;249,72;3;11;update;0.00;21.00
24G411A-B;8806096571583;EAN;138,09;98;11;update;0.00;21.00
27G411A-B;8806096567449;EAN;151,88;98;11;update;0.00;21.00
GAME-AW2524HF;5397184821374;EAN;758,65;2;11;update;0.00;21.00
DELL-E2225HSM;5397184962411;EAN;128,48;24;11;update;0.00;21.00
DELL-E2425HSM;5397184962435;EAN;152,48;1;11;update;0.00;21.00
22U401A-B;8806096531280;EAN;111,44;26;11;update;0.00;21.00
20VM0-MO27U2BA-1EKR;4719331864095;EAN;1059,55;13;11;update;0.00;21.00
20VM0-GS27F2BT-1EKR;4719331873226;EAN;214,85;92;11;update;0.00;21.00
20VM0-GS25F14BM-1EKS;4719331876821;EAN;143,91;26;11;update;0.00;21.00
20VM0-GS27QXBI-2EKR;4719331855604;EAN;308,52;4;11;update;0.00;21.00
32U721SA-W;8806096446539;EAN;504,52;7;11;update;0.00;21.00
DELL-E2726DS;5397321028833;EAN;239,12;5;11;update;0.00;21.00
DELL-P1425;5397184962565;EAN;314,12;9;11;update;0.00;21.00
LS32CG552EUXEN;8806095337241;EAN;363,45;5;11;update;0.00;21.00
LS27CG552EUXEN;8806095337210;EAN;322,46;6;11;update;0.00;21.00
VA2408-HDJ;0766907025682;EAN;148,23;34;11;update;0.00;21.00
VG2408A;0766907024104;EAN;170,25;21;11;update;0.00;21.00
VG2408A-MHD;0766907024128;EAN;145,58;42;11;update;0.00;21.00
VP2768a;0766907008968;EAN;552,47;4;11;update;0.00;21.00
12NBGAT1E5;0196804766782;EAN;394,99;3;11;update;0.00;21.00
TD3207;0766907010466;EAN;1595,09;2;11;update;0.00;21.00
LS34C652UAUXEN;8806094974751;EAN;658,42;6;11;update;0.00;21.00
LS34C652VAUXEN;8806094974010;EAN;690,25;6;11;update;0.00;21.00
DHI-LM24-P301A-A5;6923172579744;EAN;221,63;16;11;update;0.00;21.00
DHI-LM27-P301A-A5;6923172580283;EAN;248,30;45;11;update;0.00;21.00
DHI-LM27-B201A;6923172525499;EAN;137,48;60;11;update;0.00;21.00
DHI-LM27-B200S-B3-V;6923172582621;EAN;114,27;98;11;update;0.00;21.00
90LM05M1-B0A370;4711081650669;EAN;353,39;1;11;update;0.00;21.00
LS32BG850NPXEN;8806094796582;EAN;1943,01;6;11;update;0.00;21.00
DHI-LM24-C200P;6923172546753;EAN;132,92;23;11;update;0.00;21.00
DHI-LM24-E231;6923172597472;EAN;134,16;23;11;update;0.00;21.00
DHI-LM27-E231;6923172597465;EAN;183,97;3;11;update;0.00;21.00
DHI-LM27-E331A;6923172557216;EAN;316,57;6;11;update;0.00;21.00
DHI-LM32-E331A;6923172557223;EAN;382,87;2;11;update;0.00;21.00
VA3209-MH;0766907017922;EAN;192,34;58;11;update;0.00;21.00
VX2719-PC-MHD;0766907013290;EAN;253,65;2;11;update;0.00;21.00
PIP2700V;8435207807190;EAN;142,45;98;11;update;0.00;21.00
ER7406;8885020622300;EAN;151,15;4;11;update;0.00;21.00
90IG08C0-MO3B00;4711387094037;EAN;219,64;3;11;update;0.00;21.00
RG-EG1510XS;6971693278875;EAN;626,93;4;11;update;0.00;21.00
E60iUGS;4752224009753;EAN;77,17;29;11;update;0.00;21.00
RB1100x4;4752224002662;EAN;301,41;3;11;update;0.00;21.00
RB1100DX4;4752224002648;EAN;393,00;3;11;update;0.00;21.00
RB450Gx4;4752224002754;EAN;115,71;98;11;update;0.00;21.00
RB960PGS;4752224003294;EAN;99,28;56;11;update;0.00;21.00
RG-EG209GS;6971693272385;EAN;137,22;16;11;update;0.00;21.00
RG-EG310GH-P-E;6971693272408;EAN;249,29;4;11;update;0.00;21.00
RG-EG105G V2;6971693271777;EAN;102,64;10;11;update;0.00;21.00
UISP-S-PRO;0810010074386;EAN;479,35;2;11;update;0.00;21.00
FS1006P;6971690790264;EAN;29,53;52;11;update;0.00;21.00
GS1020PS2;6971690791131;EAN;152,10;4;11;update;0.00;21.00
IG1004S2P;6971690792237;EAN;57,21;8;11;update;0.00;21.00
RSGE-24P-2GE-2S-250;5901969438680;EAN;222,07;1;11;update;0.00;21.00
RSGE-24P-2GE-2S-360;5901969438697;EAN;241,07;2;11;update;0.00;21.00
SG3428XF;4897098688212;EAN;700,52;2;11;update;0.00;21.00
GS1100-10HP-EU0102F;4718937621187;EAN;155,12;3;11;update;0.00;21.00
FS105D;6971690790035;EAN;14,79;98;11;update;0.00;21.00
FS108D;6971690790042;EAN;14,97;98;11;update;0.00;21.00
GS108D;6971690790103;EAN;22,78;98;11;update;0.00;21.00
GS108;6971690790554;EAN;23,92;66;11;update;0.00;21.00
DSP2-1005-12V;5901969424164;EAN;24,01;1;11;update;0.00;21.00
DSP2-1008-12V;5901969424171;EAN;31,71;2;11;update;0.00;21.00
RSFE-16P-2C-250;5901969429305;EAN;155,54;3;11;update;0.00;21.00
RSGE-16;5901969429015;EAN;88,11;15;11;update;0.00;21.00
RG-ES05;6971693270015;EAN;19,81;72;11;update;0.00;21.00
RG-ES05G;6971693270039;EAN;26,66;1;11;update;0.00;21.00
RG-ES105GD;6971693270435;EAN;38,14;8;11;update;0.00;21.00
RG-ES116G;6971693270312;EAN;92,68;11;11;update;0.00;21.00
RG-ES124GD;6971693271531;EAN;142,97;17;11;update;0.00;21.00
RG-ES110D-P;6971693271753;EAN;105,33;10;11;update;0.00;21.00
RG-ES110GDS-P;6971693271623;EAN;147,55;17;11;update;0.00;21.00
RG-ES118S-LP;6971693271746;EAN;172,63;8;11;update;0.00;21.00
RG-ES118GS-P;6971693271609;EAN;236,20;3;11;update;0.00;21.00
RG-ES126S-LP V2;6971693272996;EAN;220,35;3;11;update;0.00;21.00
RG-ES216GC;6971693270749;EAN;129,22;2;11;update;0.00;21.00
RG-ES206GC-P;6971693271876;EAN;64,64;65;11;update;0.00;21.00
RG-ES206GS-P;6971693275812;EAN;88,75;25;11;update;0.00;21.00
RG-ES209GC-P;6971693270404;EAN;139,88;15;11;update;0.00;21.00
RG-ES210GS-P;6971693275829;EAN;145,16;15;11;update;0.00;21.00
RG-ES226GC-P;6971693270428;EAN;372,49;19;11;update;0.00;21.00
RG-NBS3100-8GT2SFP-P;6971693270916;EAN;226,21;8;11;update;0.00;21.00
RG-NBS3100-24GT4SFP-P;6971693270756;EAN;403,53;3;11;update;0.00;21.00
90IG08D0-MO3B00;4711387093986;EAN;94,84;2;11;update;0.00;21.00
SG6654XHP;4895252501414;EAN;4064,06;1;11;update;0.00;21.00
RG-ES106D-P-V2;6971693272989;EAN;52,99;18;11;update;0.00;21.00
DH-SF1016;6923172597519;EAN;42,54;51;11;update;0.00;21.00
DH-SF1024;6923172597502;EAN;48,64;98;11;update;0.00;21.00
DH-SG4010-2F;6923172597670;EAN;73,03;20;11;update;0.00;21.00
DH-SG4020;6923172593948;EAN;111,60;19;11;update;0.00;21.00
DH-SG4010P-2F;6923172598592;EAN;110,48;4;11;update;0.00;21.00
DH-CS4006-4GT-60;6923172571144;EAN;61,58;18;11;update;0.00;21.00
DH-CS4010-8GT-110;6923172571151;EAN;117,44;12;11;update;0.00;21.00
SW5000P;9120072375613;EAN;22,63;14;11;update;0.00;21.00
SW5000M;9120072375637;EAN;26,29;44;11;update;0.00;21.00
GS1200-5HPV2-EU0101F;4718937598717;EAN;80,20;5;11;update;0.00;21.00
CRS328-4C-20S-4S+RM;4752224002242;EAN;450,33;1;11;update;0.00;21.00
EP-S16;0810354024283;EAN;679,47;6;11;update;0.00;21.00
CRS112-8P-4S-IN;4752224002105;EAN;211,09;19;11;update;0.00;21.00
LS108G;6935364085452;EAN;33,04;92;11;update;0.00;21.00
LS1008G;6935364085476;EAN;29,34;98;11;update;0.00;21.00
GS1200-8HPV2-EU0101F;4718937600601;EAN;100,91;6;11;update;0.00;21.00
CSS106-5G-1S;5512101496613;EAN;50,88;10;11;update;0.00;21.00
CSS326-24G-2S+RM;5512101517950;EAN;165,20;7;11;update;0.00;21.00
TL-SF1005P;6935364083199;EAN;43,08;2;11;update;0.00;21.00
TL-SG105-M2;6935364052881;EAN;66,37;7;11;update;0.00;21.00
SX3008F;6935364006457;EAN;300,24;1;11;update;0.00;21.00
TL-SF1006P;6935364030933;EAN;49,03;10;11;update;0.00;21.00
TL-SG116E;6935364084301;EAN;88,30;2;11;update;0.00;21.00
RG-ES118GS-P-L;6971693279230;EAN;263,93;9;11;update;0.00;21.00
ES210GMP;8885020620955;EAN;151,15;14;11;update;0.00;21.00
USW-PRO-MAX-24;0810084692738;EAN;533,30;8;11;update;0.00;21.00
RG-NIS2100-8GT2SFP-HP;6976915003457;EAN;243,21;4;11;update;0.00;21.00
RG-ES116G-L;6971693279216;EAN;96,61;8;11;update;0.00;21.00
RG-ES220GS-P;6971693278660;EAN;317,65;9;11;update;0.00;21.00
LS1210GP;4895252504569;EAN;73,12;5;11;update;0.00;21.00
USW-PRO-XG-10-POE;0810177160137;EAN;847,97;1;11;update;0.00;21.00
USW-WAN;0810177160113;EAN;296,39;2;11;update;0.00;21.00
USW-WAN-RJ45;0810177160120;EAN;296,39;1;11;update;0.00;21.00
RG-NBS3200-24GT4XS-P-V2;6976915003389;EAN;523,65;2;11;update;0.00;21.00
USW-PRO-XG-48;0810177160755;EAN;2206,37;1;11;update;0.00;21.00
CRS418-8P-8G-2S+5axQ2axQ-RM;4752224005175;EAN;507,11;1;11;update;0.00;21.00
RG-NBS3100-24GT4SFP-V2;6971693278721;EAN;231,77;3;11;update;0.00;21.00
RG-ES216GC-V2;6971693278714;EAN;142,15;6;11;update;0.00;21.00
RG-ES126FGS-LP;6971693279193;EAN;249,22;7;11;update;0.00;21.00
RG-ES126FGS-P;6971693279100;EAN;303,35;7;11;update;0.00;21.00
RG-ES110FG-P;6971693279070;EAN;118,88;16;11;update;0.00;21.00
RG-ES106F-P;6971693279056;EAN;60,68;16;11;update;0.00;21.00
RG-NIS2100-4GT2SFP-HP;6976915001491;EAN;167,94;4;11;update;0.00;21.00
RG-ES220GS-LP;6976915007530;EAN;213,92;13;11;update;0.00;21.00
RG-ES228GS-LP;6976915002818;EAN;309,94;10;11;update;0.00;21.00
RG-ES206MG-P;6976915003303;EAN;143,12;15;11;update;0.00;21.00
RG-ES209MG-P;6976915003327;EAN;193,54;7;11;update;0.00;21.00
RG-EST350G;6976915002658;EAN;208,67;7;11;update;0.00;21.00
AF-11;0810010071620;EAN;1177,94;2;11;update;0.00;21.00
AF60-XR;0810010076106;EAN;1376,74;1;11;update;0.00;21.00
RBwAPR-2nD&R11e-LR8G;4752224009746;EAN;150,20;15;11;update;0.00;21.00
RB924iR-2nD-BT5&BG77&R11e-LR9;4752224007865;EAN;206,46;11;11;update;0.00;21.00
UXG-PRO;0810010073525;EAN;577,04;3;11;update;0.00;21.00
90IG0880-MO3C00;4711387003442;EAN;150,50;8;11;update;0.00;21.00
RG-RAP1200P;6971693271449;EAN;85,00;21;11;update;0.00;21.00
RG-RAP2200E;6971693271401;EAN;109,03;15;11;update;0.00;21.00
RG-RAP2260G;6971693271838;EAN;135,85;51;11;update;0.00;21.00
RG-RAP6202 G;6971693272545;EAN;168,16;5;11;update;0.00;21.00
RG-RAP6260G;6971693272187;EAN;277,13;13;11;update;0.00;21.00
RG-EST310-V2;6971693272279;EAN;155,87;5;11;update;0.00;21.00
EAP615GP-WALL;8885020620528;EAN;142,30;24;11;update;0.00;21.00
RG-RAP1201;6971693275706;EAN;78,37;16;11;update;0.00;21.00
RG-RAP1260;6971693274860;EAN;123,66;46;11;update;0.00;21.00
RG-RAP2266;6971693278189;EAN;126,89;79;11;update;0.00;21.00
RG-EST100-E;6971693275775;EAN;63,74;9;11;update;0.00;21.00
EAP773;4895252506501;EAN;294,72;1;11;update;0.00;21.00
U6-ENTERPRISE-IW;0810010077523;EAN;373,59;23;11;update;0.00;21.00
UAP-FlexHD;0817882029667;EAN;214,24;13;11;update;0.00;21.00
BulletAC-IP67;0817882025683;EAN;153,67;10;11;update;0.00;21.00
RBCAPL-2ND;5512101515079;EAN;39,99;15;11;update;0.00;21.00
UAP-AC-M-5;0817882020565;EAN;529,94;1;11;update;0.00;21.00
RB951Ui-2HnD;2610000003284;EAN;75,23;1;11;update;0.00;21.00
RB941-2nD-TC;4752224003089;EAN;35,19;6;11;update;0.00;21.00
EAP115-Wall;6935364093457;EAN;42,25;21;11;update;0.00;21.00
RP-5AC-GEN2;0817882020268;EAN;267,83;2;11;update;0.00;21.00
EAP670;4897098687154;EAN;191,17;8;11;update;0.00;21.00
RB912R-2nD-LTm;4752224000637;EAN;107,72;23;11;update;0.00;21.00
EAP620 HD;4897098687765;EAN;168,25;1;11;update;0.00;21.00
EAP625-OUTDOOR HD;4895252506327;EAN;239,77;2;11;update;0.00;21.00
RG-RAP73PRO;6976915001484;EAN;221,07;34;11;update;0.00;21.00
RG-RAP2260E;6971693272101;EAN;217,95;18;11;update;0.00;21.00
RG-RAP52-OD;6971693277519;EAN;126,51;36;11;update;0.00;21.00
TL-WA1801;4895252502022;EAN;112,19;1;11;update;0.00;21.00
RG-RAP72;6976915004218;EAN;150,29;64;11;update;0.00;21.00
RG-RAP72-WALL;6976915002290;EAN;187,64;18;11;update;0.00;21.00
RG-RAP72PRO-OD;6976915002269;EAN;225,46;2;11;update;0.00;21.00
RG-RAP62-Wall-lite;6976915004645;EAN;122,17;18;11;update;0.00;21.00
TED416G3200c22BK;0765441647794;EAN;161,43;35;11;update;0.00;21.00
TED432G3200C2201;0765441649538;EAN;319,90;1;11;update;0.00;21.00
TED416G3200C22-S01;0765441651715;EAN;144,84;78;11;update;0.00;21.00
TED432G3200C22-S01;0765441651708;EAN;237,54;81;11;update;0.00;21.00
TPD416G3200HC2201;0765441648371;EAN;169,97;1;11;update;0.00;21.00
KF432C16BB2A/8;0740617337549;EAN;100,18;17;11;update;0.00;21.00
TTCED432G3600HC18JDC01;0765441654792;EAN;330,36;13;11;update;0.00;21.00
CMK16GX5M2E6000Z36;0840440426332;EAN;303,81;2;11;update;0.00;21.00
CMK32GX5M2B6000C30;0840006671350;EAN;626,06;3;11;update;0.00;21.00
KVR32N22S8/16;0740617310863;EAN;185,32;6;11;update;0.00;21.00
KF432C16BB1/16;0740617319880;EAN;199,84;11;11;update;0.00;21.00
KF432C16BBK2/16;0740617319903;EAN;192,35;11;11;update;0.00;21.00
KVR32N22S6/4;0740617296075;EAN;57,89;2;11;update;0.00;21.00
KVR32S22S6/8;0740617310887;EAN;89,53;15;11;update;0.00;21.00
KVR32S22S8/16;0740617310894;EAN;161,95;30;11;update;0.00;21.00
KVR16N11/8;0740617206937;EAN;77,36;3;11;update;0.00;21.00
CT8G56C46U5;0649528929723;EAN;636,61;9;11;update;0.00;21.00
KVR56S46BS8-16;0740617334050;EAN;273,45;1;11;update;0.00;21.00
EP-54V-150W-DC;0810354025730;EAN;92,17;11;11;update;0.00;21.00
RG-NIS-PA120-54;6976915002207;EAN;65,50;10;11;update;0.00;21.00
GP-AORUS WATERFORCE X II 240;4719331553944;EAN;236,54;62;11;update;0.00;21.00
75261587;4711085949882;EAN;139,72;48;11;update;0.00;21.00
75261588;4711085949899;EAN;139,72;23;11;update;0.00;21.00
LDCR10004;8436545693834;EAN;102,45;9;11;update;0.00;21.00
LDCR10003;8436545693827;EAN;105,18;2;11;update;0.00;21.00
NGF-2263;5901969445787;EAN;17,28;21;11;update;0.00;21.00
NGF-2265;5901969445800;EAN;30,87;1;11;update;0.00;21.00
NGF-2266;5901969445817;EAN;32,08;1;11;update;0.00;21.00
NXHUMMERVFAN;8436587975516;EAN;23,27;12;11;update;0.00;21.00
NLG-2319;5901969449365;EAN;93,25;4;11;update;0.00;21.00
NLG-2318;5901969449358;EAN;87,23;1;11;update;0.00;21.00
NLG-2321;5901969449389;EAN;111,24;3;11;update;0.00;21.00
NLG-2320;5901969449372;EAN;105,22;3;11;update;0.00;21.00
CPUH10004;8436545693896;EAN;54,37;8;11;update;0.00;21.00
0-761345-40049-7;0761345400497;EAN;40,61;8;11;update;0.00;21.00
0-761345-40033-6;0761345400336;EAN;38,75;4;11;update;0.00;21.00
0-761345-40059-6;0761345400596;EAN;115,38;9;11;update;0.00;21.00
0-761345-40060-2;0761345400602;EAN;46,90;15;11;update;0.00;21.00
0-761345-40061-9;0761345400619;EAN;48,77;6;11;update;0.00;21.00
0-761345-40050-3;0761345400503;EAN;45,30;1;11;update;0.00;21.00
0-761345-40052-7;0761345400527;EAN;43,16;7;11;update;0.00;21.00
4044951042005;4044951042005;EAN;41,48;3;11;update;0.00;21.00
4044951042050;4044951042050;EAN;73,75;1;11;update;0.00;21.00
GP-AORUS WATERFORCEX II 360I;4719331553968;EAN;268,19;13;11;update;0.00;21.00
306-7ZWCA11-L80;4711377273763;EAN;92,44;21;11;update;0.00;21.00
306-7ZW7A21-C24;4711377233194;EAN;122,46;27;11;update;0.00;21.00
CL-F173-PL12SW-A;4711475641464;EAN;36,97;1;11;update;0.00;21.00
CL-F175-PL12SW-A;4711475641488;EAN;36,98;2;11;update;0.00;21.00
CL-F181-PL12SW-A;4711475641341;EAN;73,93;2;11;update;0.00;21.00
CL-F196-PL12BU-A;4711475644632;EAN;62,33;6;11;update;0.00;21.00
CL-F196-PL12MG-A;4711475644656;EAN;62,33;6;11;update;0.00;21.00
CL-F198-PL12BU-A;4711475644717;EAN;66,64;1;11;update;0.00;21.00
CL-F200-PL12BU-A;4711475644755;EAN;36,98;2;11;update;0.00;21.00
CL-F200-PL12MG-A;4711475644779;EAN;36,98;2;11;update;0.00;21.00
CL-F202-PL12BU-A;4711475644793;EAN;36,97;3;11;update;0.00;21.00
CL-F176-PL14SW-A;4711475641495;EAN;39,65;4;11;update;0.00;21.00
CL-F182-PL14SW-A;4711475641358;EAN;79,32;12;11;update;0.00;21.00
CL-F195-PL14SW-A;4711475644700;EAN;71,45;1;11;update;0.00;21.00
75261486;4711085947093;EAN;40,36;77;11;update;0.00;21.00
75261454;4711085946614;EAN;38,74;46;11;update;0.00;21.00
75261455;4711085946621;EAN;38,74;31;11;update;0.00;21.00
75261290;4711085944078;EAN;13,31;80;11;update;0.00;21.00
NXHUMMERH903;8436587974953;EAN;30,90;23;11;update;0.00;21.00
BK036;4260052190746;EAN;121,00;98;11;update;0.00;21.00
BK037;4260052190753;EAN;153,92;25;11;update;0.00;21.00
NXHUMMERX240LCDWH;8436587975073;EAN;209,11;3;11;update;0.00;21.00
NXHUMMERH200LCD;8436587976230;EAN;52,70;8;11;update;0.00;21.00
NXHUMMERH200ARGB;8436587976223;EAN;45,06;12;11;update;0.00;21.00
NXHUMMERM360LCDWH;8436587976278;EAN;124,49;5;11;update;0.00;21.00
306-7ZWHA21-L80;4711377345750;EAN;51,52;27;11;update;0.00;21.00
0-761345-40064-0;0761345400640;EAN;276,89;2;11;update;0.00;21.00
NXHUMMERPROLINKBK;8436587976254;EAN;41,79;2;11;update;0.00;21.00
NXHUMMERPROLINKWH;8436587976261;EAN;41,79;1;11;update;0.00;21.00
28400-AW236I-2CWR;4719331553906;EAN;159,75;3;11;update;0.00;21.00
28400-GM24I-1CWR;4719331555863;EAN;113,49;6;11;update;0.00;21.00
BW027EU;4260052193167;EAN;104,20;16;11;update;0.00;21.00
BK047;4260052193150;EAN;39,40;19;11;update;0.00;21.00
BW030EU;4260052193198;EAN;119,29;14;11;update;0.00;21.00
BW031EU;4260052193204;EAN;145,06;7;11;update;0.00;21.00
BK043;4260052192528;EAN;77,04;26;11;update;0.00;21.00
BK040;4260052192498;EAN;53,26;39;11;update;0.00;21.00
NXHUMMERR400WH;8436587975707;EAN;36,35;14;11;update;0.00;21.00
NXHUMMERR400ARGBBK;8436587975714;EAN;37,43;11;11;update;0.00;21.00
NXHUMMERR400ARGBWH;8436587975721;EAN;37,43;5;11;update;0.00;21.00
ALPHA2 A24 White;8809213764592;EAN;99,11;5;11;update;0.00;21.00
ALPHA2 A36 Black;8809213764981;EAN;112,48;15;11;update;0.00;21.00
ALPHA2 A36 White;8809213764998;EAN;118,18;11;11;update;0.00;21.00
ALPHA2 DS A24 Black;8800263650224;EAN;155,28;23;11;update;0.00;21.00
ALPHA2 DS A24 White;8800263650231;EAN;160,46;16;11;update;0.00;21.00
ALPHA2 DS A36 Black;8800263650248;EAN;156,69;9;11;update;0.00;21.00
ALPHA2 DS A36 White;8800263650255;EAN;162,06;19;11;update;0.00;21.00
CNPS9X PERFORMA PLUS ARGB BLACK;8800263650019;EAN;38,36;38;11;update;0.00;21.00
CNPS10X Performa White;8809213762833;EAN;58,59;2;11;update;0.00;21.00
CNPS13X DS BLACK;8809213764370;EAN;62,05;17;11;update;0.00;21.00
ZM-AF120R ARGB WHITE;8800263650286;EAN;16,89;37;11;update;0.00;21.00
0-761345-40065-7;0761345400657;EAN;88,72;4;11;update;0.00;21.00
0-761345-40066-4;0761345400664;EAN;97,85;9;11;update;0.00;21.00
ALPHA2 SE A36 White;8800263650897;EAN;81,19;10;11;update;0.00;21.00
ZM-DF120 BLACK;8800263650927;EAN;25,25;53;11;update;0.00;21.00
ALPHA2 SE A24 Black;8800263650866;EAN;74,97;17;11;update;0.00;21.00
ALPHA2 SE A24 White;8800263650873;EAN;76,76;22;11;update;0.00;21.00
ZET5 BLACK;8800263650538;EAN;81,91;38;11;update;0.00;21.00
ZET5 WHITE;8800263650545;EAN;82,99;20;11;update;0.00;21.00
306-7ZWGA11-L80;4711377321310;EAN;216,70;24;11;update;0.00;21.00
ZM-DF120 A3 BLACK;8800263650934;EAN;54,76;17;11;update;0.00;21.00
ZM-DF120 WHITE;8800263650941;EAN;25,25;58;11;update;0.00;21.00
ZM-DF120 A3 WHITE;8800263650958;EAN;54,76;18;11;update;0.00;21.00
ZM-DF120R BLACK;8800263651023;EAN;25,63;58;11;update;0.00;21.00
ZM-DF120R A3 BLACK;8800263651030;EAN;54,76;18;11;update;0.00;21.00
ZM-DF120R WHITE;8800263651047;EAN;25,63;58;11;update;0.00;21.00
ZM-DF120R A3 WHITE;8800263651054;EAN;54,76;18;11;update;0.00;21.00
75261750;4711658152930;EAN;40,69;32;11;update;0.00;21.00
CNPS9X ECO DS;8800263650705;EAN;35,63;27;11;update;0.00;21.00
NXHUMMERXFAN;8436587970641;EAN;21,10;2;11;update;0.00;21.00
NXHUMMERSFAN;8436587970214;EAN;21,10;4;11;update;0.00;21.00
4044951028924;4044951028924;EAN;22,40;6;11;update;0.00;21.00
NXHUMMERF120LG;8436532164583;EAN;15,26;2;11;update;0.00;21.00
4044951035342;4044951035342;EAN;18,20;1;11;update;0.00;21.00
0-761345-10913-0;0761345109130;EAN;35,42;51;11;update;0.00;21.00
306-7ZW1B41-813;4719072864071;EAN;143,34;2;11;update;0.00;21.00
NXHUMMERHFANPROWN;8436587972348;EAN;18,48;4;11;update;0.00;21.00
CPUH10000;8436545692929;EAN;40,07;66;11;update;0.00;21.00
CL-F170-PL14SW-A;4713227539388;EAN;90,91;4;11;update;0.00;21.00
CL-W361-PL12SW-A;0841163087909;EAN;117,49;47;11;update;0.00;21.00
75260188;4710273779614;EAN;26,46;22;11;update;0.00;21.00
75261295;4711085941282;EAN;165,77;5;11;update;0.00;21.00
306-7ZW5E27-C24;4711377124140;EAN;149,98;23;11;update;0.00;21.00
NXHUMMERELINKWH;8436587974656;EAN;23,27;7;11;update;0.00;21.00
NGF-2042;5901969439137;EAN;13,74;41;11;update;0.00;21.00
CPUH10002;8436545693308;EAN;72,35;10;11;update;0.00;21.00
CPU-HURACAN-X30;8716309123907;EAN;19,17;8;11;update;0.00;21.00
NXHUMMEREASYLINKBK;8436587973949;EAN;58,14;1;11;update;0.00;21.00
EW1529;8052101433685;EAN;77,01;3;11;update;0.00;21.00
DT27TSR-287;8435739901458;EAN;46,21;1;11;update;0.00;21.00
DT32TSR-283;8435739901434;EAN;29,21;2;11;update;0.00;21.00
DT32TSR-285;8435739901441;EAN;37,69;1;11;update;0.00;21.00
DT32TSR-297;8435739901663;EAN;76,59;2;11;update;0.00;21.00
WT42TSL-273;8435739901380;EAN;17,74;11;11;update;0.00;21.00
MA-WA1-02;8716309126113;EAN;43,38;8;11;update;0.00;21.00
DT32TSR-357;8435739902868;EAN;46,76;2;11;update;0.00;21.00
TQMR081;8433281015647;EAN;19,19;15;11;update;0.00;21.00
DB1733TNR-B;8433281016484;EAN;31,92;6;11;update;0.00;21.00
DB1533TNR-B;8433281016477;EAN;49,39;1;11;update;0.00;21.00
DB1130TN-B;8433281017009;EAN;23,27;1;11;update;0.00;21.00
DB1532TNR-B;8433281016460;EAN;35,97;1;11;update;0.00;21.00
WT55TSE-057;8436574704266;EAN;22,43;3;11;update;0.00;21.00
MR01C-109;8436574706048;EAN;22,99;1;11;update;0.00;21.00
MA-D1-01;8716309126069;EAN;27,66;33;11;update;0.00;21.00
MA-WA1-01;8716309106887;EAN;35,06;6;11;update;0.00;21.00
MS-TABLE-01;8716309126205;EAN;20,84;19;11;update;0.00;21.00
MS-TABLE-02;8716309126212;EAN;20,54;4;11;update;0.00;21.00
DB1701TN-B;8433281012011;EAN;35,26;1;11;update;0.00;21.00
DB1702TN-B;8433281012028;EAN;44,26;2;11;update;0.00;21.00
MA-D1-02;8716309127561;EAN;24,23;13;11;update;0.00;21.00
MA-D2-03;8716309128155;EAN;37,44;13;11;update;0.00;21.00
MA-DA1-05;8716309127707;EAN;38,36;6;11;update;0.00;21.00
MA-DA-03;8716309126083;EAN;48,35;15;11;update;0.00;21.00
MS-D1-01;8716309127622;EAN;49,03;2;11;update;0.00;21.00
MS-TABLE-03;8716309127769;EAN;21,71;15;11;update;0.00;21.00
EW1268;8052101430547;EAN;43,71;3;11;update;0.00;21.00
MA-DA2-02;8716309126106;EAN;57,52;2;11;update;0.00;21.00
MA-DA2P-01;8716309126144;EAN;80,97;44;11;update;0.00;21.00
MA-DA-04;8716309127721;EAN;84,32;3;11;update;0.00;21.00
MS-D2-01;8716309127639;EAN;73,89;1;11;update;0.00;21.00
DB5132TNR-B;8433281013711;EAN;58,46;7;11;update;0.00;21.00
EW1546;8052101431513;EAN;42,42;2;11;update;0.00;21.00
EW1280;8056045871350;EAN;37,16;1;11;update;0.00;21.00
EW1510;8054392610295;EAN;31,87;4;11;update;0.00;21.00
EW1512;8054392610301;EAN;36,88;10;11;update;0.00;21.00
DB1232TN-B;8433281008069;EAN;41,72;10;11;update;0.00;21.00
DB1032TN-B;8433281008052;EAN;35,44;2;11;update;0.00;21.00
DB1127TN-B;8433281009721;EAN;35,39;12;11;update;0.00;21.00
DB1200TN-B;8433281010338;EAN;54,80;9;11;update;0.00;21.00
DB4032TNR-G;8433281010666;EAN;40,78;3;11;update;0.00;21.00
DB4132TNR-G;8433281011809;EAN;61,83;6;11;update;0.00;21.00
YD3000C6FHSBX;0730143315715;EAN;47,23;11;11;update;0.00;21.00
100-100001236SBX;0730143317696;EAN;301,29;2;11;update;0.00;21.00
BX80768250K;5032037284738;EAN;269,61;27;11;update;0.00;21.00
BX80768250KF;5032037284745;EAN;262,13;48;11;update;0.00;21.00
BX8071514900F;5032037279215;EAN;641,80;34;11;update;0.00;21.00
100-100000031BOX;0730143309936;EAN;263,22;4;11;update;0.00;21.00
100-100000022BOX;0730143309912;EAN;320,29;2;11;update;0.00;21.00
EW7001;8054392610332;EAN;10,86;18;11;update;0.00;21.00
MPC01-055;8436574704082;EAN;11,89;28;11;update;0.00;21.00
U-PRO-MP;0817882023658;EAN;17,72;46;11;update;0.00;21.00
TCCH0007-B;8433281010093;EAN;11,83;46;11;update;0.00;21.00
SUBMP-04E010;8436586743185;EAN;25,99;11;11;update;0.00;21.00
SUBMP-04E021;8436586743222;EAN;26,27;16;11;update;0.00;21.00
SUBMP-04E020;8436586743215;EAN;26,27;19;11;update;0.00;21.00
NPT-1580;5901969425512;EAN;9,80;47;11;update;0.00;21.00
NPT-1581;5901969425529;EAN;12,15;31;11;update;0.00;21.00
TG-1;8436532170706;EAN;14,86;18;11;update;0.00;21.00
TG-G3.0-01;8716309083133;EAN;11,28;73;11;update;0.00;21.00
TG-G1.5-01;8716309083126;EAN;10,42;98;11;update;0.00;21.00
NXHUMMERTT1;8436532169717;EAN;16,91;17;11;update;0.00;21.00
NTG-2330;5901969449471;EAN;18,62;11;11;update;0.00;21.00
NTG-2328;5901969449457;EAN;13,54;96;11;update;0.00;21.00
NTG-2329;5901969449464;EAN;15,50;28;11;update;0.00;21.00
UMCS0004-B;8433281009493;EAN;24,12;9;11;update;0.00;21.00
MPC05-205;8436574709339;EAN;17,52;21;11;update;0.00;21.00
MPC06-207;8436574709346;EAN;23,42;1;11;update;0.00;21.00
EW1290;8054392610424;EAN;23,77;8;11;update;0.00;21.00
EW1291;8054392619441;EAN;25,94;2;11;update;0.00;21.00
EW1293;8054392619458;EAN;33,98;13;11;update;0.00;21.00
TQMUD01;8433281013407;EAN;31,97;3;11;update;0.00;21.00
NXHUMMERSHIELDINT;8436587975608;EAN;18,86;7;11;update;0.00;21.00
S-RJ01;4752224005090;EAN;37,66;16;11;update;0.00;21.00
4G+ROUTER1200;9120072372599;EAN;127,80;44;11;update;0.00;21.00
4GROUTER350M;9120072375446;EAN;51,42;4;11;update;0.00;21.00
MT110;6957939001254;EAN;154,45;24;11;update;0.00;21.00
4GROUTER360;9120137871043;EAN;62,85;3;11;update;0.00;21.00
4G+MIFI900;9120072379635;EAN;100,91;6;11;update;0.00;21.00
4G+MIFI900D;9120072379642;EAN;109,51;23;11;update;0.00;21.00
5GMIFIAX1800;9120072379758;EAN;287,91;4;11;update;0.00;21.00
MT115;6957939004057;EAN;57,00;28;11;update;0.00;21.00
SM311LS;6935364030216;EAN;29,43;2;11;update;0.00;21.00
S+RJ10;4752224005106;EAN;74,24;3;11;update;0.00;21.00
RG-MINI-GBIC-SXMM850;6971693278004;EAN;46,13;51;11;update;0.00;21.00
RG-MINI-GBIC-LXSM1310;6971693278011;EAN;50,82;82;11;update;0.00;21.00
XG-SFP-SR-MM850;6971693278028;EAN;88,97;8;11;update;0.00;21.00
DS-PMA-C+;4897098687505;EAN;73,45;5;11;update;0.00;21.00
RG-NIS-GE-SFP-550M-MM850;6971693276758;EAN;48,64;4;11;update;0.00;21.00
RG-NIS-GE-SFP-10KM-SM1310;6971693276765;EAN;53,11;7;11;update;0.00;21.00
ISM311LM;1210002601979;EAN;34,30;15;11;update;0.00;21.00
ISM321A-20;1210002601993;EAN;37,47;18;11;update;0.00;21.00
RE780X;8885020620733;EAN;122,91;11;11;update;0.00;21.00
TL-PA7027P KIT;6935364052577;EAN;101,79;98;11;update;0.00;21.00
TL-WPA4221 KIT;6935364084103;EAN;79,56;98;11;update;0.00;21.00
TL-WPA4220;6935364032241;EAN;64,56;23;11;update;0.00;21.00
POWERL600DUOEUV2;9120072375217;EAN;46,82;23;11;update;0.00;21.00
POWERLWF600DUOMINI;9120072375705;EAN;56,63;31;11;update;0.00;21.00
POWERLWF1000DUOMINI;9120072375729;EAN;78,29;13;11;update;0.00;21.00
TL-WPA7617;4897098687659;EAN;69,91;22;11;update;0.00;21.00
RE1800;6971690791872;EAN;52,85;98;11;update;0.00;21.00
VJB-305;1210002610704;EAN;85,70;14;11;update;0.00;21.00
OK1-0002-W;5901969416749;EAN;10,08;18;11;update;0.00;21.00
PLC-6SL1-S;5901969439496;EAN;11,31;3;11;update;0.00;21.00
PLC-6UL1-B;5901969439489;EAN;10,83;8;11;update;0.00;21.00
ARCHER BE550;4895252500141;EAN;308,76;12;11;update;0.00;21.00
90IG0850-MO9A0V;4711387382639;EAN;626,75;5;11;update;0.00;21.00
90IG08W0-MO9A0V;4711387581452;EAN;303,14;5;11;update;0.00;21.00
ROUTERBE3600 WIFI7;9120072379727;EAN;96,13;9;11;update;0.00;21.00
RG-EW6000GX;6976915003273;EAN;147,78;4;11;update;0.00;21.00
RG-EW3000GX PRO;6971693275799;EAN;113,25;6;11;update;0.00;21.00
RG-EW7200BE PRO;6976915002306;EAN;231,51;2;11;update;0.00;21.00
ARCHER MX700;1210002608022;EAN;162,11;80;11;update;0.00;21.00
L41G-2AXD;4752224008480;EAN;66,83;12;11;update;0.00;21.00
RG-EW3000GX;6976915001736;EAN;78,75;2;11;update;0.00;21.00
UF-WiFi;0817882028561;EAN;93,68;7;11;update;0.00;21.00
WR3000;6971690792831;EAN;45,77;8;11;update;0.00;21.00
XX230v;4897098685570;EAN;79,90;42;11;update;0.00;21.00
RG-EG105GW T;6971693272958;EAN;125,45;14;11;update;0.00;21.00
RG-M32;6971693274648;EAN;186,64;1;11;update;0.00;21.00
RG-EW300 PRO;6971693272293;EAN;30,04;5;11;update;0.00;21.00
RG-EW1200G PRO;6971693271425;EAN;50,78;11;11;update;0.00;21.00
RG-EW1200;6971693271456;EAN;35,24;9;11;update;0.00;21.00
RG-M32 2 PACK;6971693274655;EAN;273,25;28;11;update;0.00;21.00
4GROUTER300M;9120072372582;EAN;65,18;19;11;update;0.00;21.00
KSU6-3000;5901969415971;EAN;10,17;98;11;update;0.00;21.00
KSF6-1000;5901969415896;EAN;11,29;98;11;update;0.00;21.00
KSU6-1000;5901969415841;EAN;10,28;98;11;update;0.00;21.00
KSU6-1090;5901969415827;EAN;10,14;98;11;update;0.00;21.00
KSU5-2000;5901969415902;EAN;10,37;18;11;update;0.00;21.00
KSUA-1000;5901969415957;EAN;10,23;32;11;update;0.00;21.00
WPC-KEY-6AUP-TL/Y;8054392615467;EAN;10,88;10;11;update;0.00;21.00
KSF7-2000;5901969428360;EAN;12,46;98;11;update;0.00;21.00
KSU6-2000;5901969415919;EAN;11,02;98;11;update;0.00;21.00
KSUA-2000;5901969415926;EAN;10,73;92;11;update;0.00;21.00
KSF6-3090;5901969424218;EAN;11,17;38;11;update;0.00;21.00
KSF6-3000;5901969415995;EAN;10,83;59;11;update;0.00;21.00
KSF6-4000;5901969439533;EAN;11,58;41;11;update;0.00;21.00
KSF8-4000;5901969439557;EAN;14,98;40;11;update;0.00;21.00
RB912UAG-2HPnD;4752224000712;EAN;88,12;15;11;update;0.00;21.00
90IG0960-MO3C40;4711387580943;EAN;330,30;13;11;update;0.00;21.00
Halo H80X 3-Pack;6957939000820;EAN;148,65;82;11;update;0.00;21.00
DECO X50-OUTDOOR 1-PACK;4897098688564;EAN;126,21;61;11;update;0.00;21.00
DVB4475GL;6941948703988;EAN;116,00;2;11;update;0.00;21.00
M1800 2-PACK;6971690791629;EAN;98,40;17;11;update;0.00;21.00
DECO S7 2-PACK;6935364073039;EAN;154,16;3;11;update;0.00;21.00
MESHKITAX3000;9120072373985;EAN;149,50;4;11;update;0.00;21.00
HALO H32G 2-PACK;6957939001551;EAN;64,01;8;11;update;0.00;21.00
DECO X55 3-PACK;4897098683019;EAN;290,64;94;11;update;0.00;21.00
MESHTRI1200EUV2;9120072375460;EAN;109,87;16;11;update;0.00;21.00
MESHTRIAX3000;9120072375194;EAN;210,32;6;11;update;0.00;21.00
RG-EW1200R;6971693272453;EAN;50,06;13;11;update;0.00;21.00
DECO X20 2-PACK;6935364052287;EAN;211,33;8;11;update;0.00;21.00
DECO M5 1-PACK;6935364080822;EAN;105,75;16;11;update;0.00;21.00
DECO P9 2-PACK;6935364088613;EAN;184,38;98;11;update;0.00;21.00
AWH025GL;5051794025040;EAN;20,44;17;11;update;0.00;21.00
